ISO-10303-21;
HEADER;
FILE_DESCRIPTION((''),'2;1');
FILE_NAME('ASPE2025KC_ASM','2025-08-12T14:27:55',('tseawri'),
('KLA-Tencor Corp.'),'CREO PARAMETRIC BY PTC INC, 2024153',
'CREO PARAMETRIC BY PTC INC, 2024153','');
FILE_SCHEMA(('AUTOMOTIVE_DESIGN { 1 0 10303 214 1 1 1 1 }'));
ENDSEC;
DATA;
#43=CARTESIAN_POINT('',(0.E0,0.E0,0.E0));
#44=DIRECTION('',(1.E0,0.E0,0.E0));
#45=DIRECTION('',(0.E0,1.E0,0.E0));
#46=AXIS2_PLACEMENT_3D('',#43,#44,#45);
#47=PLANE('ASM_RIGHT',#46);
#48=CARTESIAN_POINT('',(0.E0,0.E0,0.E0));
#49=DIRECTION('',(0.E0,1.E0,0.E0));
#50=DIRECTION('',(0.E0,0.E0,1.E0));
#51=AXIS2_PLACEMENT_3D('',#48,#49,#50);
#52=PLANE('ASM_TOP',#51);
#53=CARTESIAN_POINT('',(0.E0,0.E0,0.E0));
#54=DIRECTION('',(0.E0,0.E0,1.E0));
#55=DIRECTION('',(1.E0,0.E0,0.E0));
#56=AXIS2_PLACEMENT_3D('',#53,#54,#55);
#57=PLANE('ASM_FRONT',#56);
#58=CARTESIAN_POINT('',(0.E0,0.E0,0.E0));
#59=DIRECTION('',(0.E0,0.E0,1.E0));
#60=DIRECTION('',(1.E0,0.E0,0.E0));
#61=AXIS2_PLACEMENT_3D('ASM_DEF_CSYS',#58,#59,#60);
#62=DRAUGHTING_PRE_DEFINED_CURVE_FONT('continuous');
#63=CURVE_STYLE('',#62,POSITIVE_LENGTH_MEASURE(2.E-2),#15);
#64=PRESENTATION_STYLE_ASSIGNMENT((#63));
#65=STYLED_ITEM('',(#64),#61);
#69=CARTESIAN_POINT('',(-1.742842505793E1,2.77E1,0.E0));
#70=DIRECTION('',(0.E0,0.E0,-1.E0));
#71=DIRECTION('',(9.682458365519E-1,-2.5E-1,0.E0));
#72=AXIS2_PLACEMENT_3D('',#69,#70,#71);
#74=CURVE_STYLE('',#62,POSITIVE_LENGTH_MEASURE(2.E-2),#41);
#75=PRESENTATION_STYLE_ASSIGNMENT((#74));
#76=STYLED_ITEM('',(#75),#73);
#77=CARTESIAN_POINT('',(-1.445E1,1.504579183930E1,0.E0));
#78=DIRECTION('',(0.E0,0.E0,1.E0));
#79=DIRECTION('',(-2.291096198410E-1,9.734006277460E-1,0.E0));
#80=AXIS2_PLACEMENT_3D('',#77,#78,#79);
#82=CURVE_STYLE('',#62,POSITIVE_LENGTH_MEASURE(2.E-2),#41);
#83=PRESENTATION_STYLE_ASSIGNMENT((#82));
#84=STYLED_ITEM('',(#83),#81);
#85=DIRECTION('',(-1.963786705115E-12,-1.E0,1.963851947865E-12));
#86=VECTOR('',#85,2.949579181297E1);
#87=CARTESIAN_POINT('',(-1.694999999958E1,1.504579182923E1,
-4.162359161045E-10));
#88=LINE('',#87,#86);
#89=CURVE_STYLE('',#62,POSITIVE_LENGTH_MEASURE(2.E-2),#41);
#90=PRESENTATION_STYLE_ASSIGNMENT((#89));
#91=STYLED_ITEM('',(#90),#88);
#92=CARTESIAN_POINT('',(-1.445E1,-1.445E1,0.E0));
#93=DIRECTION('',(0.E0,0.E0,1.E0));
#94=DIRECTION('',(-1.E0,0.E0,0.E0));
#95=AXIS2_PLACEMENT_3D('',#92,#93,#94);
#97=CURVE_STYLE('',#62,POSITIVE_LENGTH_MEASURE(2.E-2),#41);
#98=PRESENTATION_STYLE_ASSIGNMENT((#97));
#99=STYLED_ITEM('',(#98),#96);
#100=CARTESIAN_POINT('',(1.445E1,-1.445E1,0.E0));
#101=DIRECTION('',(0.E0,0.E0,-1.E0));
#102=DIRECTION('',(1.E0,0.E0,0.E0));
#103=AXIS2_PLACEMENT_3D('',#100,#101,#102);
#105=CURVE_STYLE('',#62,POSITIVE_LENGTH_MEASURE(2.E-2),#41);
#106=PRESENTATION_STYLE_ASSIGNMENT((#105));
#107=STYLED_ITEM('',(#106),#104);
#108=DIRECTION('',(1.963786705115E-12,-1.E0,1.963851947865E-12));
#109=VECTOR('',#108,2.949579181297E1);
#110=CARTESIAN_POINT('',(1.694999999958E1,1.504579182923E1,
-4.162359161045E-10));
#111=LINE('',#110,#109);
#112=CURVE_STYLE('',#62,POSITIVE_LENGTH_MEASURE(2.E-2),#41);
#113=PRESENTATION_STYLE_ASSIGNMENT((#112));
#114=STYLED_ITEM('',(#113),#111);
#115=CARTESIAN_POINT('',(1.445E1,1.504579183930E1,0.E0));
#116=DIRECTION('',(0.E0,0.E0,-1.E0));
#117=DIRECTION('',(2.291096198410E-1,9.734006277460E-1,0.E0));
#118=AXIS2_PLACEMENT_3D('',#115,#116,#117);
#120=CURVE_STYLE('',#62,POSITIVE_LENGTH_MEASURE(2.E-2),#41);
#121=PRESENTATION_STYLE_ASSIGNMENT((#120));
#122=STYLED_ITEM('',(#121),#119);
#123=CARTESIAN_POINT('',(1.742842505793E1,2.77E1,0.E0));
#124=DIRECTION('',(0.E0,0.E0,1.E0));
#125=DIRECTION('',(-9.682458365519E-1,-2.5E-1,0.E0));
#126=AXIS2_PLACEMENT_3D('',#123,#124,#125);
#128=CURVE_STYLE('',#62,POSITIVE_LENGTH_MEASURE(2.E-2),#41);
#129=PRESENTATION_STYLE_ASSIGNMENT((#128));
#130=STYLED_ITEM('',(#129),#127);
#131=DIRECTION('',(7.071067811865E-1,7.071067811865E-1,0.E0));
#132=VECTOR('',#131,8.786796564404E-1);
#133=CARTESIAN_POINT('',(-1.203076118446E1,-1.259644660941E1,0.E0));
#134=LINE('',#133,#132);
#135=CURVE_STYLE('',#62,POSITIVE_LENGTH_MEASURE(2.E-2),#41);
#136=PRESENTATION_STYLE_ASSIGNMENT((#135));
#137=STYLED_ITEM('',(#136),#134);
#138=DIRECTION('',(1.E0,0.E0,0.E0));
#139=VECTOR('',#138,2.009841302234E0);
#140=CARTESIAN_POINT('',(-1.070233405971E1,-1.168223304703E1,0.E0));
#141=LINE('',#140,#139);
#142=CURVE_STYLE('',#62,POSITIVE_LENGTH_MEASURE(2.E-2),#41);
#143=PRESENTATION_STYLE_ASSIGNMENT((#142));
#144=STYLED_ITEM('',(#143),#141);
#145=CARTESIAN_POINT('',(-8.692492757478E0,-1.068223304703E1,0.E0));
#146=DIRECTION('',(0.E0,0.E0,1.E0));
#147=DIRECTION('',(0.E0,-1.E0,0.E0));
#148=AXIS2_PLACEMENT_3D('',#145,#146,#147);
#150=CURVE_STYLE('',#62,POSITIVE_LENGTH_MEASURE(2.E-2),#41);
#151=PRESENTATION_STYLE_ASSIGNMENT((#150));
#152=STYLED_ITEM('',(#151),#149);
#153=DIRECTION('',(7.071067811865E-1,-7.071067811865E-1,0.E0));
#154=VECTOR('',#153,2.813917703090E0);
#155=CARTESIAN_POINT('',(-9.975126265847E0,-7.985385976291E0,0.E0));
#156=LINE('',#155,#154);
#157=CURVE_STYLE('',#62,POSITIVE_LENGTH_MEASURE(2.E-2),#41);
#158=PRESENTATION_STYLE_ASSIGNMENT((#157));
#159=STYLED_ITEM('',(#158),#156);
#160=CARTESIAN_POINT('',(-1.068223304703E1,-8.692492757478E0,0.E0));
#161=DIRECTION('',(0.E0,0.E0,1.E0));
#162=DIRECTION('',(7.071067811865E-1,7.071067811865E-1,0.E0));
#163=AXIS2_PLACEMENT_3D('',#160,#161,#162);
#165=CURVE_STYLE('',#62,POSITIVE_LENGTH_MEASURE(2.E-2),#41);
#166=PRESENTATION_STYLE_ASSIGNMENT((#165));
#167=STYLED_ITEM('',(#166),#164);
#168=DIRECTION('',(0.E0,-1.E0,0.E0));
#169=VECTOR('',#168,2.009841302234E0);
#170=CARTESIAN_POINT('',(-1.168223304703E1,-8.692492757478E0,0.E0));
#171=LINE('',#170,#169);
#172=CURVE_STYLE('',#62,POSITIVE_LENGTH_MEASURE(2.E-2),#41);
#173=PRESENTATION_STYLE_ASSIGNMENT((#172));
#174=STYLED_ITEM('',(#173),#171);
#175=DIRECTION('',(-7.071067811865E-1,-7.071067811865E-1,0.E0));
#176=VECTOR('',#175,8.786796564404E-1);
#177=CARTESIAN_POINT('',(-1.197512626585E1,-1.140944084090E1,0.E0));
#178=LINE('',#177,#176);
#179=CURVE_STYLE('',#62,POSITIVE_LENGTH_MEASURE(2.E-2),#41);
#180=PRESENTATION_STYLE_ASSIGNMENT((#179));
#181=STYLED_ITEM('',(#180),#178);
#182=DIRECTION('',(-1.E0,0.E0,0.E0));
#183=VECTOR('',#182,1.215E1);
#184=CARTESIAN_POINT('',(-3.E-1,1.195E1,0.E0));
#185=LINE('',#184,#183);
#186=CURVE_STYLE('',#62,POSITIVE_LENGTH_MEASURE(2.E-2),#41);
#187=PRESENTATION_STYLE_ASSIGNMENT((#186));
#188=STYLED_ITEM('',(#187),#185);
#189=DIRECTION('',(0.E0,1.E0,0.E0));
#190=VECTOR('',#189,1.2E0);
#191=CARTESIAN_POINT('',(-3.E-1,1.195E1,0.E0));
#192=LINE('',#191,#190);
#193=CURVE_STYLE('',#62,POSITIVE_LENGTH_MEASURE(2.E-2),#41);
#194=PRESENTATION_STYLE_ASSIGNMENT((#193));
#195=STYLED_ITEM('',(#194),#192);
#196=DIRECTION('',(-1.E0,0.E0,0.E0));
#197=VECTOR('',#196,1.202304913964E1);
#198=CARTESIAN_POINT('',(-3.E-1,1.315E1,0.E0));
#199=LINE('',#198,#197);
#200=CURVE_STYLE('',#62,POSITIVE_LENGTH_MEASURE(2.E-2),#41);
#201=PRESENTATION_STYLE_ASSIGNMENT((#200));
#202=STYLED_ITEM('',(#201),#199);
#203=CARTESIAN_POINT('',(-1.232304913964E1,1.415E1,0.E0));
#204=DIRECTION('',(0.E0,0.E0,1.E0));
#205=DIRECTION('',(0.E0,1.E0,0.E0));
#206=AXIS2_PLACEMENT_3D('',#203,#204,#205);
#208=CURVE_STYLE('',#62,POSITIVE_LENGTH_MEASURE(2.E-2),#41);
#209=PRESENTATION_STYLE_ASSIGNMENT((#208));
#210=STYLED_ITEM('',(#209),#207);
#211=CARTESIAN_POINT('',(1.232304913964E1,1.415E1,0.E0));
#212=DIRECTION('',(0.E0,0.E0,-1.E0));
#213=DIRECTION('',(0.E0,1.E0,0.E0));
#214=AXIS2_PLACEMENT_3D('',#211,#212,#213);
#216=CURVE_STYLE('',#62,POSITIVE_LENGTH_MEASURE(2.E-2),#41);
#217=PRESENTATION_STYLE_ASSIGNMENT((#216));
#218=STYLED_ITEM('',(#217),#215);
#219=DIRECTION('',(1.E0,0.E0,0.E0));
#220=VECTOR('',#219,1.202304913964E1);
#221=CARTESIAN_POINT('',(3.E-1,1.315E1,0.E0));
#222=LINE('',#221,#220);
#223=CURVE_STYLE('',#62,POSITIVE_LENGTH_MEASURE(2.E-2),#41);
#224=PRESENTATION_STYLE_ASSIGNMENT((#223));
#225=STYLED_ITEM('',(#224),#222);
#226=DIRECTION('',(0.E0,1.E0,0.E0));
#227=VECTOR('',#226,1.2E0);
#228=CARTESIAN_POINT('',(3.E-1,1.195E1,0.E0));
#229=LINE('',#228,#227);
#230=CURVE_STYLE('',#62,POSITIVE_LENGTH_MEASURE(2.E-2),#41);
#231=PRESENTATION_STYLE_ASSIGNMENT((#230));
#232=STYLED_ITEM('',(#231),#229);
#233=DIRECTION('',(1.E0,0.E0,0.E0));
#234=VECTOR('',#233,1.215E1);
#235=CARTESIAN_POINT('',(3.E-1,1.195E1,0.E0));
#236=LINE('',#235,#234);
#237=CURVE_STYLE('',#62,POSITIVE_LENGTH_MEASURE(2.E-2),#41);
#238=PRESENTATION_STYLE_ASSIGNMENT((#237));
#239=STYLED_ITEM('',(#238),#236);
#240=DIRECTION('',(7.071067811865E-1,-7.071067811865E-1,0.E0));
#241=VECTOR('',#240,8.786796564404E-1);
#242=CARTESIAN_POINT('',(1.197512626585E1,-1.140944084090E1,0.E0));
#243=LINE('',#242,#241);
#244=CURVE_STYLE('',#62,POSITIVE_LENGTH_MEASURE(2.E-2),#41);
#245=PRESENTATION_STYLE_ASSIGNMENT((#244));
#246=STYLED_ITEM('',(#245),#243);
#247=DIRECTION('',(0.E0,-1.E0,0.E0));
#248=VECTOR('',#247,2.009841302234E0);
#249=CARTESIAN_POINT('',(1.168223304703E1,-8.692492757478E0,0.E0));
#250=LINE('',#249,#248);
#251=CURVE_STYLE('',#62,POSITIVE_LENGTH_MEASURE(2.E-2),#41);
#252=PRESENTATION_STYLE_ASSIGNMENT((#251));
#253=STYLED_ITEM('',(#252),#250);
#254=CARTESIAN_POINT('',(1.068223304703E1,-8.692492757478E0,0.E0));
#255=DIRECTION('',(0.E0,0.E0,-1.E0));
#256=DIRECTION('',(-7.071067811865E-1,7.071067811865E-1,0.E0));
#257=AXIS2_PLACEMENT_3D('',#254,#255,#256);
#259=CURVE_STYLE('',#62,POSITIVE_LENGTH_MEASURE(2.E-2),#41);
#260=PRESENTATION_STYLE_ASSIGNMENT((#259));
#261=STYLED_ITEM('',(#260),#258);
#262=DIRECTION('',(-7.071067811865E-1,-7.071067811865E-1,0.E0));
#263=VECTOR('',#262,2.813917703090E0);
#264=CARTESIAN_POINT('',(9.975126265847E0,-7.985385976291E0,0.E0));
#265=LINE('',#264,#263);
#266=CURVE_STYLE('',#62,POSITIVE_LENGTH_MEASURE(2.E-2),#41);
#267=PRESENTATION_STYLE_ASSIGNMENT((#266));
#268=STYLED_ITEM('',(#267),#265);
#269=CARTESIAN_POINT('',(8.692492757478E0,-1.068223304703E1,0.E0));
#270=DIRECTION('',(0.E0,0.E0,-1.E0));
#271=DIRECTION('',(0.E0,-1.E0,0.E0));
#272=AXIS2_PLACEMENT_3D('',#269,#270,#271);
#274=CURVE_STYLE('',#62,POSITIVE_LENGTH_MEASURE(2.E-2),#41);
#275=PRESENTATION_STYLE_ASSIGNMENT((#274));
#276=STYLED_ITEM('',(#275),#273);
#277=DIRECTION('',(-1.E0,0.E0,0.E0));
#278=VECTOR('',#277,2.009841302234E0);
#279=CARTESIAN_POINT('',(1.070233405971E1,-1.168223304703E1,0.E0));
#280=LINE('',#279,#278);
#281=CURVE_STYLE('',#62,POSITIVE_LENGTH_MEASURE(2.E-2),#41);
#282=PRESENTATION_STYLE_ASSIGNMENT((#281));
#283=STYLED_ITEM('',(#282),#280);
#284=DIRECTION('',(-7.071067811865E-1,7.071067811865E-1,0.E0));
#285=VECTOR('',#284,8.786796564404E-1);
#286=CARTESIAN_POINT('',(1.203076118446E1,-1.259644660941E1,0.E0));
#287=LINE('',#286,#285);
#288=CURVE_STYLE('',#62,POSITIVE_LENGTH_MEASURE(2.E-2),#41);
#289=PRESENTATION_STYLE_ASSIGNMENT((#288));
#290=STYLED_ITEM('',(#289),#287);
#291=CARTESIAN_POINT('',(0.E0,2.32E1,0.E0));
#292=DIRECTION('',(0.E0,0.E0,-1.E0));
#293=DIRECTION('',(-9.682458365519E-1,2.5E-1,0.E0));
#294=AXIS2_PLACEMENT_3D('',#291,#292,#293);
#296=CURVE_STYLE('',#62,POSITIVE_LENGTH_MEASURE(2.E-2),#41);
#297=PRESENTATION_STYLE_ASSIGNMENT((#296));
#298=STYLED_ITEM('',(#297),#295);
#299=CARTESIAN_POINT('',(0.E0,2.32E1,5.E-1));
#300=DIRECTION('',(0.E0,0.E0,1.E0));
#301=DIRECTION('',(9.682458365519E-1,2.5E-1,0.E0));
#302=AXIS2_PLACEMENT_3D('',#299,#300,#301);
#304=CURVE_STYLE('',#62,POSITIVE_LENGTH_MEASURE(2.E-2),#41);
#305=PRESENTATION_STYLE_ASSIGNMENT((#304));
#306=STYLED_ITEM('',(#305),#303);
#307=DIRECTION('',(6.846531971684E-1,1.767766941853E-1,7.071067811866E-1));
#308=VECTOR('',#307,7.070918482438E-1);
#309=CARTESIAN_POINT('',(7.261853997196E0,2.507500264314E1,1.055921790479E-5));
#310=LINE('',#309,#308);
#311=CURVE_STYLE('',#62,POSITIVE_LENGTH_MEASURE(2.E-2),#41);
#312=PRESENTATION_STYLE_ASSIGNMENT((#311));
#313=STYLED_ITEM('',(#312),#310);
#314=DIRECTION('',(1.620049612279E-1,6.882981857724E-1,7.071067811865E-1));
#315=VECTOR('',#314,7.071067811926E-1);
#316=CARTESIAN_POINT('',(1.502277405306E1,1.747929340765E1,
-1.927850471854E-10));
#317=LINE('',#316,#315);
#318=CURVE_STYLE('',#62,POSITIVE_LENGTH_MEASURE(2.E-2),#41);
#319=PRESENTATION_STYLE_ASSIGNMENT((#318));
#320=STYLED_ITEM('',(#319),#317);
#321=DIRECTION('',(7.071067811865E-1,1.424149224346E-9,7.071067811865E-1));
#322=VECTOR('',#321,7.071067812454E-1);
#323=CARTESIAN_POINT('',(1.694999999958E1,1.504579182923E1,
-4.162359161045E-10));
#324=LINE('',#323,#322);
#325=CURVE_STYLE('',#62,POSITIVE_LENGTH_MEASURE(2.E-2),#41);
#326=PRESENTATION_STYLE_ASSIGNMENT((#325));
#327=STYLED_ITEM('',(#326),#324);
#328=DIRECTION('',(7.071067811865E-1,-2.299464465350E-9,7.071067811865E-1));
#329=VECTOR('',#328,7.071067812372E-1);
#330=CARTESIAN_POINT('',(1.694999999964E1,-1.444999998374E1,
-3.583105478988E-10));
#331=LINE('',#330,#329);
#332=CURVE_STYLE('',#62,POSITIVE_LENGTH_MEASURE(2.E-2),#41);
#333=PRESENTATION_STYLE_ASSIGNMENT((#332));
#334=STYLED_ITEM('',(#333),#331);
#335=DIRECTION('',(1.E0,0.E0,0.E0));
#336=VECTOR('',#335,2.889999997634E1);
#337=CARTESIAN_POINT('',(-1.444999998817E1,-1.744999999951E1,
4.999999995099E-1));
#338=LINE('',#337,#336);
#339=CURVE_STYLE('',#62,POSITIVE_LENGTH_MEASURE(2.E-2),#41);
#340=PRESENTATION_STYLE_ASSIGNMENT((#339));
#341=STYLED_ITEM('',(#340),#338);
#342=DIRECTION('',(1.858989470879E-9,-7.071067811865E-1,7.071067811865E-1));
#343=VECTOR('',#342,7.071067812636E-1);
#344=CARTESIAN_POINT('',(1.444999998685E1,-1.694999999946E1,
-5.445952207713E-10));
#345=LINE('',#344,#343);
#346=CURVE_STYLE('',#62,POSITIVE_LENGTH_MEASURE(2.E-2),#41);
#347=PRESENTATION_STYLE_ASSIGNMENT((#346));
#348=STYLED_ITEM('',(#347),#345);
#349=DIRECTION('',(-1.E0,0.E0,0.E0));
#350=VECTOR('',#349,2.889999997371E1);
#351=CARTESIAN_POINT('',(1.444999998685E1,-1.694999999946E1,
-5.445952207713E-10));
#352=LINE('',#351,#350);
#353=CURVE_STYLE('',#62,POSITIVE_LENGTH_MEASURE(2.E-2),#41);
#354=PRESENTATION_STYLE_ASSIGNMENT((#353));
#355=STYLED_ITEM('',(#354),#352);
#356=DIRECTION('',(-1.858989470879E-9,-7.071067811865E-1,7.071067811865E-1));
#357=VECTOR('',#356,7.071067812636E-1);
#358=CARTESIAN_POINT('',(-1.444999998685E1,-1.694999999946E1,
-5.445952207713E-10));
#359=LINE('',#358,#357);
#360=CURVE_STYLE('',#62,POSITIVE_LENGTH_MEASURE(2.E-2),#41);
#361=PRESENTATION_STYLE_ASSIGNMENT((#360));
#362=STYLED_ITEM('',(#361),#359);
#363=DIRECTION('',(0.E0,0.E0,-1.E0));
#364=VECTOR('',#363,7.000000000980E0);
#365=CARTESIAN_POINT('',(-1.444999998817E1,-1.744999999951E1,7.500000000490E0));
#366=LINE('',#365,#364);
#367=CURVE_STYLE('',#62,POSITIVE_LENGTH_MEASURE(2.E-2),#41);
#368=PRESENTATION_STYLE_ASSIGNMENT((#367));
#369=STYLED_ITEM('',(#368),#366);
#370=DIRECTION('',(0.E0,0.E0,-1.E0));
#371=VECTOR('',#370,7.000000000980E0);
#372=CARTESIAN_POINT('',(1.444999998817E1,-1.744999999951E1,7.500000000490E0));
#373=LINE('',#372,#371);
#374=CURVE_STYLE('',#62,POSITIVE_LENGTH_MEASURE(2.E-2),#41);
#375=PRESENTATION_STYLE_ASSIGNMENT((#374));
#376=STYLED_ITEM('',(#375),#373);
#377=CARTESIAN_POINT('',(-1.445E1,-1.445E1,5.E-1));
#378=DIRECTION('',(0.E0,0.E0,1.E0));
#379=DIRECTION('',(-1.E0,0.E0,0.E0));
#380=AXIS2_PLACEMENT_3D('',#377,#378,#379);
#382=CURVE_STYLE('',#62,POSITIVE_LENGTH_MEASURE(2.E-2),#41);
#383=PRESENTATION_STYLE_ASSIGNMENT((#382));
#384=STYLED_ITEM('',(#383),#381);
#385=CARTESIAN_POINT('',(-1.445E1,-1.445E1,7.5E0));
#386=DIRECTION('',(0.E0,0.E0,-1.E0));
#387=DIRECTION('',(0.E0,-1.E0,0.E0));
#388=AXIS2_PLACEMENT_3D('',#385,#386,#387);
#390=CURVE_STYLE('',#62,POSITIVE_LENGTH_MEASURE(2.E-2),#41);
#391=PRESENTATION_STYLE_ASSIGNMENT((#390));
#392=STYLED_ITEM('',(#391),#389);
#393=DIRECTION('',(-7.071067811865E-1,-2.299466977498E-9,7.071067811865E-1));
#394=VECTOR('',#393,7.071067812372E-1);
#395=CARTESIAN_POINT('',(-1.694999999964E1,-1.444999998374E1,
-3.583105478988E-10));
#396=LINE('',#395,#394);
#397=CURVE_STYLE('',#62,POSITIVE_LENGTH_MEASURE(2.E-2),#41);
#398=PRESENTATION_STYLE_ASSIGNMENT((#397));
#399=STYLED_ITEM('',(#398),#396);
#400=DIRECTION('',(-7.071067811865E-1,1.424149224346E-9,7.071067811865E-1));
#401=VECTOR('',#400,7.071067812454E-1);
#402=CARTESIAN_POINT('',(-1.694999999958E1,1.504579182923E1,
-4.162359161045E-10));
#403=LINE('',#402,#401);
#404=CURVE_STYLE('',#62,POSITIVE_LENGTH_MEASURE(2.E-2),#41);
#405=PRESENTATION_STYLE_ASSIGNMENT((#404));
#406=STYLED_ITEM('',(#405),#403);
#407=DIRECTION('',(-1.620049612279E-1,6.882981857724E-1,7.071067811865E-1));
#408=VECTOR('',#407,7.071067811926E-1);
#409=CARTESIAN_POINT('',(-1.502277405306E1,1.747929340765E1,
-1.927850471854E-10));
#410=LINE('',#409,#408);
#411=CURVE_STYLE('',#62,POSITIVE_LENGTH_MEASURE(2.E-2),#41);
#412=PRESENTATION_STYLE_ASSIGNMENT((#411));
#413=STYLED_ITEM('',(#412),#410);
#414=DIRECTION('',(-6.846531971684E-1,1.767766941853E-1,7.071067811866E-1));
#415=VECTOR('',#414,7.070918482438E-1);
#416=CARTESIAN_POINT('',(-7.261853997196E0,2.507500264314E1,1.055921790479E-5));
#417=LINE('',#416,#415);
#418=CURVE_STYLE('',#62,POSITIVE_LENGTH_MEASURE(2.E-2),#41);
#419=PRESENTATION_STYLE_ASSIGNMENT((#418));
#420=STYLED_ITEM('',(#419),#417);
#421=CARTESIAN_POINT('',(-1.742842505793E1,2.77E1,5.E-1));
#422=DIRECTION('',(0.E0,0.E0,-1.E0));
#423=DIRECTION('',(9.682458365519E-1,-2.5E-1,0.E0));
#424=AXIS2_PLACEMENT_3D('',#421,#422,#423);
#426=CURVE_STYLE('',#62,POSITIVE_LENGTH_MEASURE(2.E-2),#41);
#427=PRESENTATION_STYLE_ASSIGNMENT((#426));
#428=STYLED_ITEM('',(#427),#425);
#429=CARTESIAN_POINT('',(-1.742842505793E1,2.77E1,7.5E0));
#430=DIRECTION('',(0.E0,0.E0,1.E0));
#431=DIRECTION('',(2.291096198410E-1,-9.734006277460E-1,0.E0));
#432=AXIS2_PLACEMENT_3D('',#429,#430,#431);
#434=CURVE_STYLE('',#62,POSITIVE_LENGTH_MEASURE(2.E-2),#41);
#435=PRESENTATION_STYLE_ASSIGNMENT((#434));
#436=STYLED_ITEM('',(#435),#433);
#437=DIRECTION('',(0.E0,0.E0,-1.E0));
#438=VECTOR('',#437,7.000000000377E0);
#439=CARTESIAN_POINT('',(-1.513732885974E1,1.796599372230E1,7.500000000189E0));
#440=LINE('',#439,#438);
#441=CURVE_STYLE('',#62,POSITIVE_LENGTH_MEASURE(2.E-2),#41);
#442=PRESENTATION_STYLE_ASSIGNMENT((#441));
#443=STYLED_ITEM('',(#442),#440);
#444=DIRECTION('',(1.168413641872E-6,3.016692793933E-7,-9.999999999993E-1));
#445=VECTOR('',#444,7.000008447052E0);
#446=CARTESIAN_POINT('',(7.745958512882E0,2.519999789087E1,7.500008447080E0));
#447=LINE('',#446,#445);
#448=CURVE_STYLE('',#62,POSITIVE_LENGTH_MEASURE(2.E-2),#41);
#449=PRESENTATION_STYLE_ASSIGNMENT((#448));
#450=STYLED_ITEM('',(#449),#447);
#451=DIRECTION('',(-1.168413641872E-6,3.016692793933E-7,-9.999999999993E-1));
#452=VECTOR('',#451,7.000008447052E0);
#453=CARTESIAN_POINT('',(-7.745958512882E0,2.519999789087E1,7.500008447080E0));
#454=LINE('',#453,#452);
#455=CURVE_STYLE('',#62,POSITIVE_LENGTH_MEASURE(2.E-2),#41);
#456=PRESENTATION_STYLE_ASSIGNMENT((#455));
#457=STYLED_ITEM('',(#456),#454);
#458=CARTESIAN_POINT('',(1.742842505793E1,2.77E1,5.E-1));
#459=DIRECTION('',(0.E0,0.E0,1.E0));
#460=DIRECTION('',(-9.682458365519E-1,-2.5E-1,0.E0));
#461=AXIS2_PLACEMENT_3D('',#458,#459,#460);
#463=CURVE_STYLE('',#62,POSITIVE_LENGTH_MEASURE(2.E-2),#41);
#464=PRESENTATION_STYLE_ASSIGNMENT((#463));
#465=STYLED_ITEM('',(#464),#462);
#466=DIRECTION('',(0.E0,0.E0,-1.E0));
#467=VECTOR('',#466,7.000000000377E0);
#468=CARTESIAN_POINT('',(1.513732885974E1,1.796599372230E1,7.500000000189E0));
#469=LINE('',#468,#467);
#470=CURVE_STYLE('',#62,POSITIVE_LENGTH_MEASURE(2.E-2),#41);
#471=PRESENTATION_STYLE_ASSIGNMENT((#470));
#472=STYLED_ITEM('',(#471),#469);
#473=CARTESIAN_POINT('',(1.742842505793E1,2.77E1,7.5E0));
#474=DIRECTION('',(0.E0,0.E0,-1.E0));
#475=DIRECTION('',(-2.291096198410E-1,-9.734006277460E-1,0.E0));
#476=AXIS2_PLACEMENT_3D('',#473,#474,#475);
#478=CURVE_STYLE('',#62,POSITIVE_LENGTH_MEASURE(2.E-2),#41);
#479=PRESENTATION_STYLE_ASSIGNMENT((#478));
#480=STYLED_ITEM('',(#479),#477);
#481=CARTESIAN_POINT('',(1.445E1,1.504579183930E1,5.E-1));
#482=DIRECTION('',(0.E0,0.E0,-1.E0));
#483=DIRECTION('',(2.291096198410E-1,9.734006277460E-1,0.E0));
#484=AXIS2_PLACEMENT_3D('',#481,#482,#483);
#486=CURVE_STYLE('',#62,POSITIVE_LENGTH_MEASURE(2.E-2),#41);
#487=PRESENTATION_STYLE_ASSIGNMENT((#486));
#488=STYLED_ITEM('',(#487),#485);
#489=CARTESIAN_POINT('',(1.445E1,1.504579183930E1,7.5E0));
#490=DIRECTION('',(0.E0,0.E0,1.E0));
#491=DIRECTION('',(1.E0,0.E0,0.E0));
#492=AXIS2_PLACEMENT_3D('',#489,#490,#491);
#494=CURVE_STYLE('',#62,POSITIVE_LENGTH_MEASURE(2.E-2),#41);
#495=PRESENTATION_STYLE_ASSIGNMENT((#494));
#496=STYLED_ITEM('',(#495),#493);
#497=DIRECTION('',(1.767335765554E-12,-1.E0,1.767435511681E-12));
#498=VECTOR('',#497,2.949579181561E1);
#499=CARTESIAN_POINT('',(1.744999999963E1,1.504579183024E1,4.999999996254E-1));
#500=LINE('',#499,#498);
#501=CURVE_STYLE('',#62,POSITIVE_LENGTH_MEASURE(2.E-2),#41);
#502=PRESENTATION_STYLE_ASSIGNMENT((#501));
#503=STYLED_ITEM('',(#502),#500);
#504=DIRECTION('',(0.E0,0.E0,-1.E0));
#505=VECTOR('',#504,7.000000000645E0);
#506=CARTESIAN_POINT('',(1.744999999968E1,-1.444999998537E1,7.500000000322E0));
#507=LINE('',#506,#505);
#508=CURVE_STYLE('',#62,POSITIVE_LENGTH_MEASURE(2.E-2),#41);
#509=PRESENTATION_STYLE_ASSIGNMENT((#508));
#510=STYLED_ITEM('',(#509),#507);
#511=DIRECTION('',(-1.767456213708E-12,1.E0,1.767395989631E-12));
#512=VECTOR('',#511,2.949579181561E1);
#513=CARTESIAN_POINT('',(1.744999999968E1,-1.444999998537E1,7.500000000322E0));
#514=LINE('',#513,#512);
#515=CURVE_STYLE('',#62,POSITIVE_LENGTH_MEASURE(2.E-2),#41);
#516=PRESENTATION_STYLE_ASSIGNMENT((#515));
#517=STYLED_ITEM('',(#516),#514);
#518=DIRECTION('',(0.E0,0.E0,-1.E0));
#519=VECTOR('',#518,7.000000000749E0);
#520=CARTESIAN_POINT('',(1.744999999963E1,1.504579183024E1,7.500000000375E0));
#521=LINE('',#520,#519);
#522=CURVE_STYLE('',#62,POSITIVE_LENGTH_MEASURE(2.E-2),#41);
#523=PRESENTATION_STYLE_ASSIGNMENT((#522));
#524=STYLED_ITEM('',(#523),#521);
#525=CARTESIAN_POINT('',(1.445E1,-1.445E1,5.E-1));
#526=DIRECTION('',(0.E0,0.E0,-1.E0));
#527=DIRECTION('',(1.E0,0.E0,0.E0));
#528=AXIS2_PLACEMENT_3D('',#525,#526,#527);
#530=CURVE_STYLE('',#62,POSITIVE_LENGTH_MEASURE(2.E-2),#41);
#531=PRESENTATION_STYLE_ASSIGNMENT((#530));
#532=STYLED_ITEM('',(#531),#529);
#533=CARTESIAN_POINT('',(1.445E1,-1.445E1,7.5E0));
#534=DIRECTION('',(0.E0,0.E0,1.E0));
#535=DIRECTION('',(0.E0,-1.E0,0.E0));
#536=AXIS2_PLACEMENT_3D('',#533,#534,#535);
#538=CURVE_STYLE('',#62,POSITIVE_LENGTH_MEASURE(2.E-2),#41);
#539=PRESENTATION_STYLE_ASSIGNMENT((#538));
#540=STYLED_ITEM('',(#539),#537);
#541=DIRECTION('',(1.858994495175E-9,-7.071067811866E-1,-7.071067811865E-1));
#542=VECTOR('',#541,7.071067812636E-1);
#543=CARTESIAN_POINT('',(1.444999998685E1,-1.694999999946E1,8.000000000545E0));
#544=LINE('',#543,#542);
#545=CURVE_STYLE('',#62,POSITIVE_LENGTH_MEASURE(2.E-2),#41);
#546=PRESENTATION_STYLE_ASSIGNMENT((#545));
#547=STYLED_ITEM('',(#546),#544);
#548=CARTESIAN_POINT('',(-1.232304913964E1,1.415E1,8.E0));
#549=DIRECTION('',(0.E0,0.E0,-1.E0));
#550=DIRECTION('',(0.E0,-1.E0,0.E0));
#551=AXIS2_PLACEMENT_3D('',#548,#549,#550);
#553=CURVE_STYLE('',#62,POSITIVE_LENGTH_MEASURE(2.E-2),#41);
#554=PRESENTATION_STYLE_ASSIGNMENT((#553));
#555=STYLED_ITEM('',(#554),#552);
#556=DIRECTION('',(-1.E0,0.E0,0.E0));
#557=VECTOR('',#556,1.202304913964E1);
#558=CARTESIAN_POINT('',(-3.E-1,1.315E1,8.E0));
#559=LINE('',#558,#557);
#560=CURVE_STYLE('',#62,POSITIVE_LENGTH_MEASURE(2.E-2),#41);
#561=PRESENTATION_STYLE_ASSIGNMENT((#560));
#562=STYLED_ITEM('',(#561),#559);
#563=DIRECTION('',(0.E0,1.E0,0.E0));
#564=VECTOR('',#563,1.2E0);
#565=CARTESIAN_POINT('',(-3.E-1,1.195E1,8.E0));
#566=LINE('',#565,#564);
#567=CURVE_STYLE('',#62,POSITIVE_LENGTH_MEASURE(2.E-2),#41);
#568=PRESENTATION_STYLE_ASSIGNMENT((#567));
#569=STYLED_ITEM('',(#568),#566);
#570=DIRECTION('',(-1.E0,0.E0,0.E0));
#571=VECTOR('',#570,1.215E1);
#572=CARTESIAN_POINT('',(-3.E-1,1.195E1,8.E0));
#573=LINE('',#572,#571);
#574=CURVE_STYLE('',#62,POSITIVE_LENGTH_MEASURE(2.E-2),#41);
#575=PRESENTATION_STYLE_ASSIGNMENT((#574));
#576=STYLED_ITEM('',(#575),#573);
#577=DIRECTION('',(-7.071067811865E-1,-7.071067811865E-1,0.E0));
#578=VECTOR('',#577,8.786796564404E-1);
#579=CARTESIAN_POINT('',(-1.197512626585E1,-1.140944084090E1,8.E0));
#580=LINE('',#579,#578);
#581=CURVE_STYLE('',#62,POSITIVE_LENGTH_MEASURE(2.E-2),#41);
#582=PRESENTATION_STYLE_ASSIGNMENT((#581));
#583=STYLED_ITEM('',(#582),#580);
#584=DIRECTION('',(0.E0,-1.E0,0.E0));
#585=VECTOR('',#584,2.009841302234E0);
#586=CARTESIAN_POINT('',(-1.168223304703E1,-8.692492757478E0,8.E0));
#587=LINE('',#586,#585);
#588=CURVE_STYLE('',#62,POSITIVE_LENGTH_MEASURE(2.E-2),#41);
#589=PRESENTATION_STYLE_ASSIGNMENT((#588));
#590=STYLED_ITEM('',(#589),#587);
#591=CARTESIAN_POINT('',(-1.068223304703E1,-8.692492757478E0,8.E0));
#592=DIRECTION('',(0.E0,0.E0,-1.E0));
#593=DIRECTION('',(-1.E0,0.E0,0.E0));
#594=AXIS2_PLACEMENT_3D('',#591,#592,#593);
#596=CURVE_STYLE('',#62,POSITIVE_LENGTH_MEASURE(2.E-2),#41);
#597=PRESENTATION_STYLE_ASSIGNMENT((#596));
#598=STYLED_ITEM('',(#597),#595);
#599=DIRECTION('',(7.071067811865E-1,-7.071067811865E-1,0.E0));
#600=VECTOR('',#599,2.813917703090E0);
#601=CARTESIAN_POINT('',(-9.975126265847E0,-7.985385976291E0,8.E0));
#602=LINE('',#601,#600);
#603=CURVE_STYLE('',#62,POSITIVE_LENGTH_MEASURE(2.E-2),#41);
#604=PRESENTATION_STYLE_ASSIGNMENT((#603));
#605=STYLED_ITEM('',(#604),#602);
#606=CARTESIAN_POINT('',(-8.692492757478E0,-1.068223304703E1,8.E0));
#607=DIRECTION('',(0.E0,0.E0,-1.E0));
#608=DIRECTION('',(7.071067811865E-1,7.071067811865E-1,0.E0));
#609=AXIS2_PLACEMENT_3D('',#606,#607,#608);
#611=CURVE_STYLE('',#62,POSITIVE_LENGTH_MEASURE(2.E-2),#41);
#612=PRESENTATION_STYLE_ASSIGNMENT((#611));
#613=STYLED_ITEM('',(#612),#610);
#614=DIRECTION('',(1.E0,0.E0,0.E0));
#615=VECTOR('',#614,2.009841302234E0);
#616=CARTESIAN_POINT('',(-1.070233405971E1,-1.168223304703E1,8.E0));
#617=LINE('',#616,#615);
#618=CURVE_STYLE('',#62,POSITIVE_LENGTH_MEASURE(2.E-2),#41);
#619=PRESENTATION_STYLE_ASSIGNMENT((#618));
#620=STYLED_ITEM('',(#619),#617);
#621=DIRECTION('',(7.071067811865E-1,7.071067811865E-1,0.E0));
#622=VECTOR('',#621,8.786796564404E-1);
#623=CARTESIAN_POINT('',(-1.203076118446E1,-1.259644660941E1,8.E0));
#624=LINE('',#623,#622);
#625=CURVE_STYLE('',#62,POSITIVE_LENGTH_MEASURE(2.E-2),#41);
#626=PRESENTATION_STYLE_ASSIGNMENT((#625));
#627=STYLED_ITEM('',(#626),#624);
#628=DIRECTION('',(-7.071067811865E-1,7.071067811865E-1,0.E0));
#629=VECTOR('',#628,8.786796564404E-1);
#630=CARTESIAN_POINT('',(1.203076118446E1,-1.259644660941E1,8.E0));
#631=LINE('',#630,#629);
#632=CURVE_STYLE('',#62,POSITIVE_LENGTH_MEASURE(2.E-2),#41);
#633=PRESENTATION_STYLE_ASSIGNMENT((#632));
#634=STYLED_ITEM('',(#633),#631);
#635=DIRECTION('',(-1.E0,0.E0,0.E0));
#636=VECTOR('',#635,2.009841302234E0);
#637=CARTESIAN_POINT('',(1.070233405971E1,-1.168223304703E1,8.E0));
#638=LINE('',#637,#636);
#639=CURVE_STYLE('',#62,POSITIVE_LENGTH_MEASURE(2.E-2),#41);
#640=PRESENTATION_STYLE_ASSIGNMENT((#639));
#641=STYLED_ITEM('',(#640),#638);
#642=CARTESIAN_POINT('',(8.692492757478E0,-1.068223304703E1,8.E0));
#643=DIRECTION('',(0.E0,0.E0,1.E0));
#644=DIRECTION('',(-7.071067811865E-1,7.071067811865E-1,0.E0));
#645=AXIS2_PLACEMENT_3D('',#642,#643,#644);
#647=CURVE_STYLE('',#62,POSITIVE_LENGTH_MEASURE(2.E-2),#41);
#648=PRESENTATION_STYLE_ASSIGNMENT((#647));
#649=STYLED_ITEM('',(#648),#646);
#650=DIRECTION('',(-7.071067811865E-1,-7.071067811865E-1,0.E0));
#651=VECTOR('',#650,2.813917703090E0);
#652=CARTESIAN_POINT('',(9.975126265847E0,-7.985385976291E0,8.E0));
#653=LINE('',#652,#651);
#654=CURVE_STYLE('',#62,POSITIVE_LENGTH_MEASURE(2.E-2),#41);
#655=PRESENTATION_STYLE_ASSIGNMENT((#654));
#656=STYLED_ITEM('',(#655),#653);
#657=CARTESIAN_POINT('',(1.068223304703E1,-8.692492757478E0,8.E0));
#658=DIRECTION('',(0.E0,0.E0,1.E0));
#659=DIRECTION('',(1.E0,0.E0,0.E0));
#660=AXIS2_PLACEMENT_3D('',#657,#658,#659);
#662=CURVE_STYLE('',#62,POSITIVE_LENGTH_MEASURE(2.E-2),#41);
#663=PRESENTATION_STYLE_ASSIGNMENT((#662));
#664=STYLED_ITEM('',(#663),#661);
#665=DIRECTION('',(0.E0,-1.E0,0.E0));
#666=VECTOR('',#665,2.009841302234E0);
#667=CARTESIAN_POINT('',(1.168223304703E1,-8.692492757478E0,8.E0));
#668=LINE('',#667,#666);
#669=CURVE_STYLE('',#62,POSITIVE_LENGTH_MEASURE(2.E-2),#41);
#670=PRESENTATION_STYLE_ASSIGNMENT((#669));
#671=STYLED_ITEM('',(#670),#668);
#672=DIRECTION('',(7.071067811865E-1,-7.071067811865E-1,0.E0));
#673=VECTOR('',#672,8.786796564404E-1);
#674=CARTESIAN_POINT('',(1.197512626585E1,-1.140944084090E1,8.E0));
#675=LINE('',#674,#673);
#676=CURVE_STYLE('',#62,POSITIVE_LENGTH_MEASURE(2.E-2),#41);
#677=PRESENTATION_STYLE_ASSIGNMENT((#676));
#678=STYLED_ITEM('',(#677),#675);
#679=DIRECTION('',(1.E0,0.E0,0.E0));
#680=VECTOR('',#679,1.215E1);
#681=CARTESIAN_POINT('',(3.E-1,1.195E1,8.E0));
#682=LINE('',#681,#680);
#683=CURVE_STYLE('',#62,POSITIVE_LENGTH_MEASURE(2.E-2),#41);
#684=PRESENTATION_STYLE_ASSIGNMENT((#683));
#685=STYLED_ITEM('',(#684),#682);
#686=DIRECTION('',(0.E0,1.E0,0.E0));
#687=VECTOR('',#686,1.2E0);
#688=CARTESIAN_POINT('',(3.E-1,1.195E1,8.E0));
#689=LINE('',#688,#687);
#690=CURVE_STYLE('',#62,POSITIVE_LENGTH_MEASURE(2.E-2),#41);
#691=PRESENTATION_STYLE_ASSIGNMENT((#690));
#692=STYLED_ITEM('',(#691),#689);
#693=DIRECTION('',(1.E0,0.E0,0.E0));
#694=VECTOR('',#693,1.202304913964E1);
#695=CARTESIAN_POINT('',(3.E-1,1.315E1,8.E0));
#696=LINE('',#695,#694);
#697=CURVE_STYLE('',#62,POSITIVE_LENGTH_MEASURE(2.E-2),#41);
#698=PRESENTATION_STYLE_ASSIGNMENT((#697));
#699=STYLED_ITEM('',(#698),#696);
#700=CARTESIAN_POINT('',(1.232304913964E1,1.415E1,8.E0));
#701=DIRECTION('',(0.E0,0.E0,1.E0));
#702=DIRECTION('',(0.E0,-1.E0,0.E0));
#703=AXIS2_PLACEMENT_3D('',#700,#701,#702);
#705=CURVE_STYLE('',#62,POSITIVE_LENGTH_MEASURE(2.E-2),#41);
#706=PRESENTATION_STYLE_ASSIGNMENT((#705));
#707=STYLED_ITEM('',(#706),#704);
#708=CARTESIAN_POINT('',(-1.445E1,-1.445E1,8.E0));
#709=DIRECTION('',(0.E0,0.E0,-1.E0));
#710=DIRECTION('',(0.E0,-1.E0,0.E0));
#711=AXIS2_PLACEMENT_3D('',#708,#709,#710);
#713=CURVE_STYLE('',#62,POSITIVE_LENGTH_MEASURE(2.E-2),#41);
#714=PRESENTATION_STYLE_ASSIGNMENT((#713));
#715=STYLED_ITEM('',(#714),#712);
#716=DIRECTION('',(1.963786705115E-12,1.E0,1.963907153269E-12));
#717=VECTOR('',#716,2.949579181297E1);
#718=CARTESIAN_POINT('',(-1.694999999964E1,-1.444999998374E1,8.000000000358E0));
#719=LINE('',#718,#717);
#720=CURVE_STYLE('',#62,POSITIVE_LENGTH_MEASURE(2.E-2),#41);
#721=PRESENTATION_STYLE_ASSIGNMENT((#720));
#722=STYLED_ITEM('',(#721),#719);
#723=CARTESIAN_POINT('',(-1.445E1,1.504579183930E1,8.E0));
#724=DIRECTION('',(0.E0,0.E0,-1.E0));
#725=DIRECTION('',(-1.E0,0.E0,0.E0));
#726=AXIS2_PLACEMENT_3D('',#723,#724,#725);
#728=CURVE_STYLE('',#62,POSITIVE_LENGTH_MEASURE(2.E-2),#41);
#729=PRESENTATION_STYLE_ASSIGNMENT((#728));
#730=STYLED_ITEM('',(#729),#727);
#731=CARTESIAN_POINT('',(-1.742842505793E1,2.77E1,8.E0));
#732=DIRECTION('',(0.E0,0.E0,1.E0));
#733=DIRECTION('',(2.291096198410E-1,-9.734006277460E-1,0.E0));
#734=AXIS2_PLACEMENT_3D('',#731,#732,#733);
#736=CURVE_STYLE('',#62,POSITIVE_LENGTH_MEASURE(2.E-2),#41);
#737=PRESENTATION_STYLE_ASSIGNMENT((#736));
#738=STYLED_ITEM('',(#737),#735);
#739=CARTESIAN_POINT('',(1.742842505793E1,2.77E1,8.E0));
#740=DIRECTION('',(0.E0,0.E0,-1.E0));
#741=DIRECTION('',(-2.291096198410E-1,-9.734006277460E-1,0.E0));
#742=AXIS2_PLACEMENT_3D('',#739,#740,#741);
#744=CURVE_STYLE('',#62,POSITIVE_LENGTH_MEASURE(2.E-2),#41);
#745=PRESENTATION_STYLE_ASSIGNMENT((#744));
#746=STYLED_ITEM('',(#745),#743);
#747=CARTESIAN_POINT('',(1.445E1,1.504579183930E1,8.E0));
#748=DIRECTION('',(0.E0,0.E0,1.E0));
#749=DIRECTION('',(1.E0,0.E0,0.E0));
#750=AXIS2_PLACEMENT_3D('',#747,#748,#749);
#752=CURVE_STYLE('',#62,POSITIVE_LENGTH_MEASURE(2.E-2),#41);
#753=PRESENTATION_STYLE_ASSIGNMENT((#752));
#754=STYLED_ITEM('',(#753),#751);
#755=DIRECTION('',(-1.963786705115E-12,1.E0,1.963907153269E-12));
#756=VECTOR('',#755,2.949579181297E1);
#757=CARTESIAN_POINT('',(1.694999999964E1,-1.444999998374E1,8.000000000358E0));
#758=LINE('',#757,#756);
#759=CURVE_STYLE('',#62,POSITIVE_LENGTH_MEASURE(2.E-2),#41);
#760=PRESENTATION_STYLE_ASSIGNMENT((#759));
#761=STYLED_ITEM('',(#760),#758);
#762=CARTESIAN_POINT('',(1.445E1,-1.445E1,8.E0));
#763=DIRECTION('',(0.E0,0.E0,1.E0));
#764=DIRECTION('',(0.E0,-1.E0,0.E0));
#765=AXIS2_PLACEMENT_3D('',#762,#763,#764);
#767=CURVE_STYLE('',#62,POSITIVE_LENGTH_MEASURE(2.E-2),#41);
#768=PRESENTATION_STYLE_ASSIGNMENT((#767));
#769=STYLED_ITEM('',(#768),#766);
#770=DIRECTION('',(-1.E0,0.E0,0.E0));
#771=VECTOR('',#770,2.464609827928E1);
#772=CARTESIAN_POINT('',(1.232304913964E1,1.515E1,0.E0));
#773=LINE('',#772,#771);
#774=CURVE_STYLE('',#62,POSITIVE_LENGTH_MEASURE(2.E-2),#41);
#775=PRESENTATION_STYLE_ASSIGNMENT((#774));
#776=STYLED_ITEM('',(#775),#773);
#777=DIRECTION('',(0.E0,0.E0,-1.E0));
#778=VECTOR('',#777,8.E0);
#779=CARTESIAN_POINT('',(-1.232304913964E1,1.515E1,8.E0));
#780=LINE('',#779,#778);
#781=CURVE_STYLE('',#62,POSITIVE_LENGTH_MEASURE(2.E-2),#41);
#782=PRESENTATION_STYLE_ASSIGNMENT((#781));
#783=STYLED_ITEM('',(#782),#780);
#784=DIRECTION('',(1.E0,0.E0,0.E0));
#785=VECTOR('',#784,2.464609827928E1);
#786=CARTESIAN_POINT('',(-1.232304913964E1,1.515E1,8.E0));
#787=LINE('',#786,#785);
#788=CURVE_STYLE('',#62,POSITIVE_LENGTH_MEASURE(2.E-2),#41);
#789=PRESENTATION_STYLE_ASSIGNMENT((#788));
#790=STYLED_ITEM('',(#789),#787);
#791=DIRECTION('',(0.E0,0.E0,-1.E0));
#792=VECTOR('',#791,8.E0);
#793=CARTESIAN_POINT('',(1.232304913964E1,1.515E1,8.E0));
#794=LINE('',#793,#792);
#795=CURVE_STYLE('',#62,POSITIVE_LENGTH_MEASURE(2.E-2),#41);
#796=PRESENTATION_STYLE_ASSIGNMENT((#795));
#797=STYLED_ITEM('',(#796),#794);
#798=DIRECTION('',(0.E0,0.E0,1.E0));
#799=VECTOR('',#798,8.E0);
#800=CARTESIAN_POINT('',(-3.E-1,1.315E1,0.E0));
#801=LINE('',#800,#799);
#802=CURVE_STYLE('',#62,POSITIVE_LENGTH_MEASURE(2.E-2),#41);
#803=PRESENTATION_STYLE_ASSIGNMENT((#802));
#804=STYLED_ITEM('',(#803),#801);
#805=DIRECTION('',(0.E0,0.E0,-1.E0));
#806=VECTOR('',#805,8.E0);
#807=CARTESIAN_POINT('',(-1.232304913964E1,1.315E1,8.E0));
#808=LINE('',#807,#806);
#809=CURVE_STYLE('',#62,POSITIVE_LENGTH_MEASURE(2.E-2),#41);
#810=PRESENTATION_STYLE_ASSIGNMENT((#809));
#811=STYLED_ITEM('',(#810),#808);
#812=DIRECTION('',(0.E0,0.E0,1.E0));
#813=VECTOR('',#812,8.E0);
#814=CARTESIAN_POINT('',(-3.E-1,1.195E1,0.E0));
#815=LINE('',#814,#813);
#816=CURVE_STYLE('',#62,POSITIVE_LENGTH_MEASURE(2.E-2),#41);
#817=PRESENTATION_STYLE_ASSIGNMENT((#816));
#818=STYLED_ITEM('',(#817),#815);
#819=DIRECTION('',(0.E0,0.E0,1.E0));
#820=VECTOR('',#819,8.E0);
#821=CARTESIAN_POINT('',(-1.245E1,1.195E1,0.E0));
#822=LINE('',#821,#820);
#823=CURVE_STYLE('',#62,POSITIVE_LENGTH_MEASURE(2.E-2),#41);
#824=PRESENTATION_STYLE_ASSIGNMENT((#823));
#825=STYLED_ITEM('',(#824),#822);
#826=CARTESIAN_POINT('',(-1.245E1,1.095E1,8.E0));
#827=DIRECTION('',(0.E0,0.E0,1.E0));
#828=DIRECTION('',(0.E0,1.E0,0.E0));
#829=AXIS2_PLACEMENT_3D('',#826,#827,#828);
#831=CURVE_STYLE('',#62,POSITIVE_LENGTH_MEASURE(2.E-2),#41);
#832=PRESENTATION_STYLE_ASSIGNMENT((#831));
#833=STYLED_ITEM('',(#832),#830);
#834=CARTESIAN_POINT('',(-1.245E1,1.095E1,0.E0));
#835=DIRECTION('',(0.E0,0.E0,-1.E0));
#836=DIRECTION('',(-1.E0,0.E0,0.E0));
#837=AXIS2_PLACEMENT_3D('',#834,#835,#836);
#839=CURVE_STYLE('',#62,POSITIVE_LENGTH_MEASURE(2.E-2),#41);
#840=PRESENTATION_STYLE_ASSIGNMENT((#839));
#841=STYLED_ITEM('',(#840),#838);
#842=DIRECTION('',(0.E0,0.E0,-1.E0));
#843=VECTOR('',#842,8.E0);
#844=CARTESIAN_POINT('',(-1.345E1,-1.167720779386E1,8.E0));
#845=LINE('',#844,#843);
#846=CURVE_STYLE('',#62,POSITIVE_LENGTH_MEASURE(2.E-2),#41);
#847=PRESENTATION_STYLE_ASSIGNMENT((#846));
#848=STYLED_ITEM('',(#847),#845);
#849=DIRECTION('',(0.E0,-1.E0,0.E0));
#850=VECTOR('',#849,2.262720779386E1);
#851=CARTESIAN_POINT('',(-1.345E1,1.095E1,8.E0));
#852=LINE('',#851,#850);
#853=CURVE_STYLE('',#62,POSITIVE_LENGTH_MEASURE(2.E-2),#41);
#854=PRESENTATION_STYLE_ASSIGNMENT((#853));
#855=STYLED_ITEM('',(#854),#852);
#856=DIRECTION('',(0.E0,0.E0,1.E0));
#857=VECTOR('',#856,8.E0);
#858=CARTESIAN_POINT('',(-1.345E1,1.095E1,0.E0));
#859=LINE('',#858,#857);
#860=CURVE_STYLE('',#62,POSITIVE_LENGTH_MEASURE(2.E-2),#41);
#861=PRESENTATION_STYLE_ASSIGNMENT((#860));
#862=STYLED_ITEM('',(#861),#859);
#863=DIRECTION('',(0.E0,1.E0,0.E0));
#864=VECTOR('',#863,2.262720779386E1);
#865=CARTESIAN_POINT('',(-1.345E1,-1.167720779386E1,0.E0));
#866=LINE('',#865,#864);
#867=CURVE_STYLE('',#62,POSITIVE_LENGTH_MEASURE(2.E-2),#41);
#868=PRESENTATION_STYLE_ASSIGNMENT((#867));
#869=STYLED_ITEM('',(#868),#866);
#870=CARTESIAN_POINT('',(-1.295E1,-1.167720779386E1,0.E0));
#871=DIRECTION('',(0.E0,0.E0,-1.E0));
#872=DIRECTION('',(7.071067811865E-1,-7.071067811865E-1,0.E0));
#873=AXIS2_PLACEMENT_3D('',#870,#871,#872);
#875=CURVE_STYLE('',#62,POSITIVE_LENGTH_MEASURE(2.E-2),#41);
#876=PRESENTATION_STYLE_ASSIGNMENT((#875));
#877=STYLED_ITEM('',(#876),#874);
#878=CARTESIAN_POINT('',(-1.295E1,-1.167720779386E1,8.E0));
#879=DIRECTION('',(0.E0,0.E0,1.E0));
#880=DIRECTION('',(-1.E0,0.E0,0.E0));
#881=AXIS2_PLACEMENT_3D('',#878,#879,#880);
#883=CURVE_STYLE('',#62,POSITIVE_LENGTH_MEASURE(2.E-2),#41);
#884=PRESENTATION_STYLE_ASSIGNMENT((#883));
#885=STYLED_ITEM('',(#884),#882);
#886=DIRECTION('',(0.E0,0.E0,-1.E0));
#887=VECTOR('',#886,8.E0);
#888=CARTESIAN_POINT('',(-1.197512626585E1,-1.140944084090E1,8.E0));
#889=LINE('',#888,#887);
#890=CURVE_STYLE('',#62,POSITIVE_LENGTH_MEASURE(2.E-2),#41);
#891=PRESENTATION_STYLE_ASSIGNMENT((#890));
#892=STYLED_ITEM('',(#891),#889);
#893=DIRECTION('',(0.E0,0.E0,-1.E0));
#894=VECTOR('',#893,8.E0);
#895=CARTESIAN_POINT('',(-1.259644660941E1,-1.203076118446E1,8.E0));
#896=LINE('',#895,#894);
#897=CURVE_STYLE('',#62,POSITIVE_LENGTH_MEASURE(2.E-2),#41);
#898=PRESENTATION_STYLE_ASSIGNMENT((#897));
#899=STYLED_ITEM('',(#898),#896);
#900=CARTESIAN_POINT('',(-1.268223304703E1,-1.070233405971E1,0.E0));
#901=DIRECTION('',(0.E0,0.E0,-1.E0));
#902=DIRECTION('',(1.E0,0.E0,0.E0));
#903=AXIS2_PLACEMENT_3D('',#900,#901,#902);
#905=CURVE_STYLE('',#62,POSITIVE_LENGTH_MEASURE(2.E-2),#41);
#906=PRESENTATION_STYLE_ASSIGNMENT((#905));
#907=STYLED_ITEM('',(#906),#904);
#908=CARTESIAN_POINT('',(-1.268223304703E1,-1.070233405971E1,8.E0));
#909=DIRECTION('',(0.E0,0.E0,1.E0));
#910=DIRECTION('',(7.071067811865E-1,-7.071067811865E-1,0.E0));
#911=AXIS2_PLACEMENT_3D('',#908,#909,#910);
#913=CURVE_STYLE('',#62,POSITIVE_LENGTH_MEASURE(2.E-2),#41);
#914=PRESENTATION_STYLE_ASSIGNMENT((#913));
#915=STYLED_ITEM('',(#914),#912);
#916=DIRECTION('',(0.E0,0.E0,-1.E0));
#917=VECTOR('',#916,8.E0);
#918=CARTESIAN_POINT('',(-1.168223304703E1,-8.692492757478E0,8.E0));
#919=LINE('',#918,#917);
#920=CURVE_STYLE('',#62,POSITIVE_LENGTH_MEASURE(2.E-2),#41);
#921=PRESENTATION_STYLE_ASSIGNMENT((#920));
#922=STYLED_ITEM('',(#921),#919);
#923=DIRECTION('',(0.E0,0.E0,-1.E0));
#924=VECTOR('',#923,8.E0);
#925=CARTESIAN_POINT('',(-1.168223304703E1,-1.070233405971E1,8.E0));
#926=LINE('',#925,#924);
#927=CURVE_STYLE('',#62,POSITIVE_LENGTH_MEASURE(2.E-2),#41);
#928=PRESENTATION_STYLE_ASSIGNMENT((#927));
#929=STYLED_ITEM('',(#928),#926);
#930=DIRECTION('',(0.E0,0.E0,1.E0));
#931=VECTOR('',#930,8.E0);
#932=CARTESIAN_POINT('',(-7.985385976291E0,-9.975126265847E0,0.E0));
#933=LINE('',#932,#931);
#934=CURVE_STYLE('',#62,POSITIVE_LENGTH_MEASURE(2.E-2),#41);
#935=PRESENTATION_STYLE_ASSIGNMENT((#934));
#936=STYLED_ITEM('',(#935),#933);
#937=DIRECTION('',(0.E0,0.E0,-1.E0));
#938=VECTOR('',#937,8.E0);
#939=CARTESIAN_POINT('',(-9.975126265847E0,-7.985385976291E0,8.E0));
#940=LINE('',#939,#938);
#941=CURVE_STYLE('',#62,POSITIVE_LENGTH_MEASURE(2.E-2),#41);
#942=PRESENTATION_STYLE_ASSIGNMENT((#941));
#943=STYLED_ITEM('',(#942),#940);
#944=DIRECTION('',(0.E0,0.E0,1.E0));
#945=VECTOR('',#944,8.E0);
#946=CARTESIAN_POINT('',(-8.692492757478E0,-1.168223304703E1,0.E0));
#947=LINE('',#946,#945);
#948=CURVE_STYLE('',#62,POSITIVE_LENGTH_MEASURE(2.E-2),#41);
#949=PRESENTATION_STYLE_ASSIGNMENT((#948));
#950=STYLED_ITEM('',(#949),#947);
#951=DIRECTION('',(0.E0,0.E0,-1.E0));
#952=VECTOR('',#951,8.E0);
#953=CARTESIAN_POINT('',(-1.070233405971E1,-1.168223304703E1,8.E0));
#954=LINE('',#953,#952);
#955=CURVE_STYLE('',#62,POSITIVE_LENGTH_MEASURE(2.E-2),#41);
#956=PRESENTATION_STYLE_ASSIGNMENT((#955));
#957=STYLED_ITEM('',(#956),#954);
#958=CARTESIAN_POINT('',(-1.070233405971E1,-1.268223304703E1,0.E0));
#959=DIRECTION('',(0.E0,0.E0,-1.E0));
#960=DIRECTION('',(-7.071067811865E-1,7.071067811865E-1,0.E0));
#961=AXIS2_PLACEMENT_3D('',#958,#959,#960);
#963=CURVE_STYLE('',#62,POSITIVE_LENGTH_MEASURE(2.E-2),#41);
#964=PRESENTATION_STYLE_ASSIGNMENT((#963));
#965=STYLED_ITEM('',(#964),#962);
#966=CARTESIAN_POINT('',(-1.070233405971E1,-1.268223304703E1,8.E0));
#967=DIRECTION('',(0.E0,0.E0,1.E0));
#968=DIRECTION('',(0.E0,1.E0,0.E0));
#969=AXIS2_PLACEMENT_3D('',#966,#967,#968);
#971=CURVE_STYLE('',#62,POSITIVE_LENGTH_MEASURE(2.E-2),#41);
#972=PRESENTATION_STYLE_ASSIGNMENT((#971));
#973=STYLED_ITEM('',(#972),#970);
#974=DIRECTION('',(0.E0,0.E0,-1.E0));
#975=VECTOR('',#974,8.E0);
#976=CARTESIAN_POINT('',(-1.140944084090E1,-1.197512626585E1,8.E0));
#977=LINE('',#976,#975);
#978=CURVE_STYLE('',#62,POSITIVE_LENGTH_MEASURE(2.E-2),#41);
#979=PRESENTATION_STYLE_ASSIGNMENT((#978));
#980=STYLED_ITEM('',(#979),#977);
#981=DIRECTION('',(0.E0,0.E0,-1.E0));
#982=VECTOR('',#981,8.E0);
#983=CARTESIAN_POINT('',(-1.203076118446E1,-1.259644660941E1,8.E0));
#984=LINE('',#983,#982);
#985=CURVE_STYLE('',#62,POSITIVE_LENGTH_MEASURE(2.E-2),#41);
#986=PRESENTATION_STYLE_ASSIGNMENT((#985));
#987=STYLED_ITEM('',(#986),#984);
#988=CARTESIAN_POINT('',(-1.167720779386E1,-1.295E1,0.E0));
#989=DIRECTION('',(0.E0,0.E0,-1.E0));
#990=DIRECTION('',(0.E0,-1.E0,0.E0));
#991=AXIS2_PLACEMENT_3D('',#988,#989,#990);
#993=CURVE_STYLE('',#62,POSITIVE_LENGTH_MEASURE(2.E-2),#41);
#994=PRESENTATION_STYLE_ASSIGNMENT((#993));
#995=STYLED_ITEM('',(#994),#992);
#996=CARTESIAN_POINT('',(-1.167720779386E1,-1.295E1,8.E0));
#997=DIRECTION('',(0.E0,0.E0,1.E0));
#998=DIRECTION('',(-7.071067811865E-1,7.071067811865E-1,0.E0));
#999=AXIS2_PLACEMENT_3D('',#996,#997,#998);
#1001=CURVE_STYLE('',#62,POSITIVE_LENGTH_MEASURE(2.E-2),#41);
#1002=PRESENTATION_STYLE_ASSIGNMENT((#1001));
#1003=STYLED_ITEM('',(#1002),#1000);
#1004=DIRECTION('',(-1.E0,0.E0,0.E0));
#1005=VECTOR('',#1004,2.335441558773E1);
#1006=CARTESIAN_POINT('',(1.167720779386E1,-1.345E1,8.E0));
#1007=LINE('',#1006,#1005);
#1008=CURVE_STYLE('',#62,POSITIVE_LENGTH_MEASURE(2.E-2),#41);
#1009=PRESENTATION_STYLE_ASSIGNMENT((#1008));
#1010=STYLED_ITEM('',(#1009),#1007);
#1011=DIRECTION('',(0.E0,0.E0,-1.E0));
#1012=VECTOR('',#1011,8.E0);
#1013=CARTESIAN_POINT('',(-1.167720779386E1,-1.345E1,8.E0));
#1014=LINE('',#1013,#1012);
#1015=CURVE_STYLE('',#62,POSITIVE_LENGTH_MEASURE(2.E-2),#41);
#1016=PRESENTATION_STYLE_ASSIGNMENT((#1015));
#1017=STYLED_ITEM('',(#1016),#1014);
#1018=DIRECTION('',(1.E0,0.E0,0.E0));
#1019=VECTOR('',#1018,2.335441558773E1);
#1020=CARTESIAN_POINT('',(-1.167720779386E1,-1.345E1,0.E0));
#1021=LINE('',#1020,#1019);
#1022=CURVE_STYLE('',#62,POSITIVE_LENGTH_MEASURE(2.E-2),#41);
#1023=PRESENTATION_STYLE_ASSIGNMENT((#1022));
#1024=STYLED_ITEM('',(#1023),#1021);
#1025=DIRECTION('',(0.E0,0.E0,-1.E0));
#1026=VECTOR('',#1025,8.E0);
#1027=CARTESIAN_POINT('',(1.167720779386E1,-1.345E1,8.E0));
#1028=LINE('',#1027,#1026);
#1029=CURVE_STYLE('',#62,POSITIVE_LENGTH_MEASURE(2.E-2),#41);
#1030=PRESENTATION_STYLE_ASSIGNMENT((#1029));
#1031=STYLED_ITEM('',(#1030),#1028);
#1032=CARTESIAN_POINT('',(1.167720779386E1,-1.295E1,8.E0));
#1033=DIRECTION('',(0.E0,0.E0,-1.E0));
#1034=DIRECTION('',(7.071067811865E-1,7.071067811865E-1,0.E0));
#1035=AXIS2_PLACEMENT_3D('',#1032,#1033,#1034);
#1037=CURVE_STYLE('',#62,POSITIVE_LENGTH_MEASURE(2.E-2),#41);
#1038=PRESENTATION_STYLE_ASSIGNMENT((#1037));
#1039=STYLED_ITEM('',(#1038),#1036);
#1040=CARTESIAN_POINT('',(1.167720779386E1,-1.295E1,0.E0));
#1041=DIRECTION('',(0.E0,0.E0,1.E0));
#1042=DIRECTION('',(0.E0,-1.E0,0.E0));
#1043=AXIS2_PLACEMENT_3D('',#1040,#1041,#1042);
#1045=CURVE_STYLE('',#62,POSITIVE_LENGTH_MEASURE(2.E-2),#41);
#1046=PRESENTATION_STYLE_ASSIGNMENT((#1045));
#1047=STYLED_ITEM('',(#1046),#1044);
#1048=DIRECTION('',(0.E0,0.E0,-1.E0));
#1049=VECTOR('',#1048,8.E0);
#1050=CARTESIAN_POINT('',(1.140944084090E1,-1.197512626585E1,8.E0));
#1051=LINE('',#1050,#1049);
#1052=CURVE_STYLE('',#62,POSITIVE_LENGTH_MEASURE(2.E-2),#41);
#1053=PRESENTATION_STYLE_ASSIGNMENT((#1052));
#1054=STYLED_ITEM('',(#1053),#1051);
#1055=DIRECTION('',(0.E0,0.E0,-1.E0));
#1056=VECTOR('',#1055,8.E0);
#1057=CARTESIAN_POINT('',(1.203076118446E1,-1.259644660941E1,8.E0));
#1058=LINE('',#1057,#1056);
#1059=CURVE_STYLE('',#62,POSITIVE_LENGTH_MEASURE(2.E-2),#41);
#1060=PRESENTATION_STYLE_ASSIGNMENT((#1059));
#1061=STYLED_ITEM('',(#1060),#1058);
#1062=CARTESIAN_POINT('',(1.070233405971E1,-1.268223304703E1,8.E0));
#1063=DIRECTION('',(0.E0,0.E0,-1.E0));
#1064=DIRECTION('',(0.E0,1.E0,0.E0));
#1065=AXIS2_PLACEMENT_3D('',#1062,#1063,#1064);
#1067=CURVE_STYLE('',#62,POSITIVE_LENGTH_MEASURE(2.E-2),#41);
#1068=PRESENTATION_STYLE_ASSIGNMENT((#1067));
#1069=STYLED_ITEM('',(#1068),#1066);
#1070=CARTESIAN_POINT('',(1.070233405971E1,-1.268223304703E1,0.E0));
#1071=DIRECTION('',(0.E0,0.E0,1.E0));
#1072=DIRECTION('',(7.071067811865E-1,7.071067811865E-1,0.E0));
#1073=AXIS2_PLACEMENT_3D('',#1070,#1071,#1072);
#1075=CURVE_STYLE('',#62,POSITIVE_LENGTH_MEASURE(2.E-2),#41);
#1076=PRESENTATION_STYLE_ASSIGNMENT((#1075));
#1077=STYLED_ITEM('',(#1076),#1074);
#1078=DIRECTION('',(0.E0,0.E0,1.E0));
#1079=VECTOR('',#1078,8.E0);
#1080=CARTESIAN_POINT('',(8.692492757478E0,-1.168223304703E1,0.E0));
#1081=LINE('',#1080,#1079);
#1082=CURVE_STYLE('',#62,POSITIVE_LENGTH_MEASURE(2.E-2),#41);
#1083=PRESENTATION_STYLE_ASSIGNMENT((#1082));
#1084=STYLED_ITEM('',(#1083),#1081);
#1085=DIRECTION('',(0.E0,0.E0,-1.E0));
#1086=VECTOR('',#1085,8.E0);
#1087=CARTESIAN_POINT('',(1.070233405971E1,-1.168223304703E1,8.E0));
#1088=LINE('',#1087,#1086);
#1089=CURVE_STYLE('',#62,POSITIVE_LENGTH_MEASURE(2.E-2),#41);
#1090=PRESENTATION_STYLE_ASSIGNMENT((#1089));
#1091=STYLED_ITEM('',(#1090),#1088);
#1092=DIRECTION('',(0.E0,0.E0,1.E0));
#1093=VECTOR('',#1092,8.E0);
#1094=CARTESIAN_POINT('',(7.985385976291E0,-9.975126265847E0,0.E0));
#1095=LINE('',#1094,#1093);
#1096=CURVE_STYLE('',#62,POSITIVE_LENGTH_MEASURE(2.E-2),#41);
#1097=PRESENTATION_STYLE_ASSIGNMENT((#1096));
#1098=STYLED_ITEM('',(#1097),#1095);
#1099=DIRECTION('',(0.E0,0.E0,-1.E0));
#1100=VECTOR('',#1099,8.E0);
#1101=CARTESIAN_POINT('',(9.975126265847E0,-7.985385976291E0,8.E0));
#1102=LINE('',#1101,#1100);
#1103=CURVE_STYLE('',#62,POSITIVE_LENGTH_MEASURE(2.E-2),#41);
#1104=PRESENTATION_STYLE_ASSIGNMENT((#1103));
#1105=STYLED_ITEM('',(#1104),#1102);
#1106=DIRECTION('',(0.E0,0.E0,-1.E0));
#1107=VECTOR('',#1106,8.E0);
#1108=CARTESIAN_POINT('',(1.168223304703E1,-8.692492757478E0,8.E0));
#1109=LINE('',#1108,#1107);
#1110=CURVE_STYLE('',#62,POSITIVE_LENGTH_MEASURE(2.E-2),#41);
#1111=PRESENTATION_STYLE_ASSIGNMENT((#1110));
#1112=STYLED_ITEM('',(#1111),#1109);
#1113=DIRECTION('',(0.E0,0.E0,-1.E0));
#1114=VECTOR('',#1113,8.E0);
#1115=CARTESIAN_POINT('',(1.168223304703E1,-1.070233405971E1,8.E0));
#1116=LINE('',#1115,#1114);
#1117=CURVE_STYLE('',#62,POSITIVE_LENGTH_MEASURE(2.E-2),#41);
#1118=PRESENTATION_STYLE_ASSIGNMENT((#1117));
#1119=STYLED_ITEM('',(#1118),#1116);
#1120=CARTESIAN_POINT('',(1.268223304703E1,-1.070233405971E1,8.E0));
#1121=DIRECTION('',(0.E0,0.E0,-1.E0));
#1122=DIRECTION('',(-7.071067811865E-1,-7.071067811865E-1,0.E0));
#1123=AXIS2_PLACEMENT_3D('',#1120,#1121,#1122);
#1125=CURVE_STYLE('',#62,POSITIVE_LENGTH_MEASURE(2.E-2),#41);
#1126=PRESENTATION_STYLE_ASSIGNMENT((#1125));
#1127=STYLED_ITEM('',(#1126),#1124);
#1128=CARTESIAN_POINT('',(1.268223304703E1,-1.070233405971E1,0.E0));
#1129=DIRECTION('',(0.E0,0.E0,1.E0));
#1130=DIRECTION('',(-1.E0,0.E0,0.E0));
#1131=AXIS2_PLACEMENT_3D('',#1128,#1129,#1130);
#1133=CURVE_STYLE('',#62,POSITIVE_LENGTH_MEASURE(2.E-2),#41);
#1134=PRESENTATION_STYLE_ASSIGNMENT((#1133));
#1135=STYLED_ITEM('',(#1134),#1132);
#1136=DIRECTION('',(0.E0,0.E0,-1.E0));
#1137=VECTOR('',#1136,8.E0);
#1138=CARTESIAN_POINT('',(1.197512626585E1,-1.140944084090E1,8.E0));
#1139=LINE('',#1138,#1137);
#1140=CURVE_STYLE('',#62,POSITIVE_LENGTH_MEASURE(2.E-2),#41);
#1141=PRESENTATION_STYLE_ASSIGNMENT((#1140));
#1142=STYLED_ITEM('',(#1141),#1139);
#1143=DIRECTION('',(0.E0,0.E0,-1.E0));
#1144=VECTOR('',#1143,8.E0);
#1145=CARTESIAN_POINT('',(1.259644660941E1,-1.203076118446E1,8.E0));
#1146=LINE('',#1145,#1144);
#1147=CURVE_STYLE('',#62,POSITIVE_LENGTH_MEASURE(2.E-2),#41);
#1148=PRESENTATION_STYLE_ASSIGNMENT((#1147));
#1149=STYLED_ITEM('',(#1148),#1146);
#1150=CARTESIAN_POINT('',(1.295E1,-1.167720779386E1,8.E0));
#1151=DIRECTION('',(0.E0,0.E0,-1.E0));
#1152=DIRECTION('',(1.E0,0.E0,0.E0));
#1153=AXIS2_PLACEMENT_3D('',#1150,#1151,#1152);
#1155=CURVE_STYLE('',#62,POSITIVE_LENGTH_MEASURE(2.E-2),#41);
#1156=PRESENTATION_STYLE_ASSIGNMENT((#1155));
#1157=STYLED_ITEM('',(#1156),#1154);
#1158=CARTESIAN_POINT('',(1.295E1,-1.167720779386E1,0.E0));
#1159=DIRECTION('',(0.E0,0.E0,1.E0));
#1160=DIRECTION('',(-7.071067811865E-1,-7.071067811865E-1,0.E0));
#1161=AXIS2_PLACEMENT_3D('',#1158,#1159,#1160);
#1163=CURVE_STYLE('',#62,POSITIVE_LENGTH_MEASURE(2.E-2),#41);
#1164=PRESENTATION_STYLE_ASSIGNMENT((#1163));
#1165=STYLED_ITEM('',(#1164),#1162);
#1166=DIRECTION('',(0.E0,0.E0,-1.E0));
#1167=VECTOR('',#1166,8.E0);
#1168=CARTESIAN_POINT('',(1.345E1,-1.167720779386E1,8.E0));
#1169=LINE('',#1168,#1167);
#1170=CURVE_STYLE('',#62,POSITIVE_LENGTH_MEASURE(2.E-2),#41);
#1171=PRESENTATION_STYLE_ASSIGNMENT((#1170));
#1172=STYLED_ITEM('',(#1171),#1169);
#1173=DIRECTION('',(0.E0,1.E0,0.E0));
#1174=VECTOR('',#1173,2.262720779386E1);
#1175=CARTESIAN_POINT('',(1.345E1,-1.167720779386E1,0.E0));
#1176=LINE('',#1175,#1174);
#1177=CURVE_STYLE('',#62,POSITIVE_LENGTH_MEASURE(2.E-2),#41);
#1178=PRESENTATION_STYLE_ASSIGNMENT((#1177));
#1179=STYLED_ITEM('',(#1178),#1176);
#1180=DIRECTION('',(0.E0,0.E0,1.E0));
#1181=VECTOR('',#1180,8.E0);
#1182=CARTESIAN_POINT('',(1.345E1,1.095E1,0.E0));
#1183=LINE('',#1182,#1181);
#1184=CURVE_STYLE('',#62,POSITIVE_LENGTH_MEASURE(2.E-2),#41);
#1185=PRESENTATION_STYLE_ASSIGNMENT((#1184));
#1186=STYLED_ITEM('',(#1185),#1183);
#1187=DIRECTION('',(0.E0,-1.E0,0.E0));
#1188=VECTOR('',#1187,2.262720779386E1);
#1189=CARTESIAN_POINT('',(1.345E1,1.095E1,8.E0));
#1190=LINE('',#1189,#1188);
#1191=CURVE_STYLE('',#62,POSITIVE_LENGTH_MEASURE(2.E-2),#41);
#1192=PRESENTATION_STYLE_ASSIGNMENT((#1191));
#1193=STYLED_ITEM('',(#1192),#1190);
#1194=CARTESIAN_POINT('',(1.245E1,1.095E1,0.E0));
#1195=DIRECTION('',(0.E0,0.E0,1.E0));
#1196=DIRECTION('',(1.E0,0.E0,0.E0));
#1197=AXIS2_PLACEMENT_3D('',#1194,#1195,#1196);
#1199=CURVE_STYLE('',#62,POSITIVE_LENGTH_MEASURE(2.E-2),#41);
#1200=PRESENTATION_STYLE_ASSIGNMENT((#1199));
#1201=STYLED_ITEM('',(#1200),#1198);
#1202=CARTESIAN_POINT('',(1.245E1,1.095E1,8.E0));
#1203=DIRECTION('',(0.E0,0.E0,-1.E0));
#1204=DIRECTION('',(0.E0,1.E0,0.E0));
#1205=AXIS2_PLACEMENT_3D('',#1202,#1203,#1204);
#1207=CURVE_STYLE('',#62,POSITIVE_LENGTH_MEASURE(2.E-2),#41);
#1208=PRESENTATION_STYLE_ASSIGNMENT((#1207));
#1209=STYLED_ITEM('',(#1208),#1206);
#1210=DIRECTION('',(0.E0,0.E0,1.E0));
#1211=VECTOR('',#1210,8.E0);
#1212=CARTESIAN_POINT('',(3.E-1,1.195E1,0.E0));
#1213=LINE('',#1212,#1211);
#1214=CURVE_STYLE('',#62,POSITIVE_LENGTH_MEASURE(2.E-2),#41);
#1215=PRESENTATION_STYLE_ASSIGNMENT((#1214));
#1216=STYLED_ITEM('',(#1215),#1213);
#1217=DIRECTION('',(0.E0,0.E0,1.E0));
#1218=VECTOR('',#1217,8.E0);
#1219=CARTESIAN_POINT('',(1.245E1,1.195E1,0.E0));
#1220=LINE('',#1219,#1218);
#1221=CURVE_STYLE('',#62,POSITIVE_LENGTH_MEASURE(2.E-2),#41);
#1222=PRESENTATION_STYLE_ASSIGNMENT((#1221));
#1223=STYLED_ITEM('',(#1222),#1220);
#1224=DIRECTION('',(0.E0,0.E0,1.E0));
#1225=VECTOR('',#1224,8.E0);
#1226=CARTESIAN_POINT('',(3.E-1,1.315E1,0.E0));
#1227=LINE('',#1226,#1225);
#1228=CURVE_STYLE('',#62,POSITIVE_LENGTH_MEASURE(2.E-2),#41);
#1229=PRESENTATION_STYLE_ASSIGNMENT((#1228));
#1230=STYLED_ITEM('',(#1229),#1227);
#1231=DIRECTION('',(0.E0,0.E0,-1.E0));
#1232=VECTOR('',#1231,8.E0);
#1233=CARTESIAN_POINT('',(1.232304913964E1,1.315E1,8.E0));
#1234=LINE('',#1233,#1232);
#1235=CURVE_STYLE('',#62,POSITIVE_LENGTH_MEASURE(2.E-2),#41);
#1236=PRESENTATION_STYLE_ASSIGNMENT((#1235));
#1237=STYLED_ITEM('',(#1236),#1234);
#1238=DIRECTION('',(0.E0,7.071067811870E-1,-7.071067811861E-1));
#1239=VECTOR('',#1238,1.414213562457E0);
#1240=CARTESIAN_POINT('',(0.E0,1.719999999994E1,8.E0));
#1241=LINE('',#1240,#1239);
#1242=CURVE_STYLE('',#62,POSITIVE_LENGTH_MEASURE(2.E-2),#41);
#1243=PRESENTATION_STYLE_ASSIGNMENT((#1242));
#1244=STYLED_ITEM('',(#1243),#1241);
#1245=CARTESIAN_POINT('',(2.645975360797E-11,2.319999999986E1,
7.000000000068E0));
#1246=DIRECTION('',(0.E0,0.E0,1.E0));
#1247=DIRECTION('',(-5.291889489406E-12,-1.E0,0.E0));
#1248=AXIS2_PLACEMENT_3D('',#1245,#1246,#1247);
#1250=CURVE_STYLE('',#62,POSITIVE_LENGTH_MEASURE(2.E-2),#41);
#1251=PRESENTATION_STYLE_ASSIGNMENT((#1250));
#1252=STYLED_ITEM('',(#1251),#1249);
#1253=DIRECTION('',(0.E0,-7.071067811870E-1,-7.071067811861E-1));
#1254=VECTOR('',#1253,1.414213562049E0);
#1255=CARTESIAN_POINT('',(0.E0,2.919999999977E1,8.E0));
#1256=LINE('',#1255,#1254);
#1257=CURVE_STYLE('',#62,POSITIVE_LENGTH_MEASURE(2.E-2),#41);
#1258=PRESENTATION_STYLE_ASSIGNMENT((#1257));
#1259=STYLED_ITEM('',(#1258),#1256);
#1260=CARTESIAN_POINT('',(2.645975360797E-11,2.319999999986E1,8.E0));
#1261=DIRECTION('',(0.E0,0.E0,-1.E0));
#1262=DIRECTION('',(-4.409958934723E-12,1.E0,0.E0));
#1263=AXIS2_PLACEMENT_3D('',#1260,#1261,#1262);
#1265=CURVE_STYLE('',#62,POSITIVE_LENGTH_MEASURE(2.E-2),#41);
#1266=PRESENTATION_STYLE_ASSIGNMENT((#1265));
#1267=STYLED_ITEM('',(#1266),#1264);
#1268=CARTESIAN_POINT('',(-2.645975360797E-11,2.319999999986E1,8.E0));
#1269=DIRECTION('',(0.E0,0.E0,1.E0));
#1270=DIRECTION('',(4.409958934723E-12,1.E0,0.E0));
#1271=AXIS2_PLACEMENT_3D('',#1268,#1269,#1270);
#1273=CURVE_STYLE('',#62,POSITIVE_LENGTH_MEASURE(2.E-2),#41);
#1274=PRESENTATION_STYLE_ASSIGNMENT((#1273));
#1275=STYLED_ITEM('',(#1274),#1272);
#1276=CARTESIAN_POINT('',(-2.645975360797E-11,2.319999999986E1,
7.000000000068E0));
#1277=DIRECTION('',(0.E0,0.E0,-1.E0));
#1278=DIRECTION('',(5.291889489406E-12,-1.E0,0.E0));
#1279=AXIS2_PLACEMENT_3D('',#1276,#1277,#1278);
#1281=CURVE_STYLE('',#62,POSITIVE_LENGTH_MEASURE(2.E-2),#41);
#1282=PRESENTATION_STYLE_ASSIGNMENT((#1281));
#1283=STYLED_ITEM('',(#1282),#1280);
#1284=DIRECTION('',(0.E0,0.E0,-1.E0));
#1285=VECTOR('',#1284,5.999999999715E0);
#1286=CARTESIAN_POINT('',(0.E0,1.82E1,6.999999999941E0));
#1287=LINE('',#1286,#1285);
#1288=CURVE_STYLE('',#62,POSITIVE_LENGTH_MEASURE(2.E-2),#41);
#1289=PRESENTATION_STYLE_ASSIGNMENT((#1288));
#1290=STYLED_ITEM('',(#1289),#1287);
#1291=DIRECTION('',(0.E0,0.E0,-1.E0));
#1292=VECTOR('',#1291,6.000000000285E0);
#1293=CARTESIAN_POINT('',(0.E0,2.82E1,7.000000000230E0));
#1294=LINE('',#1293,#1292);
#1295=CURVE_STYLE('',#62,POSITIVE_LENGTH_MEASURE(2.E-2),#41);
#1296=PRESENTATION_STYLE_ASSIGNMENT((#1295));
#1297=STYLED_ITEM('',(#1296),#1294);
#1298=DIRECTION('',(0.E0,-7.071067811870E-1,7.071067811861E-1));
#1299=VECTOR('',#1298,1.414213562296E0);
#1300=CARTESIAN_POINT('',(0.E0,2.919999999995E1,0.E0));
#1301=LINE('',#1300,#1299);
#1302=CURVE_STYLE('',#62,POSITIVE_LENGTH_MEASURE(2.E-2),#41);
#1303=PRESENTATION_STYLE_ASSIGNMENT((#1302));
#1304=STYLED_ITEM('',(#1303),#1301);
#1305=CARTESIAN_POINT('',(-3.053732011945E-11,2.319999999986E1,
1.000000000065E0));
#1306=DIRECTION('',(0.E0,0.E0,-1.E0));
#1307=DIRECTION('',(6.107525256058E-12,1.E0,0.E0));
#1308=AXIS2_PLACEMENT_3D('',#1305,#1306,#1307);
#1310=CURVE_STYLE('',#62,POSITIVE_LENGTH_MEASURE(2.E-2),#41);
#1311=PRESENTATION_STYLE_ASSIGNMENT((#1310));
#1312=STYLED_ITEM('',(#1311),#1309);
#1313=DIRECTION('',(0.E0,7.071067811870E-1,7.071067811861E-1));
#1314=VECTOR('',#1313,1.414213562693E0);
#1315=CARTESIAN_POINT('',(0.E0,1.719999999977E1,0.E0));
#1316=LINE('',#1315,#1314);
#1317=CURVE_STYLE('',#62,POSITIVE_LENGTH_MEASURE(2.E-2),#41);
#1318=PRESENTATION_STYLE_ASSIGNMENT((#1317));
#1319=STYLED_ITEM('',(#1318),#1316);
#1320=CARTESIAN_POINT('',(-3.053732011945E-11,2.319999999986E1,0.E0));
#1321=DIRECTION('',(0.E0,0.E0,1.E0));
#1322=DIRECTION('',(5.089553353387E-12,-1.E0,0.E0));
#1323=AXIS2_PLACEMENT_3D('',#1320,#1321,#1322);
#1325=CURVE_STYLE('',#62,POSITIVE_LENGTH_MEASURE(2.E-2),#41);
#1326=PRESENTATION_STYLE_ASSIGNMENT((#1325));
#1327=STYLED_ITEM('',(#1326),#1324);
#1328=CARTESIAN_POINT('',(3.053732011945E-11,2.319999999986E1,0.E0));
#1329=DIRECTION('',(0.E0,0.E0,-1.E0));
#1330=DIRECTION('',(-5.089553352949E-12,-1.E0,0.E0));
#1331=AXIS2_PLACEMENT_3D('',#1328,#1329,#1330);
#1333=CURVE_STYLE('',#62,POSITIVE_LENGTH_MEASURE(2.E-2),#41);
#1334=PRESENTATION_STYLE_ASSIGNMENT((#1333));
#1335=STYLED_ITEM('',(#1334),#1332);
#1336=CARTESIAN_POINT('',(3.053732011945E-11,2.319999999986E1,
1.000000000065E0));
#1337=DIRECTION('',(0.E0,0.E0,1.E0));
#1338=DIRECTION('',(-6.107525256058E-12,1.E0,0.E0));
#1339=AXIS2_PLACEMENT_3D('',#1336,#1337,#1338);
#1341=CURVE_STYLE('',#62,POSITIVE_LENGTH_MEASURE(2.E-2),#41);
#1342=PRESENTATION_STYLE_ASSIGNMENT((#1341));
#1343=STYLED_ITEM('',(#1342),#1340);
#1344=DIRECTION('',(1.E0,0.E0,0.E0));
#1345=VECTOR('',#1344,2.889999997371E1);
#1346=CARTESIAN_POINT('',(-1.444999998685E1,-1.694999999946E1,
8.000000000545E0));
#1347=LINE('',#1346,#1345);
#1348=CURVE_STYLE('',#62,POSITIVE_LENGTH_MEASURE(2.E-2),#41);
#1349=PRESENTATION_STYLE_ASSIGNMENT((#1348));
#1350=STYLED_ITEM('',(#1349),#1347);
#1351=DIRECTION('',(-1.E0,0.E0,0.E0));
#1352=VECTOR('',#1351,2.889999997634E1);
#1353=CARTESIAN_POINT('',(1.444999998817E1,-1.744999999951E1,7.500000000490E0));
#1354=LINE('',#1353,#1352);
#1355=CURVE_STYLE('',#62,POSITIVE_LENGTH_MEASURE(2.E-2),#41);
#1356=PRESENTATION_STYLE_ASSIGNMENT((#1355));
#1357=STYLED_ITEM('',(#1356),#1354);
#1358=DIRECTION('',(-1.858989470879E-9,-7.071067811865E-1,-7.071067811866E-1));
#1359=VECTOR('',#1358,7.071067812636E-1);
#1360=CARTESIAN_POINT('',(-1.444999998685E1,-1.694999999946E1,
8.000000000545E0));
#1361=LINE('',#1360,#1359);
#1362=CURVE_STYLE('',#62,POSITIVE_LENGTH_MEASURE(2.E-2),#41);
#1363=PRESENTATION_STYLE_ASSIGNMENT((#1362));
#1364=STYLED_ITEM('',(#1363),#1361);
#1365=DIRECTION('',(-7.071067811865E-1,-2.299464465350E-9,-7.071067811865E-1));
#1366=VECTOR('',#1365,7.071067812372E-1);
#1367=CARTESIAN_POINT('',(-1.694999999964E1,-1.444999998374E1,
8.000000000358E0));
#1368=LINE('',#1367,#1366);
#1369=CURVE_STYLE('',#62,POSITIVE_LENGTH_MEASURE(2.E-2),#41);
#1370=PRESENTATION_STYLE_ASSIGNMENT((#1369));
#1371=STYLED_ITEM('',(#1370),#1368);
#1372=DIRECTION('',(-1.767335765554E-12,-1.E0,1.767431747676E-12));
#1373=VECTOR('',#1372,2.949579181561E1);
#1374=CARTESIAN_POINT('',(-1.744999999963E1,1.504579183024E1,
4.999999996254E-1));
#1375=LINE('',#1374,#1373);
#1376=CURVE_STYLE('',#62,POSITIVE_LENGTH_MEASURE(2.E-2),#41);
#1377=PRESENTATION_STYLE_ASSIGNMENT((#1376));
#1378=STYLED_ITEM('',(#1377),#1375);
#1379=DIRECTION('',(0.E0,0.E0,-1.E0));
#1380=VECTOR('',#1379,7.000000000749E0);
#1381=CARTESIAN_POINT('',(-1.744999999963E1,1.504579183024E1,7.500000000375E0));
#1382=LINE('',#1381,#1380);
#1383=CURVE_STYLE('',#62,POSITIVE_LENGTH_MEASURE(2.E-2),#41);
#1384=PRESENTATION_STYLE_ASSIGNMENT((#1383));
#1385=STYLED_ITEM('',(#1384),#1382);
#1386=DIRECTION('',(1.767335765554E-12,1.E0,1.767426101669E-12));
#1387=VECTOR('',#1386,2.949579181561E1);
#1388=CARTESIAN_POINT('',(-1.744999999968E1,-1.444999998537E1,
7.500000000322E0));
#1389=LINE('',#1388,#1387);
#1390=CURVE_STYLE('',#62,POSITIVE_LENGTH_MEASURE(2.E-2),#41);
#1391=PRESENTATION_STYLE_ASSIGNMENT((#1390));
#1392=STYLED_ITEM('',(#1391),#1389);
#1393=DIRECTION('',(0.E0,0.E0,-1.E0));
#1394=VECTOR('',#1393,7.000000000645E0);
#1395=CARTESIAN_POINT('',(-1.744999999968E1,-1.444999998537E1,
7.500000000322E0));
#1396=LINE('',#1395,#1394);
#1397=CURVE_STYLE('',#62,POSITIVE_LENGTH_MEASURE(2.E-2),#41);
#1398=PRESENTATION_STYLE_ASSIGNMENT((#1397));
#1399=STYLED_ITEM('',(#1398),#1396);
#1400=CARTESIAN_POINT('',(-1.445E1,1.504579183930E1,5.E-1));
#1401=DIRECTION('',(0.E0,0.E0,1.E0));
#1402=DIRECTION('',(-2.291096198410E-1,9.734006277460E-1,0.E0));
#1403=AXIS2_PLACEMENT_3D('',#1400,#1401,#1402);
#1405=CURVE_STYLE('',#62,POSITIVE_LENGTH_MEASURE(2.E-2),#41);
#1406=PRESENTATION_STYLE_ASSIGNMENT((#1405));
#1407=STYLED_ITEM('',(#1406),#1404);
#1408=CARTESIAN_POINT('',(-1.445E1,1.504579183930E1,7.5E0));
#1409=DIRECTION('',(0.E0,0.E0,-1.E0));
#1410=DIRECTION('',(-1.E0,0.E0,0.E0));
#1411=AXIS2_PLACEMENT_3D('',#1408,#1409,#1410);
#1413=CURVE_STYLE('',#62,POSITIVE_LENGTH_MEASURE(2.E-2),#41);
#1414=PRESENTATION_STYLE_ASSIGNMENT((#1413));
#1415=STYLED_ITEM('',(#1414),#1412);
#1416=DIRECTION('',(-7.071067811865E-1,1.424151736494E-9,-7.071067811865E-1));
#1417=VECTOR('',#1416,7.071067812454E-1);
#1418=CARTESIAN_POINT('',(-1.694999999958E1,1.504579182923E1,8.000000000416E0));
#1419=LINE('',#1418,#1417);
#1420=CURVE_STYLE('',#62,POSITIVE_LENGTH_MEASURE(2.E-2),#41);
#1421=PRESENTATION_STYLE_ASSIGNMENT((#1420));
#1422=STYLED_ITEM('',(#1421),#1419);
#1423=DIRECTION('',(-1.620049612279E-1,6.882981857724E-1,-7.071067811865E-1));
#1424=VECTOR('',#1423,7.071067811926E-1);
#1425=CARTESIAN_POINT('',(-1.502277405306E1,1.747929340765E1,8.000000000193E0));
#1426=LINE('',#1425,#1424);
#1427=CURVE_STYLE('',#62,POSITIVE_LENGTH_MEASURE(2.E-2),#41);
#1428=PRESENTATION_STYLE_ASSIGNMENT((#1427));
#1429=STYLED_ITEM('',(#1428),#1426);
#1430=CARTESIAN_POINT('',(0.E0,2.32E1,7.5E0));
#1431=DIRECTION('',(0.E0,0.E0,-1.E0));
#1432=DIRECTION('',(-9.682458365519E-1,2.5E-1,0.E0));
#1433=AXIS2_PLACEMENT_3D('',#1430,#1431,#1432);
#1435=CURVE_STYLE('',#62,POSITIVE_LENGTH_MEASURE(2.E-2),#41);
#1436=PRESENTATION_STYLE_ASSIGNMENT((#1435));
#1437=STYLED_ITEM('',(#1436),#1434);
#1438=DIRECTION('',(6.846531971353E-1,1.767766943136E-1,-7.071067811865E-1));
#1439=VECTOR('',#1438,7.070799022221E-1);
#1440=CARTESIAN_POINT('',(7.261853997196E0,2.507500264314E1,7.999989440782E0));
#1441=LINE('',#1440,#1439);
#1442=CURVE_STYLE('',#62,POSITIVE_LENGTH_MEASURE(2.E-2),#41);
#1443=PRESENTATION_STYLE_ASSIGNMENT((#1442));
#1444=STYLED_ITEM('',(#1443),#1441);
#1445=CARTESIAN_POINT('',(0.E0,2.32E1,8.E0));
#1446=DIRECTION('',(0.E0,0.E0,1.E0));
#1447=DIRECTION('',(9.682458365519E-1,2.5E-1,0.E0));
#1448=AXIS2_PLACEMENT_3D('',#1445,#1446,#1447);
#1450=CURVE_STYLE('',#62,POSITIVE_LENGTH_MEASURE(2.E-2),#41);
#1451=PRESENTATION_STYLE_ASSIGNMENT((#1450));
#1452=STYLED_ITEM('',(#1451),#1449);
#1453=DIRECTION('',(-6.846531971353E-1,1.767766943136E-1,-7.071067811865E-1));
#1454=VECTOR('',#1453,7.070799022221E-1);
#1455=CARTESIAN_POINT('',(-7.261853997196E0,2.507500264314E1,7.999989440782E0));
#1456=LINE('',#1455,#1454);
#1457=CURVE_STYLE('',#62,POSITIVE_LENGTH_MEASURE(2.E-2),#41);
#1458=PRESENTATION_STYLE_ASSIGNMENT((#1457));
#1459=STYLED_ITEM('',(#1458),#1456);
#1460=DIRECTION('',(1.620049612279E-1,6.882981857724E-1,-7.071067811865E-1));
#1461=VECTOR('',#1460,7.071067811926E-1);
#1462=CARTESIAN_POINT('',(1.502277405306E1,1.747929340765E1,8.000000000193E0));
#1463=LINE('',#1462,#1461);
#1464=CURVE_STYLE('',#62,POSITIVE_LENGTH_MEASURE(2.E-2),#41);
#1465=PRESENTATION_STYLE_ASSIGNMENT((#1464));
#1466=STYLED_ITEM('',(#1465),#1463);
#1467=DIRECTION('',(7.071067811865E-1,1.424151736494E-9,-7.071067811865E-1));
#1468=VECTOR('',#1467,7.071067812454E-1);
#1469=CARTESIAN_POINT('',(1.694999999958E1,1.504579182923E1,8.000000000416E0));
#1470=LINE('',#1469,#1468);
#1471=CURVE_STYLE('',#62,POSITIVE_LENGTH_MEASURE(2.E-2),#41);
#1472=PRESENTATION_STYLE_ASSIGNMENT((#1471));
#1473=STYLED_ITEM('',(#1472),#1470);
#1474=DIRECTION('',(7.071067811865E-1,-2.299466977498E-9,-7.071067811865E-1));
#1475=VECTOR('',#1474,7.071067812372E-1);
#1476=CARTESIAN_POINT('',(1.694999999964E1,-1.444999998374E1,8.000000000358E0));
#1477=LINE('',#1476,#1475);
#1478=CURVE_STYLE('',#62,POSITIVE_LENGTH_MEASURE(2.E-2),#41);
#1479=PRESENTATION_STYLE_ASSIGNMENT((#1478));
#1480=STYLED_ITEM('',(#1479),#1477);
#1481=CARTESIAN_POINT('',(1.232304913964E1,1.315E1,8.E0));
#1482=CARTESIAN_POINT('',(1.232304913964E1,1.315E1,0.E0));
#1483=VERTEX_POINT('',#1481);
#1484=VERTEX_POINT('',#1482);
#1485=CARTESIAN_POINT('',(1.232304913964E1,1.515E1,8.E0));
#1486=CARTESIAN_POINT('',(1.232304913964E1,1.515E1,0.E0));
#1487=VERTEX_POINT('',#1485);
#1488=VERTEX_POINT('',#1486);
#1489=CARTESIAN_POINT('',(1.345E1,1.095E1,0.E0));
#1490=CARTESIAN_POINT('',(1.345E1,1.095E1,8.E0));
#1491=VERTEX_POINT('',#1489);
#1492=VERTEX_POINT('',#1490);
#1493=CARTESIAN_POINT('',(1.245E1,1.195E1,0.E0));
#1494=CARTESIAN_POINT('',(1.245E1,1.195E1,8.E0));
#1495=VERTEX_POINT('',#1493);
#1496=VERTEX_POINT('',#1494);
#1497=CARTESIAN_POINT('',(1.345E1,-1.167720779386E1,8.E0));
#1498=CARTESIAN_POINT('',(1.345E1,-1.167720779386E1,0.E0));
#1499=VERTEX_POINT('',#1497);
#1500=VERTEX_POINT('',#1498);
#1501=CARTESIAN_POINT('',(1.259644660941E1,-1.203076118446E1,8.E0));
#1502=CARTESIAN_POINT('',(1.259644660941E1,-1.203076118446E1,0.E0));
#1503=VERTEX_POINT('',#1501);
#1504=VERTEX_POINT('',#1502);
#1505=CARTESIAN_POINT('',(1.203076118446E1,-1.259644660941E1,8.E0));
#1506=CARTESIAN_POINT('',(1.203076118446E1,-1.259644660941E1,0.E0));
#1507=VERTEX_POINT('',#1505);
#1508=VERTEX_POINT('',#1506);
#1509=CARTESIAN_POINT('',(1.167720779386E1,-1.345E1,8.E0));
#1510=CARTESIAN_POINT('',(1.167720779386E1,-1.345E1,0.E0));
#1511=VERTEX_POINT('',#1509);
#1512=VERTEX_POINT('',#1510);
#1513=CARTESIAN_POINT('',(1.070233405971E1,-1.168223304703E1,8.E0));
#1514=CARTESIAN_POINT('',(1.070233405971E1,-1.168223304703E1,0.E0));
#1515=VERTEX_POINT('',#1513);
#1516=VERTEX_POINT('',#1514);
#1517=CARTESIAN_POINT('',(1.140944084090E1,-1.197512626585E1,8.E0));
#1518=CARTESIAN_POINT('',(1.140944084090E1,-1.197512626585E1,0.E0));
#1519=VERTEX_POINT('',#1517);
#1520=VERTEX_POINT('',#1518);
#1521=CARTESIAN_POINT('',(1.197512626585E1,-1.140944084090E1,8.E0));
#1522=CARTESIAN_POINT('',(1.197512626585E1,-1.140944084090E1,0.E0));
#1523=VERTEX_POINT('',#1521);
#1524=VERTEX_POINT('',#1522);
#1525=CARTESIAN_POINT('',(1.168223304703E1,-1.070233405971E1,8.E0));
#1526=CARTESIAN_POINT('',(1.168223304703E1,-1.070233405971E1,0.E0));
#1527=VERTEX_POINT('',#1525);
#1528=VERTEX_POINT('',#1526);
#1529=CARTESIAN_POINT('',(7.985385976291E0,-9.975126265847E0,8.E0));
#1530=CARTESIAN_POINT('',(8.692492757478E0,-1.168223304703E1,8.E0));
#1531=VERTEX_POINT('',#1529);
#1532=VERTEX_POINT('',#1530);
#1533=CARTESIAN_POINT('',(8.692492757478E0,-1.168223304703E1,0.E0));
#1534=VERTEX_POINT('',#1533);
#1535=CARTESIAN_POINT('',(7.985385976291E0,-9.975126265847E0,0.E0));
#1536=VERTEX_POINT('',#1535);
#1537=CARTESIAN_POINT('',(9.975126265847E0,-7.985385976291E0,0.E0));
#1538=CARTESIAN_POINT('',(1.168223304703E1,-8.692492757478E0,0.E0));
#1539=VERTEX_POINT('',#1537);
#1540=VERTEX_POINT('',#1538);
#1541=CARTESIAN_POINT('',(1.168223304703E1,-8.692492757478E0,8.E0));
#1542=VERTEX_POINT('',#1541);
#1543=CARTESIAN_POINT('',(9.975126265847E0,-7.985385976291E0,8.E0));
#1544=VERTEX_POINT('',#1543);
#1545=CARTESIAN_POINT('',(-1.232304913964E1,1.315E1,8.E0));
#1546=CARTESIAN_POINT('',(-1.232304913964E1,1.315E1,0.E0));
#1547=VERTEX_POINT('',#1545);
#1548=VERTEX_POINT('',#1546);
#1549=CARTESIAN_POINT('',(-1.232304913964E1,1.515E1,8.E0));
#1550=CARTESIAN_POINT('',(-1.232304913964E1,1.515E1,0.E0));
#1551=VERTEX_POINT('',#1549);
#1552=VERTEX_POINT('',#1550);
#1553=CARTESIAN_POINT('',(-1.345E1,1.095E1,0.E0));
#1554=CARTESIAN_POINT('',(-1.345E1,1.095E1,8.E0));
#1555=VERTEX_POINT('',#1553);
#1556=VERTEX_POINT('',#1554);
#1557=CARTESIAN_POINT('',(-1.245E1,1.195E1,0.E0));
#1558=CARTESIAN_POINT('',(-1.245E1,1.195E1,8.E0));
#1559=VERTEX_POINT('',#1557);
#1560=VERTEX_POINT('',#1558);
#1561=CARTESIAN_POINT('',(-1.345E1,-1.167720779386E1,8.E0));
#1562=CARTESIAN_POINT('',(-1.345E1,-1.167720779386E1,0.E0));
#1563=VERTEX_POINT('',#1561);
#1564=VERTEX_POINT('',#1562);
#1565=CARTESIAN_POINT('',(-1.259644660941E1,-1.203076118446E1,8.E0));
#1566=CARTESIAN_POINT('',(-1.259644660941E1,-1.203076118446E1,0.E0));
#1567=VERTEX_POINT('',#1565);
#1568=VERTEX_POINT('',#1566);
#1569=CARTESIAN_POINT('',(-1.203076118446E1,-1.259644660941E1,8.E0));
#1570=CARTESIAN_POINT('',(-1.203076118446E1,-1.259644660941E1,0.E0));
#1571=VERTEX_POINT('',#1569);
#1572=VERTEX_POINT('',#1570);
#1573=CARTESIAN_POINT('',(-1.167720779386E1,-1.345E1,8.E0));
#1574=CARTESIAN_POINT('',(-1.167720779386E1,-1.345E1,0.E0));
#1575=VERTEX_POINT('',#1573);
#1576=VERTEX_POINT('',#1574);
#1577=CARTESIAN_POINT('',(-1.070233405971E1,-1.168223304703E1,8.E0));
#1578=CARTESIAN_POINT('',(-1.070233405971E1,-1.168223304703E1,0.E0));
#1579=VERTEX_POINT('',#1577);
#1580=VERTEX_POINT('',#1578);
#1581=CARTESIAN_POINT('',(-1.140944084090E1,-1.197512626585E1,8.E0));
#1582=CARTESIAN_POINT('',(-1.140944084090E1,-1.197512626585E1,0.E0));
#1583=VERTEX_POINT('',#1581);
#1584=VERTEX_POINT('',#1582);
#1585=CARTESIAN_POINT('',(-1.197512626585E1,-1.140944084090E1,8.E0));
#1586=CARTESIAN_POINT('',(-1.197512626585E1,-1.140944084090E1,0.E0));
#1587=VERTEX_POINT('',#1585);
#1588=VERTEX_POINT('',#1586);
#1589=CARTESIAN_POINT('',(-1.168223304703E1,-1.070233405971E1,8.E0));
#1590=CARTESIAN_POINT('',(-1.168223304703E1,-1.070233405971E1,0.E0));
#1591=VERTEX_POINT('',#1589);
#1592=VERTEX_POINT('',#1590);
#1593=CARTESIAN_POINT('',(-7.985385976291E0,-9.975126265847E0,8.E0));
#1594=CARTESIAN_POINT('',(-8.692492757478E0,-1.168223304703E1,8.E0));
#1595=VERTEX_POINT('',#1593);
#1596=VERTEX_POINT('',#1594);
#1597=CARTESIAN_POINT('',(-8.692492757478E0,-1.168223304703E1,0.E0));
#1598=VERTEX_POINT('',#1597);
#1599=CARTESIAN_POINT('',(-7.985385976291E0,-9.975126265847E0,0.E0));
#1600=VERTEX_POINT('',#1599);
#1601=CARTESIAN_POINT('',(-9.975126265847E0,-7.985385976291E0,0.E0));
#1602=CARTESIAN_POINT('',(-1.168223304703E1,-8.692492757478E0,0.E0));
#1603=VERTEX_POINT('',#1601);
#1604=VERTEX_POINT('',#1602);
#1605=CARTESIAN_POINT('',(-1.168223304703E1,-8.692492757478E0,8.E0));
#1606=VERTEX_POINT('',#1605);
#1607=CARTESIAN_POINT('',(-9.975126265847E0,-7.985385976291E0,8.E0));
#1608=VERTEX_POINT('',#1607);
#1609=CARTESIAN_POINT('',(3.E-1,1.195E1,0.E0));
#1610=CARTESIAN_POINT('',(3.E-1,1.315E1,0.E0));
#1611=VERTEX_POINT('',#1609);
#1612=VERTEX_POINT('',#1610);
#1613=CARTESIAN_POINT('',(3.E-1,1.195E1,8.E0));
#1614=CARTESIAN_POINT('',(3.E-1,1.315E1,8.E0));
#1615=VERTEX_POINT('',#1613);
#1616=VERTEX_POINT('',#1614);
#1617=CARTESIAN_POINT('',(-3.E-1,1.195E1,0.E0));
#1618=CARTESIAN_POINT('',(-3.E-1,1.315E1,0.E0));
#1619=VERTEX_POINT('',#1617);
#1620=VERTEX_POINT('',#1618);
#1621=CARTESIAN_POINT('',(-3.E-1,1.195E1,8.E0));
#1622=CARTESIAN_POINT('',(-3.E-1,1.315E1,8.E0));
#1623=VERTEX_POINT('',#1621);
#1624=VERTEX_POINT('',#1622);
#1625=CARTESIAN_POINT('',(0.E0,1.82E1,6.999999999941E0));
#1626=CARTESIAN_POINT('',(0.E0,1.82E1,1.000000000226E0));
#1627=VERTEX_POINT('',#1625);
#1628=VERTEX_POINT('',#1626);
#1629=CARTESIAN_POINT('',(0.E0,2.82E1,7.000000000230E0));
#1630=CARTESIAN_POINT('',(0.E0,2.82E1,9.999999999450E-1));
#1631=VERTEX_POINT('',#1629);
#1632=VERTEX_POINT('',#1630);
#1633=CARTESIAN_POINT('',(0.E0,1.719999999994E1,8.E0));
#1634=VERTEX_POINT('',#1633);
#1635=CARTESIAN_POINT('',(0.E0,2.919999999977E1,8.E0));
#1636=VERTEX_POINT('',#1635);
#1637=CARTESIAN_POINT('',(0.E0,2.919999999995E1,0.E0));
#1638=VERTEX_POINT('',#1637);
#1639=CARTESIAN_POINT('',(0.E0,1.719999999977E1,0.E0));
#1640=VERTEX_POINT('',#1639);
#1641=CARTESIAN_POINT('',(1.694999999958E1,1.504579182923E1,
-4.162359161045E-10));
#1642=CARTESIAN_POINT('',(1.694999999964E1,-1.444999998374E1,
-3.583105478988E-10));
#1643=VERTEX_POINT('',#1641);
#1644=VERTEX_POINT('',#1642);
#1645=CARTESIAN_POINT('',(1.744999999963E1,1.504579183024E1,4.999999996254E-1));
#1646=CARTESIAN_POINT('',(1.744999999968E1,-1.444999998537E1,
4.999999996775E-1));
#1647=VERTEX_POINT('',#1645);
#1648=VERTEX_POINT('',#1646);
#1649=CARTESIAN_POINT('',(1.445E1,-1.695E1,0.E0));
#1650=VERTEX_POINT('',#1649);
#1651=CARTESIAN_POINT('',(1.445E1,-1.745E1,5.E-1));
#1652=VERTEX_POINT('',#1651);
#1653=CARTESIAN_POINT('',(7.261843774139E0,2.5075E1,0.E0));
#1654=CARTESIAN_POINT('',(1.502277404960E1,1.747929340867E1,0.E0));
#1655=VERTEX_POINT('',#1653);
#1656=VERTEX_POINT('',#1654);
#1657=CARTESIAN_POINT('',(7.745966692415E0,2.52E1,5.E-1));
#1658=CARTESIAN_POINT('',(1.513732885952E1,1.796599372254E1,5.E-1));
#1659=VERTEX_POINT('',#1657);
#1660=VERTEX_POINT('',#1658);
#1661=CARTESIAN_POINT('',(1.695E1,1.504579183930E1,8.E0));
#1662=CARTESIAN_POINT('',(1.502277404960E1,1.747929340867E1,8.E0));
#1663=VERTEX_POINT('',#1661);
#1664=VERTEX_POINT('',#1662);
#1665=CARTESIAN_POINT('',(1.745E1,1.504579183930E1,7.5E0));
#1666=CARTESIAN_POINT('',(1.513732885952E1,1.796599372254E1,7.5E0));
#1667=VERTEX_POINT('',#1665);
#1668=VERTEX_POINT('',#1666);
#1669=CARTESIAN_POINT('',(7.261843774139E0,2.5075E1,8.E0));
#1670=VERTEX_POINT('',#1669);
#1671=CARTESIAN_POINT('',(7.745966692415E0,2.52E1,7.5E0));
#1672=VERTEX_POINT('',#1671);
#1673=CARTESIAN_POINT('',(1.445E1,-1.695E1,8.E0));
#1674=CARTESIAN_POINT('',(1.695E1,-1.445E1,8.E0));
#1675=VERTEX_POINT('',#1673);
#1676=VERTEX_POINT('',#1674);
#1677=CARTESIAN_POINT('',(1.445E1,-1.745E1,7.5E0));
#1678=CARTESIAN_POINT('',(1.745E1,-1.445E1,7.5E0));
#1679=VERTEX_POINT('',#1677);
#1680=VERTEX_POINT('',#1678);
#1681=CARTESIAN_POINT('',(-1.694999999958E1,1.504579182923E1,
-4.162359161045E-10));
#1682=CARTESIAN_POINT('',(-1.694999999964E1,-1.444999998374E1,
-3.583105478988E-10));
#1683=VERTEX_POINT('',#1681);
#1684=VERTEX_POINT('',#1682);
#1685=CARTESIAN_POINT('',(-1.744999999963E1,1.504579183024E1,
4.999999996254E-1));
#1686=CARTESIAN_POINT('',(-1.744999999968E1,-1.444999998537E1,
4.999999996775E-1));
#1687=VERTEX_POINT('',#1685);
#1688=VERTEX_POINT('',#1686);
#1689=CARTESIAN_POINT('',(-1.445E1,-1.695E1,0.E0));
#1690=VERTEX_POINT('',#1689);
#1691=CARTESIAN_POINT('',(-1.445E1,-1.745E1,5.E-1));
#1692=VERTEX_POINT('',#1691);
#1693=CARTESIAN_POINT('',(-7.261843774139E0,2.5075E1,0.E0));
#1694=CARTESIAN_POINT('',(-1.502277404960E1,1.747929340867E1,0.E0));
#1695=VERTEX_POINT('',#1693);
#1696=VERTEX_POINT('',#1694);
#1697=CARTESIAN_POINT('',(-7.745966692415E0,2.52E1,5.E-1));
#1698=CARTESIAN_POINT('',(-1.513732885952E1,1.796599372254E1,5.E-1));
#1699=VERTEX_POINT('',#1697);
#1700=VERTEX_POINT('',#1698);
#1701=CARTESIAN_POINT('',(-1.695E1,1.504579183930E1,8.E0));
#1702=CARTESIAN_POINT('',(-1.502277404960E1,1.747929340867E1,8.E0));
#1703=VERTEX_POINT('',#1701);
#1704=VERTEX_POINT('',#1702);
#1705=CARTESIAN_POINT('',(-1.745E1,1.504579183930E1,7.5E0));
#1706=CARTESIAN_POINT('',(-1.513732885952E1,1.796599372254E1,7.5E0));
#1707=VERTEX_POINT('',#1705);
#1708=VERTEX_POINT('',#1706);
#1709=CARTESIAN_POINT('',(-7.261843774139E0,2.5075E1,8.E0));
#1710=VERTEX_POINT('',#1709);
#1711=CARTESIAN_POINT('',(-7.745966692415E0,2.52E1,7.5E0));
#1712=VERTEX_POINT('',#1711);
#1713=CARTESIAN_POINT('',(-1.445E1,-1.695E1,8.E0));
#1714=CARTESIAN_POINT('',(-1.695E1,-1.445E1,8.E0));
#1715=VERTEX_POINT('',#1713);
#1716=VERTEX_POINT('',#1714);
#1717=CARTESIAN_POINT('',(-1.445E1,-1.745E1,7.5E0));
#1718=CARTESIAN_POINT('',(-1.745E1,-1.445E1,7.5E0));
#1719=VERTEX_POINT('',#1717);
#1720=VERTEX_POINT('',#1718);
#1721=CARTESIAN_POINT('',(0.E0,0.E0,0.E0));
#1722=DIRECTION('',(0.E0,0.E0,1.E0));
#1723=DIRECTION('',(1.E0,0.E0,0.E0));
#1724=AXIS2_PLACEMENT_3D('',#1721,#1722,#1723);
#1725=PLANE('',#1724);
#1727=ORIENTED_EDGE('',*,*,#1726,.F.);
#1729=ORIENTED_EDGE('',*,*,#1728,.T.);
#1731=ORIENTED_EDGE('',*,*,#1730,.T.);
#1733=ORIENTED_EDGE('',*,*,#1732,.T.);
#1735=ORIENTED_EDGE('',*,*,#1734,.T.);
#1737=ORIENTED_EDGE('',*,*,#1736,.F.);
#1739=ORIENTED_EDGE('',*,*,#1738,.F.);
#1741=ORIENTED_EDGE('',*,*,#1740,.F.);
#1743=ORIENTED_EDGE('',*,*,#1742,.F.);
#1745=ORIENTED_EDGE('',*,*,#1744,.F.);
#1746=EDGE_LOOP('',(#1727,#1729,#1731,#1733,#1735,#1737,#1739,#1741,#1743,
#1745));
#1747=FACE_OUTER_BOUND('',#1746,.F.);
#1749=ORIENTED_EDGE('',*,*,#1748,.F.);
#1751=ORIENTED_EDGE('',*,*,#1750,.T.);
#1752=EDGE_LOOP('',(#1749,#1751));
#1753=FACE_BOUND('',#1752,.F.);
#1755=ORIENTED_EDGE('',*,*,#1754,.F.);
#1757=ORIENTED_EDGE('',*,*,#1756,.T.);
#1759=ORIENTED_EDGE('',*,*,#1758,.T.);
#1761=ORIENTED_EDGE('',*,*,#1760,.T.);
#1763=ORIENTED_EDGE('',*,*,#1762,.T.);
#1765=ORIENTED_EDGE('',*,*,#1764,.T.);
#1767=ORIENTED_EDGE('',*,*,#1766,.F.);
#1769=ORIENTED_EDGE('',*,*,#1768,.T.);
#1771=ORIENTED_EDGE('',*,*,#1770,.T.);
#1773=ORIENTED_EDGE('',*,*,#1772,.T.);
#1775=ORIENTED_EDGE('',*,*,#1774,.T.);
#1777=ORIENTED_EDGE('',*,*,#1776,.T.);
#1779=ORIENTED_EDGE('',*,*,#1778,.T.);
#1781=ORIENTED_EDGE('',*,*,#1780,.T.);
#1783=ORIENTED_EDGE('',*,*,#1782,.F.);
#1785=ORIENTED_EDGE('',*,*,#1784,.T.);
#1787=ORIENTED_EDGE('',*,*,#1786,.T.);
#1789=ORIENTED_EDGE('',*,*,#1788,.F.);
#1791=ORIENTED_EDGE('',*,*,#1790,.F.);
#1793=ORIENTED_EDGE('',*,*,#1792,.T.);
#1795=ORIENTED_EDGE('',*,*,#1794,.F.);
#1797=ORIENTED_EDGE('',*,*,#1796,.F.);
#1799=ORIENTED_EDGE('',*,*,#1798,.T.);
#1801=ORIENTED_EDGE('',*,*,#1800,.F.);
#1803=ORIENTED_EDGE('',*,*,#1802,.F.);
#1805=ORIENTED_EDGE('',*,*,#1804,.F.);
#1807=ORIENTED_EDGE('',*,*,#1806,.F.);
#1809=ORIENTED_EDGE('',*,*,#1808,.F.);
#1811=ORIENTED_EDGE('',*,*,#1810,.F.);
#1813=ORIENTED_EDGE('',*,*,#1812,.F.);
#1815=ORIENTED_EDGE('',*,*,#1814,.T.);
#1817=ORIENTED_EDGE('',*,*,#1816,.F.);
#1819=ORIENTED_EDGE('',*,*,#1818,.F.);
#1821=ORIENTED_EDGE('',*,*,#1820,.F.);
#1823=ORIENTED_EDGE('',*,*,#1822,.F.);
#1825=ORIENTED_EDGE('',*,*,#1824,.F.);
#1826=EDGE_LOOP('',(#1755,#1757,#1759,#1761,#1763,#1765,#1767,#1769,#1771,#1773,
#1775,#1777,#1779,#1781,#1783,#1785,#1787,#1789,#1791,#1793,#1795,#1797,#1799,
#1801,#1803,#1805,#1807,#1809,#1811,#1813,#1815,#1817,#1819,#1821,#1823,#1825));
#1827=FACE_BOUND('',#1826,.F.);
#1829=CARTESIAN_POINT('',(0.E0,2.32E1,2.499984748009E-1));
#1830=DIRECTION('',(0.E0,0.E0,1.E0));
#1831=DIRECTION('',(0.E0,1.E0,0.E0));
#1832=AXIS2_PLACEMENT_3D('',#1829,#1830,#1831);
#1833=CONICAL_SURFACE('',#1832,7.749998474801E0,4.5E1);
#1834=ORIENTED_EDGE('',*,*,#1726,.T.);
#1836=ORIENTED_EDGE('',*,*,#1835,.T.);
#1838=ORIENTED_EDGE('',*,*,#1837,.T.);
#1840=ORIENTED_EDGE('',*,*,#1839,.F.);
#1841=EDGE_LOOP('',(#1834,#1836,#1838,#1840));
#1842=FACE_OUTER_BOUND('',#1841,.F.);
#1844=CARTESIAN_POINT('',(1.742842505793E1,2.77E1,2.500000002108E-1));
#1845=DIRECTION('',(0.E0,0.E0,-1.E0));
#1846=DIRECTION('',(0.E0,-1.E0,0.E0));
#1847=AXIS2_PLACEMENT_3D('',#1844,#1845,#1846);
#1848=CONICAL_SURFACE('',#1847,1.024999999979E1,4.5E1);
#1849=ORIENTED_EDGE('',*,*,#1744,.T.);
#1851=ORIENTED_EDGE('',*,*,#1850,.T.);
#1853=ORIENTED_EDGE('',*,*,#1852,.F.);
#1854=ORIENTED_EDGE('',*,*,#1835,.F.);
#1855=EDGE_LOOP('',(#1849,#1851,#1853,#1854));
#1856=FACE_OUTER_BOUND('',#1855,.F.);
#1858=CARTESIAN_POINT('',(1.445E1,1.504579183930E1,2.499999994478E-1));
#1859=DIRECTION('',(0.E0,0.E0,1.E0));
#1860=DIRECTION('',(0.E0,-1.E0,0.E0));
#1861=AXIS2_PLACEMENT_3D('',#1858,#1859,#1860);
#1862=CONICAL_SURFACE('',#1861,2.749999999448E0,4.5E1);
#1863=ORIENTED_EDGE('',*,*,#1742,.T.);
#1865=ORIENTED_EDGE('',*,*,#1864,.T.);
#1867=ORIENTED_EDGE('',*,*,#1866,.F.);
#1868=ORIENTED_EDGE('',*,*,#1850,.F.);
#1869=EDGE_LOOP('',(#1863,#1865,#1867,#1868));
#1870=FACE_OUTER_BOUND('',#1869,.F.);
#1872=CARTESIAN_POINT('',(1.72E1,2.978959196510E-1,2.5E-1));
#1873=DIRECTION('',(7.071067811865E-1,0.E0,-7.071067811865E-1));
#1874=DIRECTION('',(7.071067811865E-1,0.E0,7.071067811865E-1));
#1875=AXIS2_PLACEMENT_3D('',#1872,#1873,#1874);
#1876=PLANE('',#1875);
#1877=ORIENTED_EDGE('',*,*,#1740,.T.);
#1879=ORIENTED_EDGE('',*,*,#1878,.T.);
#1881=ORIENTED_EDGE('',*,*,#1880,.F.);
#1882=ORIENTED_EDGE('',*,*,#1864,.F.);
#1883=EDGE_LOOP('',(#1877,#1879,#1881,#1882));
#1884=FACE_OUTER_BOUND('',#1883,.F.);
#1886=CARTESIAN_POINT('',(1.445E1,-1.445E1,2.499999992775E-1));
#1887=DIRECTION('',(0.E0,0.E0,1.E0));
#1888=DIRECTION('',(0.E0,-1.E0,0.E0));
#1889=AXIS2_PLACEMENT_3D('',#1886,#1887,#1888);
#1890=CONICAL_SURFACE('',#1889,2.749999999278E0,4.5E1);
#1891=ORIENTED_EDGE('',*,*,#1738,.T.);
#1893=ORIENTED_EDGE('',*,*,#1892,.T.);
#1895=ORIENTED_EDGE('',*,*,#1894,.F.);
#1896=ORIENTED_EDGE('',*,*,#1878,.F.);
#1897=EDGE_LOOP('',(#1891,#1893,#1895,#1896));
#1898=FACE_OUTER_BOUND('',#1897,.F.);
#1900=CARTESIAN_POINT('',(-7.225E0,-1.72E1,2.5E-1));
#1901=DIRECTION('',(0.E0,7.071067811865E-1,7.071067811865E-1));
#1902=DIRECTION('',(0.E0,-7.071067811865E-1,7.071067811865E-1));
#1903=AXIS2_PLACEMENT_3D('',#1900,#1901,#1902);
#1904=PLANE('',#1903);
#1906=ORIENTED_EDGE('',*,*,#1905,.T.);
#1907=ORIENTED_EDGE('',*,*,#1892,.F.);
#1908=ORIENTED_EDGE('',*,*,#1736,.T.);
#1910=ORIENTED_EDGE('',*,*,#1909,.T.);
#1911=EDGE_LOOP('',(#1906,#1907,#1908,#1910));
#1912=FACE_OUTER_BOUND('',#1911,.F.);
#1914=CARTESIAN_POINT('',(0.E0,-1.745E1,0.E0));
#1915=DIRECTION('',(0.E0,-1.E0,0.E0));
#1916=DIRECTION('',(1.E0,0.E0,0.E0));
#1917=AXIS2_PLACEMENT_3D('',#1914,#1915,#1916);
#1918=PLANE('',#1917);
#1919=ORIENTED_EDGE('',*,*,#1905,.F.);
#1921=ORIENTED_EDGE('',*,*,#1920,.F.);
#1923=ORIENTED_EDGE('',*,*,#1922,.F.);
#1925=ORIENTED_EDGE('',*,*,#1924,.T.);
#1926=EDGE_LOOP('',(#1919,#1921,#1923,#1925));
#1927=FACE_OUTER_BOUND('',#1926,.F.);
#1929=CARTESIAN_POINT('',(-1.445E1,-1.445E1,1.842880026845E1));
#1930=DIRECTION('',(0.E0,0.E0,1.E0));
#1931=DIRECTION('',(-1.E0,0.E0,0.E0));
#1932=AXIS2_PLACEMENT_3D('',#1929,#1930,#1931);
#1933=CYLINDRICAL_SURFACE('',#1932,3.E0);
#1935=ORIENTED_EDGE('',*,*,#1934,.F.);
#1937=ORIENTED_EDGE('',*,*,#1936,.F.);
#1939=ORIENTED_EDGE('',*,*,#1938,.F.);
#1940=ORIENTED_EDGE('',*,*,#1920,.T.);
#1941=EDGE_LOOP('',(#1935,#1937,#1939,#1940));
#1942=FACE_OUTER_BOUND('',#1941,.F.);
#1944=CARTESIAN_POINT('',(-1.445E1,-1.445E1,2.499999992775E-1));
#1945=DIRECTION('',(0.E0,0.E0,1.E0));
#1946=DIRECTION('',(0.E0,1.E0,0.E0));
#1947=AXIS2_PLACEMENT_3D('',#1944,#1945,#1946);
#1948=CONICAL_SURFACE('',#1947,2.749999999278E0,4.5E1);
#1949=ORIENTED_EDGE('',*,*,#1734,.F.);
#1951=ORIENTED_EDGE('',*,*,#1950,.T.);
#1952=ORIENTED_EDGE('',*,*,#1934,.T.);
#1953=ORIENTED_EDGE('',*,*,#1909,.F.);
#1954=EDGE_LOOP('',(#1949,#1951,#1952,#1953));
#1955=FACE_OUTER_BOUND('',#1954,.F.);
#1957=CARTESIAN_POINT('',(-1.72E1,2.978959196510E-1,2.5E-1));
#1958=DIRECTION('',(7.071067811865E-1,0.E0,7.071067811865E-1));
#1959=DIRECTION('',(-7.071067811865E-1,0.E0,7.071067811865E-1));
#1960=AXIS2_PLACEMENT_3D('',#1957,#1958,#1959);
#1961=PLANE('',#1960);
#1962=ORIENTED_EDGE('',*,*,#1732,.F.);
#1964=ORIENTED_EDGE('',*,*,#1963,.T.);
#1966=ORIENTED_EDGE('',*,*,#1965,.T.);
#1967=ORIENTED_EDGE('',*,*,#1950,.F.);
#1968=EDGE_LOOP('',(#1962,#1964,#1966,#1967));
#1969=FACE_OUTER_BOUND('',#1968,.F.);
#1971=CARTESIAN_POINT('',(-1.445E1,1.504579183930E1,2.499999994478E-1));
#1972=DIRECTION('',(0.E0,0.E0,1.E0));
#1973=DIRECTION('',(0.E0,1.E0,0.E0));
#1974=AXIS2_PLACEMENT_3D('',#1971,#1972,#1973);
#1975=CONICAL_SURFACE('',#1974,2.749999999448E0,4.5E1);
#1976=ORIENTED_EDGE('',*,*,#1730,.F.);
#1978=ORIENTED_EDGE('',*,*,#1977,.T.);
#1980=ORIENTED_EDGE('',*,*,#1979,.T.);
#1981=ORIENTED_EDGE('',*,*,#1963,.F.);
#1982=EDGE_LOOP('',(#1976,#1978,#1980,#1981));
#1983=FACE_OUTER_BOUND('',#1982,.F.);
#1985=CARTESIAN_POINT('',(-1.742842505793E1,2.77E1,2.500000002108E-1));
#1986=DIRECTION('',(0.E0,0.E0,-1.E0));
#1987=DIRECTION('',(0.E0,1.E0,0.E0));
#1988=AXIS2_PLACEMENT_3D('',#1985,#1986,#1987);
#1989=CONICAL_SURFACE('',#1988,1.024999999979E1,4.5E1);
#1990=ORIENTED_EDGE('',*,*,#1728,.F.);
#1991=ORIENTED_EDGE('',*,*,#1839,.T.);
#1993=ORIENTED_EDGE('',*,*,#1992,.T.);
#1994=ORIENTED_EDGE('',*,*,#1977,.F.);
#1995=EDGE_LOOP('',(#1990,#1991,#1993,#1994));
#1996=FACE_OUTER_BOUND('',#1995,.F.);
#1998=CARTESIAN_POINT('',(-1.742842505793E1,2.77E1,2.083360008949E1));
#1999=DIRECTION('',(0.E0,0.E0,1.E0));
#2000=DIRECTION('',(0.E0,-1.E0,0.E0));
#2001=AXIS2_PLACEMENT_3D('',#1998,#1999,#2000);
#2002=CYLINDRICAL_SURFACE('',#2001,1.E1);
#2003=ORIENTED_EDGE('',*,*,#1992,.F.);
#2005=ORIENTED_EDGE('',*,*,#2004,.F.);
#2007=ORIENTED_EDGE('',*,*,#2006,.F.);
#2009=ORIENTED_EDGE('',*,*,#2008,.T.);
#2010=EDGE_LOOP('',(#2003,#2005,#2007,#2009));
#2011=FACE_OUTER_BOUND('',#2010,.F.);
#2013=CARTESIAN_POINT('',(0.E0,2.32E1,8.E0));
#2014=DIRECTION('',(0.E0,0.E0,-1.E0));
#2015=DIRECTION('',(-1.E0,0.E0,0.E0));
#2016=AXIS2_PLACEMENT_3D('',#2013,#2014,#2015);
#2017=CYLINDRICAL_SURFACE('',#2016,8.E0);
#2018=ORIENTED_EDGE('',*,*,#1837,.F.);
#2020=ORIENTED_EDGE('',*,*,#2019,.F.);
#2022=ORIENTED_EDGE('',*,*,#2021,.F.);
#2023=ORIENTED_EDGE('',*,*,#2004,.T.);
#2024=EDGE_LOOP('',(#2018,#2020,#2022,#2023));
#2025=FACE_OUTER_BOUND('',#2024,.F.);
#2027=CARTESIAN_POINT('',(1.742842505793E1,2.77E1,2.083360008949E1));
#2028=DIRECTION('',(0.E0,0.E0,-1.E0));
#2029=DIRECTION('',(0.E0,-1.E0,0.E0));
#2030=AXIS2_PLACEMENT_3D('',#2027,#2028,#2029);
#2031=CYLINDRICAL_SURFACE('',#2030,1.E1);
#2032=ORIENTED_EDGE('',*,*,#1852,.T.);
#2034=ORIENTED_EDGE('',*,*,#2033,.F.);
#2036=ORIENTED_EDGE('',*,*,#2035,.T.);
#2037=ORIENTED_EDGE('',*,*,#2019,.T.);
#2038=EDGE_LOOP('',(#2032,#2034,#2036,#2037));
#2039=FACE_OUTER_BOUND('',#2038,.F.);
#2041=CARTESIAN_POINT('',(1.445E1,1.504579183930E1,1.842880026845E1));
#2042=DIRECTION('',(0.E0,0.E0,-1.E0));
#2043=DIRECTION('',(2.291096198410E-1,9.734006277460E-1,0.E0));
#2044=AXIS2_PLACEMENT_3D('',#2041,#2042,#2043);
#2045=CYLINDRICAL_SURFACE('',#2044,3.E0);
#2046=ORIENTED_EDGE('',*,*,#1866,.T.);
#2048=ORIENTED_EDGE('',*,*,#2047,.F.);
#2050=ORIENTED_EDGE('',*,*,#2049,.T.);
#2051=ORIENTED_EDGE('',*,*,#2033,.T.);
#2052=EDGE_LOOP('',(#2046,#2048,#2050,#2051));
#2053=FACE_OUTER_BOUND('',#2052,.F.);
#2055=CARTESIAN_POINT('',(1.745E1,-1.745E1,0.E0));
#2056=DIRECTION('',(1.E0,0.E0,0.E0));
#2057=DIRECTION('',(0.E0,1.E0,0.E0));
#2058=AXIS2_PLACEMENT_3D('',#2055,#2056,#2057);
#2059=PLANE('',#2058);
#2060=ORIENTED_EDGE('',*,*,#1880,.T.);
#2062=ORIENTED_EDGE('',*,*,#2061,.F.);
#2064=ORIENTED_EDGE('',*,*,#2063,.T.);
#2065=ORIENTED_EDGE('',*,*,#2047,.T.);
#2066=EDGE_LOOP('',(#2060,#2062,#2064,#2065));
#2067=FACE_OUTER_BOUND('',#2066,.F.);
#2069=CARTESIAN_POINT('',(1.445E1,-1.445E1,1.842880026845E1));
#2070=DIRECTION('',(0.E0,0.E0,-1.E0));
#2071=DIRECTION('',(1.E0,0.E0,0.E0));
#2072=AXIS2_PLACEMENT_3D('',#2069,#2070,#2071);
#2073=CYLINDRICAL_SURFACE('',#2072,3.E0);
#2074=ORIENTED_EDGE('',*,*,#1894,.T.);
#2075=ORIENTED_EDGE('',*,*,#1924,.F.);
#2077=ORIENTED_EDGE('',*,*,#2076,.T.);
#2078=ORIENTED_EDGE('',*,*,#2061,.T.);
#2079=EDGE_LOOP('',(#2074,#2075,#2077,#2078));
#2080=FACE_OUTER_BOUND('',#2079,.F.);
#2082=CARTESIAN_POINT('',(1.445E1,-1.445E1,7.750000000722E0));
#2083=DIRECTION('',(0.E0,0.E0,-1.E0));
#2084=DIRECTION('',(0.E0,-1.E0,0.E0));
#2085=AXIS2_PLACEMENT_3D('',#2082,#2083,#2084);
#2086=CONICAL_SURFACE('',#2085,2.749999999278E0,4.5E1);
#2088=ORIENTED_EDGE('',*,*,#2087,.T.);
#2090=ORIENTED_EDGE('',*,*,#2089,.T.);
#2091=ORIENTED_EDGE('',*,*,#2076,.F.);
#2093=ORIENTED_EDGE('',*,*,#2092,.F.);
#2094=EDGE_LOOP('',(#2088,#2090,#2091,#2093));
#2095=FACE_OUTER_BOUND('',#2094,.F.);
#2097=CARTESIAN_POINT('',(0.E0,0.E0,8.E0));
#2098=DIRECTION('',(0.E0,0.E0,1.E0));
#2099=DIRECTION('',(1.E0,0.E0,0.E0));
#2100=AXIS2_PLACEMENT_3D('',#2097,#2098,#2099);
#2101=PLANE('',#2100);
#2103=ORIENTED_EDGE('',*,*,#2102,.F.);
#2105=ORIENTED_EDGE('',*,*,#2104,.T.);
#2107=ORIENTED_EDGE('',*,*,#2106,.T.);
#2109=ORIENTED_EDGE('',*,*,#2108,.T.);
#2111=ORIENTED_EDGE('',*,*,#2110,.T.);
#2113=ORIENTED_EDGE('',*,*,#2112,.F.);
#2115=ORIENTED_EDGE('',*,*,#2114,.F.);
#2117=ORIENTED_EDGE('',*,*,#2116,.F.);
#2119=ORIENTED_EDGE('',*,*,#2118,.F.);
#2120=ORIENTED_EDGE('',*,*,#2087,.F.);
#2121=EDGE_LOOP('',(#2103,#2105,#2107,#2109,#2111,#2113,#2115,#2117,#2119,
#2120));
#2122=FACE_OUTER_BOUND('',#2121,.F.);
#2124=ORIENTED_EDGE('',*,*,#2123,.F.);
#2126=ORIENTED_EDGE('',*,*,#2125,.T.);
#2127=EDGE_LOOP('',(#2124,#2126));
#2128=FACE_BOUND('',#2127,.F.);
#2130=ORIENTED_EDGE('',*,*,#2129,.F.);
#2132=ORIENTED_EDGE('',*,*,#2131,.F.);
#2134=ORIENTED_EDGE('',*,*,#2133,.F.);
#2136=ORIENTED_EDGE('',*,*,#2135,.F.);
#2138=ORIENTED_EDGE('',*,*,#2137,.T.);
#2140=ORIENTED_EDGE('',*,*,#2139,.T.);
#2142=ORIENTED_EDGE('',*,*,#2141,.T.);
#2144=ORIENTED_EDGE('',*,*,#2143,.T.);
#2146=ORIENTED_EDGE('',*,*,#2145,.F.);
#2148=ORIENTED_EDGE('',*,*,#2147,.T.);
#2150=ORIENTED_EDGE('',*,*,#2149,.F.);
#2152=ORIENTED_EDGE('',*,*,#2151,.T.);
#2154=ORIENTED_EDGE('',*,*,#2153,.T.);
#2156=ORIENTED_EDGE('',*,*,#2155,.T.);
#2158=ORIENTED_EDGE('',*,*,#2157,.F.);
#2160=ORIENTED_EDGE('',*,*,#2159,.T.);
#2162=ORIENTED_EDGE('',*,*,#2161,.F.);
#2164=ORIENTED_EDGE('',*,*,#2163,.T.);
#2166=ORIENTED_EDGE('',*,*,#2165,.F.);
#2168=ORIENTED_EDGE('',*,*,#2167,.F.);
#2170=ORIENTED_EDGE('',*,*,#2169,.T.);
#2172=ORIENTED_EDGE('',*,*,#2171,.F.);
#2174=ORIENTED_EDGE('',*,*,#2173,.T.);
#2176=ORIENTED_EDGE('',*,*,#2175,.F.);
#2178=ORIENTED_EDGE('',*,*,#2177,.F.);
#2180=ORIENTED_EDGE('',*,*,#2179,.F.);
#2182=ORIENTED_EDGE('',*,*,#2181,.T.);
#2184=ORIENTED_EDGE('',*,*,#2183,.F.);
#2186=ORIENTED_EDGE('',*,*,#2185,.T.);
#2188=ORIENTED_EDGE('',*,*,#2187,.F.);
#2190=ORIENTED_EDGE('',*,*,#2189,.F.);
#2192=ORIENTED_EDGE('',*,*,#2191,.F.);
#2194=ORIENTED_EDGE('',*,*,#2193,.F.);
#2196=ORIENTED_EDGE('',*,*,#2195,.T.);
#2198=ORIENTED_EDGE('',*,*,#2197,.T.);
#2200=ORIENTED_EDGE('',*,*,#2199,.T.);
#2201=EDGE_LOOP('',(#2130,#2132,#2134,#2136,#2138,#2140,#2142,#2144,#2146,#2148,
#2150,#2152,#2154,#2156,#2158,#2160,#2162,#2164,#2166,#2168,#2170,#2172,#2174,
#2176,#2178,#2180,#2182,#2184,#2186,#2188,#2190,#2192,#2194,#2196,#2198,#2200));
#2202=FACE_BOUND('',#2201,.F.);
#2204=CARTESIAN_POINT('',(1.332304913964E1,1.515E1,8.E0));
#2205=DIRECTION('',(0.E0,1.E0,0.E0));
#2206=DIRECTION('',(-1.E0,0.E0,0.E0));
#2207=AXIS2_PLACEMENT_3D('',#2204,#2205,#2206);
#2208=PLANE('',#2207);
#2209=ORIENTED_EDGE('',*,*,#1790,.T.);
#2211=ORIENTED_EDGE('',*,*,#2210,.F.);
#2212=ORIENTED_EDGE('',*,*,#2129,.T.);
#2214=ORIENTED_EDGE('',*,*,#2213,.T.);
#2215=EDGE_LOOP('',(#2209,#2211,#2212,#2214));
#2216=FACE_OUTER_BOUND('',#2215,.F.);
#2218=CARTESIAN_POINT('',(-1.232304913964E1,1.415E1,1.84288E1));
#2219=DIRECTION('',(0.E0,0.E0,1.E0));
#2220=DIRECTION('',(-1.E0,0.E0,0.E0));
#2221=AXIS2_PLACEMENT_3D('',#2218,#2219,#2220);
#2222=CYLINDRICAL_SURFACE('',#2221,1.E0);
#2224=ORIENTED_EDGE('',*,*,#2223,.F.);
#2225=ORIENTED_EDGE('',*,*,#2131,.T.);
#2226=ORIENTED_EDGE('',*,*,#2210,.T.);
#2227=ORIENTED_EDGE('',*,*,#1788,.T.);
#2228=EDGE_LOOP('',(#2224,#2225,#2226,#2227));
#2229=FACE_OUTER_BOUND('',#2228,.F.);
#2231=CARTESIAN_POINT('',(0.E0,1.315E1,8.E0));
#2232=DIRECTION('',(0.E0,1.E0,0.E0));
#2233=DIRECTION('',(-1.E0,0.E0,0.E0));
#2234=AXIS2_PLACEMENT_3D('',#2231,#2232,#2233);
#2235=PLANE('',#2234);
#2237=ORIENTED_EDGE('',*,*,#2236,.T.);
#2238=ORIENTED_EDGE('',*,*,#2133,.T.);
#2239=ORIENTED_EDGE('',*,*,#2223,.T.);
#2240=ORIENTED_EDGE('',*,*,#1786,.F.);
#2241=EDGE_LOOP('',(#2237,#2238,#2239,#2240));
#2242=FACE_OUTER_BOUND('',#2241,.F.);
#2244=CARTESIAN_POINT('',(-3.E-1,1.195E1,8.E0));
#2245=DIRECTION('',(1.E0,0.E0,0.E0));
#2246=DIRECTION('',(0.E0,1.E0,0.E0));
#2247=AXIS2_PLACEMENT_3D('',#2244,#2245,#2246);
#2248=PLANE('',#2247);
#2249=ORIENTED_EDGE('',*,*,#1784,.F.);
#2251=ORIENTED_EDGE('',*,*,#2250,.T.);
#2252=ORIENTED_EDGE('',*,*,#2135,.T.);
#2253=ORIENTED_EDGE('',*,*,#2236,.F.);
#2254=EDGE_LOOP('',(#2249,#2251,#2252,#2253));
#2255=FACE_OUTER_BOUND('',#2254,.F.);
#2257=CARTESIAN_POINT('',(0.E0,1.195E1,0.E0));
#2258=DIRECTION('',(0.E0,1.E0,0.E0));
#2259=DIRECTION('',(-1.E0,0.E0,0.E0));
#2260=AXIS2_PLACEMENT_3D('',#2257,#2258,#2259);
#2261=PLANE('',#2260);
#2262=ORIENTED_EDGE('',*,*,#2250,.F.);
#2263=ORIENTED_EDGE('',*,*,#1782,.T.);
#2265=ORIENTED_EDGE('',*,*,#2264,.T.);
#2266=ORIENTED_EDGE('',*,*,#2137,.F.);
#2267=EDGE_LOOP('',(#2262,#2263,#2265,#2266));
#2268=FACE_OUTER_BOUND('',#2267,.F.);
#2270=CARTESIAN_POINT('',(-1.245E1,1.095E1,-1.04288E1));
#2271=DIRECTION('',(0.E0,0.E0,-1.E0));
#2272=DIRECTION('',(-1.E0,0.E0,0.E0));
#2273=AXIS2_PLACEMENT_3D('',#2270,#2271,#2272);
#2274=CYLINDRICAL_SURFACE('',#2273,1.E0);
#2276=ORIENTED_EDGE('',*,*,#2275,.T.);
#2277=ORIENTED_EDGE('',*,*,#2139,.F.);
#2278=ORIENTED_EDGE('',*,*,#2264,.F.);
#2279=ORIENTED_EDGE('',*,*,#1780,.F.);
#2280=EDGE_LOOP('',(#2276,#2277,#2278,#2279));
#2281=FACE_OUTER_BOUND('',#2280,.F.);
#2283=CARTESIAN_POINT('',(-1.345E1,1.195E1,0.E0));
#2284=DIRECTION('',(-1.E0,0.E0,0.E0));
#2285=DIRECTION('',(0.E0,-1.E0,0.E0));
#2286=AXIS2_PLACEMENT_3D('',#2283,#2284,#2285);
#2287=PLANE('',#2286);
#2289=ORIENTED_EDGE('',*,*,#2288,.F.);
#2290=ORIENTED_EDGE('',*,*,#2141,.F.);
#2291=ORIENTED_EDGE('',*,*,#2275,.F.);
#2292=ORIENTED_EDGE('',*,*,#1778,.F.);
#2293=EDGE_LOOP('',(#2289,#2290,#2291,#2292));
#2294=FACE_OUTER_BOUND('',#2293,.F.);
#2296=CARTESIAN_POINT('',(-1.295E1,-1.167720779386E1,1.84288E1));
#2297=DIRECTION('',(0.E0,0.E0,1.E0));
#2298=DIRECTION('',(-1.E0,0.E0,0.E0));
#2299=AXIS2_PLACEMENT_3D('',#2296,#2297,#2298);
#2300=CYLINDRICAL_SURFACE('',#2299,5.E-1);
#2301=ORIENTED_EDGE('',*,*,#2288,.T.);
#2302=ORIENTED_EDGE('',*,*,#1776,.F.);
#2304=ORIENTED_EDGE('',*,*,#2303,.F.);
#2305=ORIENTED_EDGE('',*,*,#2143,.F.);
#2306=EDGE_LOOP('',(#2301,#2302,#2304,#2305));
#2307=FACE_OUTER_BOUND('',#2306,.F.);
#2309=CARTESIAN_POINT('',(-1.168223304703E1,-1.111654762208E1,8.E0));
#2310=DIRECTION('',(-7.071067811865E-1,7.071067811865E-1,0.E0));
#2311=DIRECTION('',(-7.071067811865E-1,-7.071067811865E-1,0.E0));
#2312=AXIS2_PLACEMENT_3D('',#2309,#2310,#2311);
#2313=PLANE('',#2312);
#2315=ORIENTED_EDGE('',*,*,#2314,.F.);
#2316=ORIENTED_EDGE('',*,*,#2145,.T.);
#2317=ORIENTED_EDGE('',*,*,#2303,.T.);
#2318=ORIENTED_EDGE('',*,*,#1774,.F.);
#2319=EDGE_LOOP('',(#2315,#2316,#2317,#2318));
#2320=FACE_OUTER_BOUND('',#2319,.F.);
#2322=CARTESIAN_POINT('',(-1.268223304703E1,-1.070233405971E1,1.84288E1));
#2323=DIRECTION('',(0.E0,0.E0,1.E0));
#2324=DIRECTION('',(7.071067811865E-1,-7.071067811865E-1,0.E0));
#2325=AXIS2_PLACEMENT_3D('',#2322,#2323,#2324);
#2326=CYLINDRICAL_SURFACE('',#2325,1.E0);
#2327=ORIENTED_EDGE('',*,*,#2314,.T.);
#2328=ORIENTED_EDGE('',*,*,#1772,.F.);
#2330=ORIENTED_EDGE('',*,*,#2329,.F.);
#2331=ORIENTED_EDGE('',*,*,#2147,.F.);
#2332=EDGE_LOOP('',(#2327,#2328,#2330,#2331));
#2333=FACE_OUTER_BOUND('',#2332,.F.);
#2335=CARTESIAN_POINT('',(-1.168223304703E1,-6.278279195105E0,8.E0));
#2336=DIRECTION('',(-1.E0,0.E0,0.E0));
#2337=DIRECTION('',(0.E0,-1.E0,0.E0));
#2338=AXIS2_PLACEMENT_3D('',#2335,#2336,#2337);
#2339=PLANE('',#2338);
#2341=ORIENTED_EDGE('',*,*,#2340,.F.);
#2342=ORIENTED_EDGE('',*,*,#2149,.T.);
#2343=ORIENTED_EDGE('',*,*,#2329,.T.);
#2344=ORIENTED_EDGE('',*,*,#1770,.F.);
#2345=EDGE_LOOP('',(#2341,#2342,#2343,#2344));
#2346=FACE_OUTER_BOUND('',#2345,.F.);
#2348=CARTESIAN_POINT('',(-1.068223304703E1,-8.692492757478E0,1.84288E1));
#2349=DIRECTION('',(0.E0,0.E0,1.E0));
#2350=DIRECTION('',(7.071067811865E-1,7.071067811865E-1,0.E0));
#2351=AXIS2_PLACEMENT_3D('',#2348,#2349,#2350);
#2352=CYLINDRICAL_SURFACE('',#2351,1.E0);
#2353=ORIENTED_EDGE('',*,*,#1768,.F.);
#2355=ORIENTED_EDGE('',*,*,#2354,.F.);
#2356=ORIENTED_EDGE('',*,*,#2151,.F.);
#2357=ORIENTED_EDGE('',*,*,#2340,.T.);
#2358=EDGE_LOOP('',(#2353,#2355,#2356,#2357));
#2359=FACE_OUTER_BOUND('',#2358,.F.);
#2361=CARTESIAN_POINT('',(-1.345E1,-4.510512242138E0,0.E0));
#2362=DIRECTION('',(-7.071067811865E-1,-7.071067811865E-1,0.E0));
#2363=DIRECTION('',(7.071067811865E-1,-7.071067811865E-1,0.E0));
#2364=AXIS2_PLACEMENT_3D('',#2361,#2362,#2363);
#2365=PLANE('',#2364);
#2367=ORIENTED_EDGE('',*,*,#2366,.T.);
#2368=ORIENTED_EDGE('',*,*,#2153,.F.);
#2369=ORIENTED_EDGE('',*,*,#2354,.T.);
#2370=ORIENTED_EDGE('',*,*,#1766,.T.);
#2371=EDGE_LOOP('',(#2367,#2368,#2369,#2370));
#2372=FACE_OUTER_BOUND('',#2371,.F.);
#2374=CARTESIAN_POINT('',(-8.692492757478E0,-1.068223304703E1,-1.04288E1));
#2375=DIRECTION('',(0.E0,0.E0,-1.E0));
#2376=DIRECTION('',(7.071067811865E-1,7.071067811865E-1,0.E0));
#2377=AXIS2_PLACEMENT_3D('',#2374,#2375,#2376);
#2378=CYLINDRICAL_SURFACE('',#2377,1.E0);
#2379=ORIENTED_EDGE('',*,*,#2155,.F.);
#2380=ORIENTED_EDGE('',*,*,#2366,.F.);
#2381=ORIENTED_EDGE('',*,*,#1764,.F.);
#2383=ORIENTED_EDGE('',*,*,#2382,.T.);
#2384=EDGE_LOOP('',(#2379,#2380,#2381,#2383));
#2385=FACE_OUTER_BOUND('',#2384,.F.);
#2387=CARTESIAN_POINT('',(-1.111654762208E1,-1.168223304703E1,8.E0));
#2388=DIRECTION('',(0.E0,-1.E0,0.E0));
#2389=DIRECTION('',(1.E0,0.E0,0.E0));
#2390=AXIS2_PLACEMENT_3D('',#2387,#2388,#2389);
#2391=PLANE('',#2390);
#2392=ORIENTED_EDGE('',*,*,#2382,.F.);
#2393=ORIENTED_EDGE('',*,*,#1762,.F.);
#2395=ORIENTED_EDGE('',*,*,#2394,.F.);
#2396=ORIENTED_EDGE('',*,*,#2157,.T.);
#2397=EDGE_LOOP('',(#2392,#2393,#2395,#2396));
#2398=FACE_OUTER_BOUND('',#2397,.F.);
#2400=CARTESIAN_POINT('',(-1.070233405971E1,-1.268223304703E1,1.84288E1));
#2401=DIRECTION('',(0.E0,0.E0,1.E0));
#2402=DIRECTION('',(0.E0,1.E0,0.E0));
#2403=AXIS2_PLACEMENT_3D('',#2400,#2401,#2402);
#2404=CYLINDRICAL_SURFACE('',#2403,1.E0);
#2405=ORIENTED_EDGE('',*,*,#2394,.T.);
#2406=ORIENTED_EDGE('',*,*,#1760,.F.);
#2408=ORIENTED_EDGE('',*,*,#2407,.F.);
#2409=ORIENTED_EDGE('',*,*,#2159,.F.);
#2410=EDGE_LOOP('',(#2405,#2406,#2408,#2409));
#2411=FACE_OUTER_BOUND('',#2410,.F.);
#2413=CARTESIAN_POINT('',(-1.288431457505E1,-1.345E1,8.E0));
#2414=DIRECTION('',(7.071067811865E-1,-7.071067811865E-1,0.E0));
#2415=DIRECTION('',(7.071067811865E-1,7.071067811865E-1,0.E0));
#2416=AXIS2_PLACEMENT_3D('',#2413,#2414,#2415);
#2417=PLANE('',#2416);
#2418=ORIENTED_EDGE('',*,*,#2407,.T.);
#2419=ORIENTED_EDGE('',*,*,#1758,.F.);
#2421=ORIENTED_EDGE('',*,*,#2420,.F.);
#2422=ORIENTED_EDGE('',*,*,#2161,.T.);
#2423=EDGE_LOOP('',(#2418,#2419,#2421,#2422));
#2424=FACE_OUTER_BOUND('',#2423,.F.);
#2426=CARTESIAN_POINT('',(-1.167720779386E1,-1.295E1,1.84288E1));
#2427=DIRECTION('',(0.E0,0.E0,1.E0));
#2428=DIRECTION('',(-7.071067811865E-1,7.071067811865E-1,0.E0));
#2429=AXIS2_PLACEMENT_3D('',#2426,#2427,#2428);
#2430=CYLINDRICAL_SURFACE('',#2429,5.E-1);
#2431=ORIENTED_EDGE('',*,*,#2420,.T.);
#2432=ORIENTED_EDGE('',*,*,#1756,.F.);
#2434=ORIENTED_EDGE('',*,*,#2433,.F.);
#2435=ORIENTED_EDGE('',*,*,#2163,.F.);
#2436=EDGE_LOOP('',(#2431,#2432,#2434,#2435));
#2437=FACE_OUTER_BOUND('',#2436,.F.);
#2439=CARTESIAN_POINT('',(4.510512242138E0,-1.345E1,0.E0));
#2440=DIRECTION('',(0.E0,1.E0,0.E0));
#2441=DIRECTION('',(-1.E0,0.E0,0.E0));
#2442=AXIS2_PLACEMENT_3D('',#2439,#2440,#2441);
#2443=PLANE('',#2442);
#2444=ORIENTED_EDGE('',*,*,#2165,.T.);
#2445=ORIENTED_EDGE('',*,*,#2433,.T.);
#2446=ORIENTED_EDGE('',*,*,#1754,.T.);
#2448=ORIENTED_EDGE('',*,*,#2447,.F.);
#2449=EDGE_LOOP('',(#2444,#2445,#2446,#2448));
#2450=FACE_OUTER_BOUND('',#2449,.F.);
#2452=CARTESIAN_POINT('',(1.167720779386E1,-1.295E1,1.84288E1));
#2453=DIRECTION('',(0.E0,0.E0,-1.E0));
#2454=DIRECTION('',(7.071067811865E-1,7.071067811865E-1,0.E0));
#2455=AXIS2_PLACEMENT_3D('',#2452,#2453,#2454);
#2456=CYLINDRICAL_SURFACE('',#2455,5.E-1);
#2458=ORIENTED_EDGE('',*,*,#2457,.F.);
#2459=ORIENTED_EDGE('',*,*,#2167,.T.);
#2460=ORIENTED_EDGE('',*,*,#2447,.T.);
#2461=ORIENTED_EDGE('',*,*,#1824,.T.);
#2462=EDGE_LOOP('',(#2458,#2459,#2460,#2461));
#2463=FACE_OUTER_BOUND('',#2462,.F.);
#2465=CARTESIAN_POINT('',(1.288431457505E1,-1.345E1,8.E0));
#2466=DIRECTION('',(7.071067811865E-1,7.071067811865E-1,0.E0));
#2467=DIRECTION('',(-7.071067811865E-1,7.071067811865E-1,0.E0));
#2468=AXIS2_PLACEMENT_3D('',#2465,#2466,#2467);
#2469=PLANE('',#2468);
#2471=ORIENTED_EDGE('',*,*,#2470,.F.);
#2472=ORIENTED_EDGE('',*,*,#2169,.F.);
#2473=ORIENTED_EDGE('',*,*,#2457,.T.);
#2474=ORIENTED_EDGE('',*,*,#1822,.T.);
#2475=EDGE_LOOP('',(#2471,#2472,#2473,#2474));
#2476=FACE_OUTER_BOUND('',#2475,.F.);
#2478=CARTESIAN_POINT('',(1.070233405971E1,-1.268223304703E1,1.84288E1));
#2479=DIRECTION('',(0.E0,0.E0,-1.E0));
#2480=DIRECTION('',(0.E0,1.E0,0.E0));
#2481=AXIS2_PLACEMENT_3D('',#2478,#2479,#2480);
#2482=CYLINDRICAL_SURFACE('',#2481,1.E0);
#2484=ORIENTED_EDGE('',*,*,#2483,.F.);
#2485=ORIENTED_EDGE('',*,*,#2171,.T.);
#2486=ORIENTED_EDGE('',*,*,#2470,.T.);
#2487=ORIENTED_EDGE('',*,*,#1820,.T.);
#2488=EDGE_LOOP('',(#2484,#2485,#2486,#2487));
#2489=FACE_OUTER_BOUND('',#2488,.F.);
#2491=CARTESIAN_POINT('',(1.111654762208E1,-1.168223304703E1,8.E0));
#2492=DIRECTION('',(0.E0,1.E0,0.E0));
#2493=DIRECTION('',(-1.E0,0.E0,0.E0));
#2494=AXIS2_PLACEMENT_3D('',#2491,#2492,#2493);
#2495=PLANE('',#2494);
#2497=ORIENTED_EDGE('',*,*,#2496,.T.);
#2498=ORIENTED_EDGE('',*,*,#2173,.F.);
#2499=ORIENTED_EDGE('',*,*,#2483,.T.);
#2500=ORIENTED_EDGE('',*,*,#1818,.T.);
#2501=EDGE_LOOP('',(#2497,#2498,#2499,#2500));
#2502=FACE_OUTER_BOUND('',#2501,.F.);
#2504=CARTESIAN_POINT('',(8.692492757478E0,-1.068223304703E1,-1.04288E1));
#2505=DIRECTION('',(0.E0,0.E0,1.E0));
#2506=DIRECTION('',(-7.071067811865E-1,7.071067811865E-1,0.E0));
#2507=AXIS2_PLACEMENT_3D('',#2504,#2505,#2506);
#2508=CYLINDRICAL_SURFACE('',#2507,1.E0);
#2509=ORIENTED_EDGE('',*,*,#2175,.T.);
#2510=ORIENTED_EDGE('',*,*,#2496,.F.);
#2511=ORIENTED_EDGE('',*,*,#1816,.T.);
#2513=ORIENTED_EDGE('',*,*,#2512,.T.);
#2514=EDGE_LOOP('',(#2509,#2510,#2511,#2513));
#2515=FACE_OUTER_BOUND('',#2514,.F.);
#2517=CARTESIAN_POINT('',(1.345E1,-4.510512242138E0,0.E0));
#2518=DIRECTION('',(-7.071067811865E-1,7.071067811865E-1,0.E0));
#2519=DIRECTION('',(-7.071067811865E-1,-7.071067811865E-1,0.E0));
#2520=AXIS2_PLACEMENT_3D('',#2517,#2518,#2519);
#2521=PLANE('',#2520);
#2522=ORIENTED_EDGE('',*,*,#2512,.F.);
#2523=ORIENTED_EDGE('',*,*,#1814,.F.);
#2525=ORIENTED_EDGE('',*,*,#2524,.F.);
#2526=ORIENTED_EDGE('',*,*,#2177,.T.);
#2527=EDGE_LOOP('',(#2522,#2523,#2525,#2526));
#2528=FACE_OUTER_BOUND('',#2527,.F.);
#2530=CARTESIAN_POINT('',(1.068223304703E1,-8.692492757478E0,1.84288E1));
#2531=DIRECTION('',(0.E0,0.E0,-1.E0));
#2532=DIRECTION('',(-7.071067811865E-1,7.071067811865E-1,0.E0));
#2533=AXIS2_PLACEMENT_3D('',#2530,#2531,#2532);
#2534=CYLINDRICAL_SURFACE('',#2533,1.E0);
#2535=ORIENTED_EDGE('',*,*,#1812,.T.);
#2537=ORIENTED_EDGE('',*,*,#2536,.F.);
#2538=ORIENTED_EDGE('',*,*,#2179,.T.);
#2539=ORIENTED_EDGE('',*,*,#2524,.T.);
#2540=EDGE_LOOP('',(#2535,#2537,#2538,#2539));
#2541=FACE_OUTER_BOUND('',#2540,.F.);
#2543=CARTESIAN_POINT('',(1.168223304703E1,-6.278279195105E0,8.E0));
#2544=DIRECTION('',(-1.E0,0.E0,0.E0));
#2545=DIRECTION('',(0.E0,-1.E0,0.E0));
#2546=AXIS2_PLACEMENT_3D('',#2543,#2544,#2545);
#2547=PLANE('',#2546);
#2548=ORIENTED_EDGE('',*,*,#2536,.T.);
#2549=ORIENTED_EDGE('',*,*,#1810,.T.);
#2551=ORIENTED_EDGE('',*,*,#2550,.F.);
#2552=ORIENTED_EDGE('',*,*,#2181,.F.);
#2553=EDGE_LOOP('',(#2548,#2549,#2551,#2552));
#2554=FACE_OUTER_BOUND('',#2553,.F.);
#2556=CARTESIAN_POINT('',(1.268223304703E1,-1.070233405971E1,1.84288E1));
#2557=DIRECTION('',(0.E0,0.E0,-1.E0));
#2558=DIRECTION('',(-7.071067811865E-1,-7.071067811865E-1,0.E0));
#2559=AXIS2_PLACEMENT_3D('',#2556,#2557,#2558);
#2560=CYLINDRICAL_SURFACE('',#2559,1.E0);
#2562=ORIENTED_EDGE('',*,*,#2561,.F.);
#2563=ORIENTED_EDGE('',*,*,#2183,.T.);
#2564=ORIENTED_EDGE('',*,*,#2550,.T.);
#2565=ORIENTED_EDGE('',*,*,#1808,.T.);
#2566=EDGE_LOOP('',(#2562,#2563,#2564,#2565));
#2567=FACE_OUTER_BOUND('',#2566,.F.);
#2569=CARTESIAN_POINT('',(1.168223304703E1,-1.111654762208E1,8.E0));
#2570=DIRECTION('',(-7.071067811865E-1,-7.071067811865E-1,0.E0));
#2571=DIRECTION('',(7.071067811865E-1,-7.071067811865E-1,0.E0));
#2572=AXIS2_PLACEMENT_3D('',#2569,#2570,#2571);
#2573=PLANE('',#2572);
#2574=ORIENTED_EDGE('',*,*,#2561,.T.);
#2575=ORIENTED_EDGE('',*,*,#1806,.T.);
#2577=ORIENTED_EDGE('',*,*,#2576,.F.);
#2578=ORIENTED_EDGE('',*,*,#2185,.F.);
#2579=EDGE_LOOP('',(#2574,#2575,#2577,#2578));
#2580=FACE_OUTER_BOUND('',#2579,.F.);
#2582=CARTESIAN_POINT('',(1.295E1,-1.167720779386E1,1.84288E1));
#2583=DIRECTION('',(0.E0,0.E0,-1.E0));
#2584=DIRECTION('',(1.E0,0.E0,0.E0));
#2585=AXIS2_PLACEMENT_3D('',#2582,#2583,#2584);
#2586=CYLINDRICAL_SURFACE('',#2585,5.E-1);
#2588=ORIENTED_EDGE('',*,*,#2587,.F.);
#2589=ORIENTED_EDGE('',*,*,#2187,.T.);
#2590=ORIENTED_EDGE('',*,*,#2576,.T.);
#2591=ORIENTED_EDGE('',*,*,#1804,.T.);
#2592=EDGE_LOOP('',(#2588,#2589,#2590,#2591));
#2593=FACE_OUTER_BOUND('',#2592,.F.);
#2595=CARTESIAN_POINT('',(1.345E1,1.195E1,0.E0));
#2596=DIRECTION('',(-1.E0,0.E0,0.E0));
#2597=DIRECTION('',(0.E0,-1.E0,0.E0));
#2598=AXIS2_PLACEMENT_3D('',#2595,#2596,#2597);
#2599=PLANE('',#2598);
#2600=ORIENTED_EDGE('',*,*,#2587,.T.);
#2601=ORIENTED_EDGE('',*,*,#1802,.T.);
#2603=ORIENTED_EDGE('',*,*,#2602,.T.);
#2604=ORIENTED_EDGE('',*,*,#2189,.T.);
#2605=EDGE_LOOP('',(#2600,#2601,#2603,#2604));
#2606=FACE_OUTER_BOUND('',#2605,.F.);
#2608=CARTESIAN_POINT('',(1.245E1,1.095E1,-1.04288E1));
#2609=DIRECTION('',(0.E0,0.E0,1.E0));
#2610=DIRECTION('',(1.E0,0.E0,0.E0));
#2611=AXIS2_PLACEMENT_3D('',#2608,#2609,#2610);
#2612=CYLINDRICAL_SURFACE('',#2611,1.E0);
#2613=ORIENTED_EDGE('',*,*,#2602,.F.);
#2614=ORIENTED_EDGE('',*,*,#1800,.T.);
#2616=ORIENTED_EDGE('',*,*,#2615,.T.);
#2617=ORIENTED_EDGE('',*,*,#2191,.T.);
#2618=EDGE_LOOP('',(#2613,#2614,#2616,#2617));
#2619=FACE_OUTER_BOUND('',#2618,.F.);
#2621=CARTESIAN_POINT('',(0.E0,1.195E1,0.E0));
#2622=DIRECTION('',(0.E0,-1.E0,0.E0));
#2623=DIRECTION('',(1.E0,0.E0,0.E0));
#2624=AXIS2_PLACEMENT_3D('',#2621,#2622,#2623);
#2625=PLANE('',#2624);
#2627=ORIENTED_EDGE('',*,*,#2626,.T.);
#2628=ORIENTED_EDGE('',*,*,#2193,.T.);
#2629=ORIENTED_EDGE('',*,*,#2615,.F.);
#2630=ORIENTED_EDGE('',*,*,#1798,.F.);
#2631=EDGE_LOOP('',(#2627,#2628,#2629,#2630));
#2632=FACE_OUTER_BOUND('',#2631,.F.);
#2634=CARTESIAN_POINT('',(3.E-1,1.195E1,8.E0));
#2635=DIRECTION('',(1.E0,0.E0,0.E0));
#2636=DIRECTION('',(0.E0,1.E0,0.E0));
#2637=AXIS2_PLACEMENT_3D('',#2634,#2635,#2636);
#2638=PLANE('',#2637);
#2639=ORIENTED_EDGE('',*,*,#1796,.T.);
#2641=ORIENTED_EDGE('',*,*,#2640,.T.);
#2642=ORIENTED_EDGE('',*,*,#2195,.F.);
#2643=ORIENTED_EDGE('',*,*,#2626,.F.);
#2644=EDGE_LOOP('',(#2639,#2641,#2642,#2643));
#2645=FACE_OUTER_BOUND('',#2644,.F.);
#2647=CARTESIAN_POINT('',(0.E0,1.315E1,8.E0));
#2648=DIRECTION('',(0.E0,-1.E0,0.E0));
#2649=DIRECTION('',(1.E0,0.E0,0.E0));
#2650=AXIS2_PLACEMENT_3D('',#2647,#2648,#2649);
#2651=PLANE('',#2650);
#2652=ORIENTED_EDGE('',*,*,#2640,.F.);
#2653=ORIENTED_EDGE('',*,*,#1794,.T.);
#2655=ORIENTED_EDGE('',*,*,#2654,.F.);
#2656=ORIENTED_EDGE('',*,*,#2197,.F.);
#2657=EDGE_LOOP('',(#2652,#2653,#2655,#2656));
#2658=FACE_OUTER_BOUND('',#2657,.F.);
#2660=CARTESIAN_POINT('',(1.232304913964E1,1.415E1,1.84288E1));
#2661=DIRECTION('',(0.E0,0.E0,-1.E0));
#2662=DIRECTION('',(1.E0,0.E0,0.E0));
#2663=AXIS2_PLACEMENT_3D('',#2660,#2661,#2662);
#2664=CYLINDRICAL_SURFACE('',#2663,1.E0);
#2665=ORIENTED_EDGE('',*,*,#2654,.T.);
#2666=ORIENTED_EDGE('',*,*,#1792,.F.);
#2667=ORIENTED_EDGE('',*,*,#2213,.F.);
#2668=ORIENTED_EDGE('',*,*,#2199,.F.);
#2669=EDGE_LOOP('',(#2665,#2666,#2667,#2668));
#2670=FACE_OUTER_BOUND('',#2669,.F.);
#2672=CARTESIAN_POINT('',(2.645975360797E-11,2.319999999986E1,
7.499999999969E0));
#2673=DIRECTION('',(0.E0,0.E0,1.E0));
#2674=DIRECTION('',(0.E0,-1.E0,0.E0));
#2675=AXIS2_PLACEMENT_3D('',#2672,#2673,#2674);
#2676=CONICAL_SURFACE('',#2675,5.499999999884E0,4.500000000004E1);
#2678=ORIENTED_EDGE('',*,*,#2677,.T.);
#2680=ORIENTED_EDGE('',*,*,#2679,.T.);
#2682=ORIENTED_EDGE('',*,*,#2681,.F.);
#2683=ORIENTED_EDGE('',*,*,#2123,.T.);
#2684=EDGE_LOOP('',(#2678,#2680,#2682,#2683));
#2685=FACE_OUTER_BOUND('',#2684,.F.);
#2687=CARTESIAN_POINT('',(-2.645975360797E-11,2.319999999986E1,
7.499999999969E0));
#2688=DIRECTION('',(0.E0,0.E0,1.E0));
#2689=DIRECTION('',(0.E0,1.E0,0.E0));
#2690=AXIS2_PLACEMENT_3D('',#2687,#2688,#2689);
#2691=CONICAL_SURFACE('',#2690,5.499999999884E0,4.500000000004E1);
#2692=ORIENTED_EDGE('',*,*,#2677,.F.);
#2693=ORIENTED_EDGE('',*,*,#2125,.F.);
#2694=ORIENTED_EDGE('',*,*,#2681,.T.);
#2696=ORIENTED_EDGE('',*,*,#2695,.F.);
#2697=EDGE_LOOP('',(#2692,#2693,#2694,#2696));
#2698=FACE_OUTER_BOUND('',#2697,.F.);
#2700=CARTESIAN_POINT('',(0.E0,2.32E1,8.E0));
#2701=DIRECTION('',(0.E0,0.E0,-1.E0));
#2702=DIRECTION('',(-1.E0,0.E0,0.E0));
#2703=AXIS2_PLACEMENT_3D('',#2700,#2701,#2702);
#2704=CYLINDRICAL_SURFACE('',#2703,5.E0);
#2706=ORIENTED_EDGE('',*,*,#2705,.F.);
#2707=ORIENTED_EDGE('',*,*,#2695,.T.);
#2709=ORIENTED_EDGE('',*,*,#2708,.T.);
#2711=ORIENTED_EDGE('',*,*,#2710,.T.);
#2712=EDGE_LOOP('',(#2706,#2707,#2709,#2711));
#2713=FACE_OUTER_BOUND('',#2712,.F.);
#2715=CARTESIAN_POINT('',(0.E0,2.32E1,8.E0));
#2716=DIRECTION('',(0.E0,0.E0,1.E0));
#2717=DIRECTION('',(1.E0,0.E0,0.E0));
#2718=AXIS2_PLACEMENT_3D('',#2715,#2716,#2717);
#2719=CYLINDRICAL_SURFACE('',#2718,5.E0);
#2720=ORIENTED_EDGE('',*,*,#2705,.T.);
#2722=ORIENTED_EDGE('',*,*,#2721,.F.);
#2723=ORIENTED_EDGE('',*,*,#2708,.F.);
#2724=ORIENTED_EDGE('',*,*,#2679,.F.);
#2725=EDGE_LOOP('',(#2720,#2722,#2723,#2724));
#2726=FACE_OUTER_BOUND('',#2725,.F.);
#2728=CARTESIAN_POINT('',(-3.053732011945E-11,2.319999999986E1,
5.000000001130E-1));
#2729=DIRECTION('',(0.E0,0.E0,-1.E0));
#2730=DIRECTION('',(0.E0,-1.E0,0.E0));
#2731=AXIS2_PLACEMENT_3D('',#2728,#2729,#2730);
#2732=CONICAL_SURFACE('',#2731,5.499999999973E0,4.500000000004E1);
#2734=ORIENTED_EDGE('',*,*,#2733,.T.);
#2735=ORIENTED_EDGE('',*,*,#2721,.T.);
#2737=ORIENTED_EDGE('',*,*,#2736,.F.);
#2738=ORIENTED_EDGE('',*,*,#1748,.T.);
#2739=EDGE_LOOP('',(#2734,#2735,#2737,#2738));
#2740=FACE_OUTER_BOUND('',#2739,.F.);
#2742=CARTESIAN_POINT('',(3.053732011945E-11,2.319999999986E1,
5.000000001130E-1));
#2743=DIRECTION('',(0.E0,0.E0,-1.E0));
#2744=DIRECTION('',(0.E0,1.E0,0.E0));
#2745=AXIS2_PLACEMENT_3D('',#2742,#2743,#2744);
#2746=CONICAL_SURFACE('',#2745,5.499999999973E0,4.500000000004E1);
#2747=ORIENTED_EDGE('',*,*,#2733,.F.);
#2748=ORIENTED_EDGE('',*,*,#1750,.F.);
#2749=ORIENTED_EDGE('',*,*,#2736,.T.);
#2750=ORIENTED_EDGE('',*,*,#2710,.F.);
#2751=EDGE_LOOP('',(#2747,#2748,#2749,#2750));
#2752=FACE_OUTER_BOUND('',#2751,.F.);
#2754=CARTESIAN_POINT('',(-7.225E0,-1.72E1,7.75E0));
#2755=DIRECTION('',(0.E0,7.071067811865E-1,-7.071067811865E-1));
#2756=DIRECTION('',(0.E0,-7.071067811865E-1,-7.071067811865E-1));
#2757=AXIS2_PLACEMENT_3D('',#2754,#2755,#2756);
#2758=PLANE('',#2757);
#2759=ORIENTED_EDGE('',*,*,#2102,.T.);
#2760=ORIENTED_EDGE('',*,*,#2092,.T.);
#2761=ORIENTED_EDGE('',*,*,#1922,.T.);
#2763=ORIENTED_EDGE('',*,*,#2762,.F.);
#2764=EDGE_LOOP('',(#2759,#2760,#2761,#2763));
#2765=FACE_OUTER_BOUND('',#2764,.F.);
#2767=CARTESIAN_POINT('',(-1.445E1,-1.445E1,7.750000000722E0));
#2768=DIRECTION('',(0.E0,0.E0,-1.E0));
#2769=DIRECTION('',(0.E0,1.E0,0.E0));
#2770=AXIS2_PLACEMENT_3D('',#2767,#2768,#2769);
#2771=CONICAL_SURFACE('',#2770,2.749999999278E0,4.5E1);
#2772=ORIENTED_EDGE('',*,*,#2104,.F.);
#2773=ORIENTED_EDGE('',*,*,#2762,.T.);
#2774=ORIENTED_EDGE('',*,*,#1938,.T.);
#2776=ORIENTED_EDGE('',*,*,#2775,.F.);
#2777=EDGE_LOOP('',(#2772,#2773,#2774,#2776));
#2778=FACE_OUTER_BOUND('',#2777,.F.);
#2780=CARTESIAN_POINT('',(-1.72E1,2.978959196510E-1,7.75E0));
#2781=DIRECTION('',(7.071067811865E-1,0.E0,-7.071067811865E-1));
#2782=DIRECTION('',(-7.071067811865E-1,0.E0,-7.071067811865E-1));
#2783=AXIS2_PLACEMENT_3D('',#2780,#2781,#2782);
#2784=PLANE('',#2783);
#2785=ORIENTED_EDGE('',*,*,#2106,.F.);
#2786=ORIENTED_EDGE('',*,*,#2775,.T.);
#2788=ORIENTED_EDGE('',*,*,#2787,.T.);
#2790=ORIENTED_EDGE('',*,*,#2789,.F.);
#2791=EDGE_LOOP('',(#2785,#2786,#2788,#2790));
#2792=FACE_OUTER_BOUND('',#2791,.F.);
#2794=CARTESIAN_POINT('',(-1.745E1,-1.745E1,0.E0));
#2795=DIRECTION('',(1.E0,0.E0,0.E0));
#2796=DIRECTION('',(0.E0,1.E0,0.E0));
#2797=AXIS2_PLACEMENT_3D('',#2794,#2795,#2796);
#2798=PLANE('',#2797);
#2799=ORIENTED_EDGE('',*,*,#1965,.F.);
#2801=ORIENTED_EDGE('',*,*,#2800,.F.);
#2802=ORIENTED_EDGE('',*,*,#2787,.F.);
#2803=ORIENTED_EDGE('',*,*,#1936,.T.);
#2804=EDGE_LOOP('',(#2799,#2801,#2802,#2803));
#2805=FACE_OUTER_BOUND('',#2804,.F.);
#2807=CARTESIAN_POINT('',(-1.445E1,1.504579183930E1,1.842880026845E1));
#2808=DIRECTION('',(0.E0,0.E0,1.E0));
#2809=DIRECTION('',(-2.291096198410E-1,9.734006277460E-1,0.E0));
#2810=AXIS2_PLACEMENT_3D('',#2807,#2808,#2809);
#2811=CYLINDRICAL_SURFACE('',#2810,3.E0);
#2812=ORIENTED_EDGE('',*,*,#1979,.F.);
#2813=ORIENTED_EDGE('',*,*,#2008,.F.);
#2815=ORIENTED_EDGE('',*,*,#2814,.F.);
#2816=ORIENTED_EDGE('',*,*,#2800,.T.);
#2817=EDGE_LOOP('',(#2812,#2813,#2815,#2816));
#2818=FACE_OUTER_BOUND('',#2817,.F.);
#2820=CARTESIAN_POINT('',(-1.445E1,1.504579183930E1,7.750000000552E0));
#2821=DIRECTION('',(0.E0,0.E0,-1.E0));
#2822=DIRECTION('',(0.E0,1.E0,0.E0));
#2823=AXIS2_PLACEMENT_3D('',#2820,#2821,#2822);
#2824=CONICAL_SURFACE('',#2823,2.749999999448E0,4.5E1);
#2825=ORIENTED_EDGE('',*,*,#2108,.F.);
#2826=ORIENTED_EDGE('',*,*,#2789,.T.);
#2827=ORIENTED_EDGE('',*,*,#2814,.T.);
#2829=ORIENTED_EDGE('',*,*,#2828,.F.);
#2830=EDGE_LOOP('',(#2825,#2826,#2827,#2829));
#2831=FACE_OUTER_BOUND('',#2830,.F.);
#2833=CARTESIAN_POINT('',(-1.742842505793E1,2.77E1,7.749999999789E0));
#2834=DIRECTION('',(0.E0,0.E0,1.E0));
#2835=DIRECTION('',(0.E0,1.E0,0.E0));
#2836=AXIS2_PLACEMENT_3D('',#2833,#2834,#2835);
#2837=CONICAL_SURFACE('',#2836,1.024999999979E1,4.5E1);
#2838=ORIENTED_EDGE('',*,*,#2110,.F.);
#2839=ORIENTED_EDGE('',*,*,#2828,.T.);
#2840=ORIENTED_EDGE('',*,*,#2006,.T.);
#2842=ORIENTED_EDGE('',*,*,#2841,.F.);
#2843=EDGE_LOOP('',(#2838,#2839,#2840,#2842));
#2844=FACE_OUTER_BOUND('',#2843,.F.);
#2846=CARTESIAN_POINT('',(0.E0,2.32E1,7.749999898334E0));
#2847=DIRECTION('',(0.E0,0.E0,-1.E0));
#2848=DIRECTION('',(0.E0,1.E0,0.E0));
#2849=AXIS2_PLACEMENT_3D('',#2846,#2847,#2848);
#2850=CONICAL_SURFACE('',#2849,7.750000101666E0,4.5E1);
#2851=ORIENTED_EDGE('',*,*,#2021,.T.);
#2853=ORIENTED_EDGE('',*,*,#2852,.F.);
#2854=ORIENTED_EDGE('',*,*,#2112,.T.);
#2855=ORIENTED_EDGE('',*,*,#2841,.T.);
#2856=EDGE_LOOP('',(#2851,#2853,#2854,#2855));
#2857=FACE_OUTER_BOUND('',#2856,.F.);
#2859=CARTESIAN_POINT('',(1.742842505793E1,2.77E1,7.749999999789E0));
#2860=DIRECTION('',(0.E0,0.E0,1.E0));
#2861=DIRECTION('',(0.E0,-1.E0,0.E0));
#2862=AXIS2_PLACEMENT_3D('',#2859,#2860,#2861);
#2863=CONICAL_SURFACE('',#2862,1.024999999979E1,4.5E1);
#2864=ORIENTED_EDGE('',*,*,#2114,.T.);
#2865=ORIENTED_EDGE('',*,*,#2852,.T.);
#2866=ORIENTED_EDGE('',*,*,#2035,.F.);
#2868=ORIENTED_EDGE('',*,*,#2867,.F.);
#2869=EDGE_LOOP('',(#2864,#2865,#2866,#2868));
#2870=FACE_OUTER_BOUND('',#2869,.F.);
#2872=CARTESIAN_POINT('',(1.445E1,1.504579183930E1,7.750000000552E0));
#2873=DIRECTION('',(0.E0,0.E0,-1.E0));
#2874=DIRECTION('',(0.E0,-1.E0,0.E0));
#2875=AXIS2_PLACEMENT_3D('',#2872,#2873,#2874);
#2876=CONICAL_SURFACE('',#2875,2.749999999448E0,4.5E1);
#2877=ORIENTED_EDGE('',*,*,#2116,.T.);
#2878=ORIENTED_EDGE('',*,*,#2867,.T.);
#2879=ORIENTED_EDGE('',*,*,#2049,.F.);
#2881=ORIENTED_EDGE('',*,*,#2880,.F.);
#2882=EDGE_LOOP('',(#2877,#2878,#2879,#2881));
#2883=FACE_OUTER_BOUND('',#2882,.F.);
#2885=CARTESIAN_POINT('',(1.72E1,2.978959196510E-1,7.75E0));
#2886=DIRECTION('',(7.071067811865E-1,0.E0,7.071067811865E-1));
#2887=DIRECTION('',(7.071067811865E-1,0.E0,-7.071067811865E-1));
#2888=AXIS2_PLACEMENT_3D('',#2885,#2886,#2887);
#2889=PLANE('',#2888);
#2890=ORIENTED_EDGE('',*,*,#2118,.T.);
#2891=ORIENTED_EDGE('',*,*,#2880,.T.);
#2892=ORIENTED_EDGE('',*,*,#2063,.F.);
#2893=ORIENTED_EDGE('',*,*,#2089,.F.);
#2894=EDGE_LOOP('',(#2890,#2891,#2892,#2893));
#2895=FACE_OUTER_BOUND('',#2894,.F.);
#2899=FILL_AREA_STYLE_COLOUR('',#41);
#2900=FILL_AREA_STYLE('',(#2899));
#2901=SURFACE_STYLE_FILL_AREA(#2900);
#2902=SURFACE_SIDE_STYLE('',(#2901));
#2903=SURFACE_STYLE_USAGE(.BOTH.,#2902);
#2904=PRESENTATION_STYLE_ASSIGNMENT((#2903));
#68=STYLED_ITEM('',(#2904),#2898);
#2905=CARTESIAN_POINT('',(0.E0,0.E0,0.E0));
#2906=DIRECTION('',(0.E0,0.E0,1.E0));
#2907=DIRECTION('',(1.E0,0.E0,0.E0));
#2908=AXIS2_PLACEMENT_3D('PRT_DEF_CSYS',#2905,#2906,#2907);
#2909=CURVE_STYLE('',#62,POSITIVE_LENGTH_MEASURE(2.E-2),#15);
#2910=PRESENTATION_STYLE_ASSIGNMENT((#2909));
#2911=STYLED_ITEM('',(#2910),#2908);
#2912=CARTESIAN_POINT('',(0.E0,0.E0,0.E0));
#2913=DIRECTION('',(1.E0,0.E0,0.E0));
#2914=DIRECTION('',(0.E0,1.E0,0.E0));
#2915=AXIS2_PLACEMENT_3D('',#2912,#2913,#2914);
#2916=PLANE('RIGHT',#2915);
#2917=CARTESIAN_POINT('',(0.E0,0.E0,0.E0));
#2918=DIRECTION('',(0.E0,1.E0,0.E0));
#2919=DIRECTION('',(0.E0,0.E0,1.E0));
#2920=AXIS2_PLACEMENT_3D('',#2917,#2918,#2919);
#2921=PLANE('TOP',#2920);
#2922=CARTESIAN_POINT('',(0.E0,0.E0,0.E0));
#2923=DIRECTION('',(0.E0,0.E0,1.E0));
#2924=DIRECTION('',(1.E0,0.E0,0.E0));
#2925=AXIS2_PLACEMENT_3D('',#2922,#2923,#2924);
#2926=PLANE('FRONT',#2925);
#2927=DIRECTION('',(-1.E0,0.E0,0.E0));
#2928=VECTOR('',#2927,4.510512242138E0);
#2929=CARTESIAN_POINT('',(4.510512242138E0,-1.345E1,0.E0));
#2930=LINE('',#2929,#2928);
#2932=CURVE_STYLE('',#62,POSITIVE_LENGTH_MEASURE(2.E-2),#66);
#2933=PRESENTATION_STYLE_ASSIGNMENT((#2932));
#2934=STYLED_ITEM('',(#2933),#2931);
#2936=DIRECTION('',(0.E0,-1.E0,0.E0));
#2937=VECTOR('',#2936,4.E0);
#2938=CARTESIAN_POINT('',(0.E0,-1.345E1,0.E0));
#2939=LINE('',#2938,#2937);
#2941=CURVE_STYLE('',#62,POSITIVE_LENGTH_MEASURE(2.E-2),#66);
#2942=PRESENTATION_STYLE_ASSIGNMENT((#2941));
#2943=STYLED_ITEM('',(#2942),#2940);
#2945=DIRECTION('',(1.E0,0.E0,0.E0));
#2946=VECTOR('',#2945,1.745E1);
#2947=CARTESIAN_POINT('',(0.E0,-1.745E1,0.E0));
#2948=LINE('',#2947,#2946);
#2950=CURVE_STYLE('',#62,POSITIVE_LENGTH_MEASURE(2.E-2),#66);
#2951=PRESENTATION_STYLE_ASSIGNMENT((#2950));
#2952=STYLED_ITEM('',(#2951),#2949);
#2954=DIRECTION('',(0.E0,1.E0,0.E0));
#2955=VECTOR('',#2954,3.515E1);
#2956=CARTESIAN_POINT('',(1.745E1,-1.745E1,0.E0));
#2957=LINE('',#2956,#2955);
#2959=CURVE_STYLE('',#62,POSITIVE_LENGTH_MEASURE(2.E-2),#66);
#2960=PRESENTATION_STYLE_ASSIGNMENT((#2959));
#2961=STYLED_ITEM('',(#2960),#2958);
#2963=DIRECTION('',(-1.E0,0.E0,0.E0));
#2964=VECTOR('',#2963,1.745E1);
#2965=CARTESIAN_POINT('',(1.745E1,1.77E1,0.E0));
#2966=LINE('',#2965,#2964);
#2968=CURVE_STYLE('',#62,POSITIVE_LENGTH_MEASURE(2.E-2),#66);
#2969=PRESENTATION_STYLE_ASSIGNMENT((#2968));
#2970=STYLED_ITEM('',(#2969),#2967);
#2972=DIRECTION('',(0.E0,-1.E0,0.E0));
#2973=VECTOR('',#2972,5.75E0);
#2974=CARTESIAN_POINT('',(0.E0,1.77E1,0.E0));
#2975=LINE('',#2974,#2973);
#2977=CURVE_STYLE('',#62,POSITIVE_LENGTH_MEASURE(2.E-2),#66);
#2978=PRESENTATION_STYLE_ASSIGNMENT((#2977));
#2979=STYLED_ITEM('',(#2978),#2976);
#2981=DIRECTION('',(1.E0,0.E0,0.E0));
#2982=VECTOR('',#2981,1.345E1);
#2983=CARTESIAN_POINT('',(0.E0,1.195E1,0.E0));
#2984=LINE('',#2983,#2982);
#2986=CURVE_STYLE('',#62,POSITIVE_LENGTH_MEASURE(2.E-2),#66);
#2987=PRESENTATION_STYLE_ASSIGNMENT((#2986));
#2988=STYLED_ITEM('',(#2987),#2985);
#2990=DIRECTION('',(0.E0,-1.E0,0.E0));
#2991=VECTOR('',#2990,1.646051224214E1);
#2992=CARTESIAN_POINT('',(1.345E1,1.195E1,0.E0));
#2993=LINE('',#2992,#2991);
#2995=CURVE_STYLE('',#62,POSITIVE_LENGTH_MEASURE(2.E-2),#66);
#2996=PRESENTATION_STYLE_ASSIGNMENT((#2995));
#2997=STYLED_ITEM('',(#2996),#2994);
#2999=DIRECTION('',(-7.071067811865E-1,-7.071067811865E-1,0.E0));
#3000=VECTOR('',#2999,1.264234482784E1);
#3001=CARTESIAN_POINT('',(1.345E1,-4.510512242138E0,0.E0));
#3002=LINE('',#3001,#3000);
#3004=CURVE_STYLE('',#62,POSITIVE_LENGTH_MEASURE(2.E-2),#66);
#3005=PRESENTATION_STYLE_ASSIGNMENT((#3004));
#3006=STYLED_ITEM('',(#3005),#3003);
#3010=CARTESIAN_POINT('',(0.E0,0.E0,0.E0));
#3011=DIRECTION('',(0.E0,0.E0,1.E0));
#3012=DIRECTION('',(1.E0,0.E0,0.E0));
#3013=AXIS2_PLACEMENT_3D('',#3010,#3011,#3012);
#3016=CURVE_STYLE('',#62,POSITIVE_LENGTH_MEASURE(2.E-2),#66);
#3017=PRESENTATION_STYLE_ASSIGNMENT((#3016));
#3018=STYLED_ITEM('',(#3017),#3015);
#3020=CARTESIAN_POINT('',(0.E0,0.E0,0.E0));
#3021=DIRECTION('',(0.E0,0.E0,1.E0));
#3022=DIRECTION('',(-1.E0,0.E0,0.E0));
#3023=AXIS2_PLACEMENT_3D('',#3020,#3021,#3022);
#3026=CURVE_STYLE('',#62,POSITIVE_LENGTH_MEASURE(2.E-2),#66);
#3027=PRESENTATION_STYLE_ASSIGNMENT((#3026));
#3028=STYLED_ITEM('',(#3027),#3025);
#3031=DIRECTION('',(1.E0,0.E0,0.E0));
#3032=VECTOR('',#3031,8.373802332912E0);
#3033=CARTESIAN_POINT('',(4.510512242138E0,-1.345E1,8.E0));
#3034=LINE('',#3033,#3032);
#3036=CURVE_STYLE('',#62,POSITIVE_LENGTH_MEASURE(2.E-2),#66);
#3037=PRESENTATION_STYLE_ASSIGNMENT((#3036));
#3038=STYLED_ITEM('',(#3037),#3035);
#3040=DIRECTION('',(-7.071067811865E-1,7.071067811865E-1,0.E0));
#3041=VECTOR('',#3040,2.5E0);
#3042=CARTESIAN_POINT('',(1.288431457505E1,-1.345E1,8.E0));
#3043=LINE('',#3042,#3041);
#3045=CURVE_STYLE('',#62,POSITIVE_LENGTH_MEASURE(2.E-2),#66);
#3046=PRESENTATION_STYLE_ASSIGNMENT((#3045));
#3047=STYLED_ITEM('',(#3046),#3044);
#3049=DIRECTION('',(-1.E0,0.E0,0.E0));
#3050=VECTOR('',#3049,4.838268426980E0);
#3051=CARTESIAN_POINT('',(1.111654762208E1,-1.168223304703E1,8.E0));
#3052=LINE('',#3051,#3050);
#3054=CURVE_STYLE('',#62,POSITIVE_LENGTH_MEASURE(2.E-2),#66);
#3055=PRESENTATION_STYLE_ASSIGNMENT((#3054));
#3056=STYLED_ITEM('',(#3055),#3053);
#3058=DIRECTION('',(-7.071067811865E-1,-7.071067811865E-1,0.E0));
#3059=VECTOR('',#3058,2.5E0);
#3060=CARTESIAN_POINT('',(6.278279195105E0,-1.168223304703E1,8.E0));
#3061=LINE('',#3060,#3059);
#3063=CURVE_STYLE('',#62,POSITIVE_LENGTH_MEASURE(2.E-2),#66);
#3064=PRESENTATION_STYLE_ASSIGNMENT((#3063));
#3065=STYLED_ITEM('',(#3064),#3062);
#3068=DIRECTION('',(-7.071067811865E-1,-7.071067811865E-1,0.E0));
#3069=VECTOR('',#3068,2.5E0);
#3070=CARTESIAN_POINT('',(1.345E1,-4.510512242138E0,8.E0));
#3071=LINE('',#3070,#3069);
#3073=CURVE_STYLE('',#62,POSITIVE_LENGTH_MEASURE(2.E-2),#66);
#3074=PRESENTATION_STYLE_ASSIGNMENT((#3073));
#3075=STYLED_ITEM('',(#3074),#3072);
#3077=DIRECTION('',(0.E0,-1.E0,0.E0));
#3078=VECTOR('',#3077,4.838268426980E0);
#3079=CARTESIAN_POINT('',(1.168223304703E1,-6.278279195105E0,8.E0));
#3080=LINE('',#3079,#3078);
#3082=CURVE_STYLE('',#62,POSITIVE_LENGTH_MEASURE(2.E-2),#66);
#3083=PRESENTATION_STYLE_ASSIGNMENT((#3082));
#3084=STYLED_ITEM('',(#3083),#3081);
#3086=DIRECTION('',(7.071067811865E-1,-7.071067811865E-1,0.E0));
#3087=VECTOR('',#3086,2.5E0);
#3088=CARTESIAN_POINT('',(1.168223304703E1,-1.111654762208E1,8.E0));
#3089=LINE('',#3088,#3087);
#3091=CURVE_STYLE('',#62,POSITIVE_LENGTH_MEASURE(2.E-2),#66);
#3092=PRESENTATION_STYLE_ASSIGNMENT((#3091));
#3093=STYLED_ITEM('',(#3092),#3090);
#3095=DIRECTION('',(0.E0,1.E0,0.E0));
#3096=VECTOR('',#3095,8.373802332912E0);
#3097=CARTESIAN_POINT('',(1.345E1,-1.288431457505E1,8.E0));
#3098=LINE('',#3097,#3096);
#3100=CURVE_STYLE('',#62,POSITIVE_LENGTH_MEASURE(2.E-2),#66);
#3101=PRESENTATION_STYLE_ASSIGNMENT((#3100));
#3102=STYLED_ITEM('',(#3101),#3099);
#3105=DIRECTION('',(0.E0,-1.E0,0.E0));
#3106=VECTOR('',#3105,2.E0);
#3107=CARTESIAN_POINT('',(0.E0,1.515E1,8.E0));
#3108=LINE('',#3107,#3106);
#3110=CURVE_STYLE('',#62,POSITIVE_LENGTH_MEASURE(2.E-2),#66);
#3111=PRESENTATION_STYLE_ASSIGNMENT((#3110));
#3112=STYLED_ITEM('',(#3111),#3109);
#3114=DIRECTION('',(1.E0,0.E0,0.E0));
#3115=VECTOR('',#3114,1.332304913964E1);
#3116=CARTESIAN_POINT('',(0.E0,1.315E1,8.E0));
#3117=LINE('',#3116,#3115);
#3119=CURVE_STYLE('',#62,POSITIVE_LENGTH_MEASURE(2.E-2),#66);
#3120=PRESENTATION_STYLE_ASSIGNMENT((#3119));
#3121=STYLED_ITEM('',(#3120),#3118);
#3123=DIRECTION('',(0.E0,1.E0,0.E0));
#3124=VECTOR('',#3123,2.E0);
#3125=CARTESIAN_POINT('',(1.332304913964E1,1.315E1,8.E0));
#3126=LINE('',#3125,#3124);
#3128=CURVE_STYLE('',#62,POSITIVE_LENGTH_MEASURE(2.E-2),#66);
#3129=PRESENTATION_STYLE_ASSIGNMENT((#3128));
#3130=STYLED_ITEM('',(#3129),#3127);
#3132=DIRECTION('',(-1.E0,0.E0,0.E0));
#3133=VECTOR('',#3132,1.332304913964E1);
#3134=CARTESIAN_POINT('',(1.332304913964E1,1.515E1,8.E0));
#3135=LINE('',#3134,#3133);
#3137=CURVE_STYLE('',#62,POSITIVE_LENGTH_MEASURE(2.E-2),#66);
#3138=PRESENTATION_STYLE_ASSIGNMENT((#3137));
#3139=STYLED_ITEM('',(#3138),#3136);
#3142=CARTESIAN_POINT('',(0.E0,0.E0,4.E0));
#3143=DIRECTION('',(0.E0,0.E0,1.E0));
#3144=DIRECTION('',(1.E0,0.E0,0.E0));
#3145=AXIS2_PLACEMENT_3D('',#3142,#3143,#3144);
#3146=PLANE('DTM1',#3145);
#3147=DIRECTION('',(-7.071067811865E-1,7.071067811866E-1,0.E0));
#3148=VECTOR('',#3147,8.330387580294E-1);
#3149=CARTESIAN_POINT('',(1.106491647940E1,-7.768613224966E0,4.E0));
#3150=LINE('',#3149,#3148);
#3152=CURVE_STYLE('',#62,POSITIVE_LENGTH_MEASURE(2.E-2),#66);
#3153=PRESENTATION_STYLE_ASSIGNMENT((#3152));
#3154=STYLED_ITEM('',(#3153),#3151);
#3156=DIRECTION('',(-7.071067811865E-1,-7.071067811865E-1,0.E0));
#3157=VECTOR('',#3156,4.661676768113E0);
#3158=CARTESIAN_POINT('',(1.047586912460E1,-7.179565870173E0,4.E0));
#3159=LINE('',#3158,#3157);
#3161=CURVE_STYLE('',#62,POSITIVE_LENGTH_MEASURE(2.E-2),#66);
#3162=PRESENTATION_STYLE_ASSIGNMENT((#3161));
#3163=STYLED_ITEM('',(#3162),#3160);
#3165=DIRECTION('',(7.071067811865E-1,-7.071067811865E-1,0.E0));
#3166=VECTOR('',#3165,8.330387580294E-1);
#3167=CARTESIAN_POINT('',(7.179565870173E0,-1.047586912460E1,4.E0));
#3168=LINE('',#3167,#3166);
#3170=CURVE_STYLE('',#62,POSITIVE_LENGTH_MEASURE(2.E-2),#66);
#3171=PRESENTATION_STYLE_ASSIGNMENT((#3170));
#3172=STYLED_ITEM('',(#3171),#3169);
#3174=DIRECTION('',(7.071067811865E-1,7.071067811865E-1,0.E0));
#3175=VECTOR('',#3174,4.661676768113E0);
#3176=CARTESIAN_POINT('',(7.768613224966E0,-1.106491647940E1,4.E0));
#3177=LINE('',#3176,#3175);
#3179=CURVE_STYLE('',#62,POSITIVE_LENGTH_MEASURE(2.E-2),#66);
#3180=PRESENTATION_STYLE_ASSIGNMENT((#3179));
#3181=STYLED_ITEM('',(#3180),#3178);
#3184=DIRECTION('',(0.E0,-1.E0,0.E0));
#3185=VECTOR('',#3184,1.2E0);
#3186=CARTESIAN_POINT('',(0.E0,1.315E1,8.E0));
#3187=LINE('',#3186,#3185);
#3189=CURVE_STYLE('',#62,POSITIVE_LENGTH_MEASURE(2.E-2),#66);
#3190=PRESENTATION_STYLE_ASSIGNMENT((#3189));
#3191=STYLED_ITEM('',(#3190),#3188);
#3193=DIRECTION('',(1.E0,0.E0,0.E0));
#3194=VECTOR('',#3193,3.E-1);
#3195=CARTESIAN_POINT('',(0.E0,1.195E1,8.E0));
#3196=LINE('',#3195,#3194);
#3198=CURVE_STYLE('',#62,POSITIVE_LENGTH_MEASURE(2.E-2),#66);
#3199=PRESENTATION_STYLE_ASSIGNMENT((#3198));
#3200=STYLED_ITEM('',(#3199),#3197);
#3202=DIRECTION('',(0.E0,1.E0,0.E0));
#3203=VECTOR('',#3202,1.2E0);
#3204=CARTESIAN_POINT('',(3.E-1,1.195E1,8.E0));
#3205=LINE('',#3204,#3203);
#3207=CURVE_STYLE('',#62,POSITIVE_LENGTH_MEASURE(2.E-2),#66);
#3208=PRESENTATION_STYLE_ASSIGNMENT((#3207));
#3209=STYLED_ITEM('',(#3208),#3206);
#3211=DIRECTION('',(-1.E0,0.E0,0.E0));
#3212=VECTOR('',#3211,3.E-1);
#3213=CARTESIAN_POINT('',(3.E-1,1.315E1,8.E0));
#3214=LINE('',#3213,#3212);
#3216=CURVE_STYLE('',#62,POSITIVE_LENGTH_MEASURE(2.E-2),#66);
#3217=PRESENTATION_STYLE_ASSIGNMENT((#3216));
#3218=STYLED_ITEM('',(#3217),#3215);
#3221=DIRECTION('',(1.E0,0.E0,0.E0));
#3222=VECTOR('',#3221,8.E0);
#3223=CARTESIAN_POINT('',(0.E0,1.77E1,8.E0));
#3224=LINE('',#3223,#3222);
#3226=CURVE_STYLE('',#62,POSITIVE_LENGTH_MEASURE(2.E-2),#66);
#3227=PRESENTATION_STYLE_ASSIGNMENT((#3226));
#3228=STYLED_ITEM('',(#3227),#3225);
#3230=DIRECTION('',(0.E0,1.E0,0.E0));
#3231=VECTOR('',#3230,5.5E0);
#3232=CARTESIAN_POINT('',(8.E0,1.77E1,8.E0));
#3233=LINE('',#3232,#3231);
#3235=CURVE_STYLE('',#62,POSITIVE_LENGTH_MEASURE(2.E-2),#66);
#3236=PRESENTATION_STYLE_ASSIGNMENT((#3235));
#3237=STYLED_ITEM('',(#3236),#3234);
#3239=CARTESIAN_POINT('',(0.E0,2.32E1,8.E0));
#3240=DIRECTION('',(0.E0,0.E0,1.E0));
#3241=DIRECTION('',(1.E0,0.E0,0.E0));
#3242=AXIS2_PLACEMENT_3D('',#3239,#3240,#3241);
#3245=CURVE_STYLE('',#62,POSITIVE_LENGTH_MEASURE(2.E-2),#66);
#3246=PRESENTATION_STYLE_ASSIGNMENT((#3245));
#3247=STYLED_ITEM('',(#3246),#3244);
#3249=DIRECTION('',(0.E0,-1.E0,0.E0));
#3250=VECTOR('',#3249,1.35E1);
#3251=CARTESIAN_POINT('',(0.E0,3.12E1,8.E0));
#3252=LINE('',#3251,#3250);
#3254=CURVE_STYLE('',#62,POSITIVE_LENGTH_MEASURE(2.E-2),#66);
#3255=PRESENTATION_STYLE_ASSIGNMENT((#3254));
#3256=STYLED_ITEM('',(#3255),#3253);
#3259=DIRECTION('',(0.E0,0.E0,1.E0));
#3260=VECTOR('',#3259,7.E0);
#3261=CARTESIAN_POINT('',(0.E0,2.32E1,5.E-1));
#3262=LINE('',#3261,#3260);
#3264=CURVE_STYLE('',#62,POSITIVE_LENGTH_MEASURE(2.E-2),#67);
#3265=PRESENTATION_STYLE_ASSIGNMENT((#3264));
#3266=STYLED_ITEM('',(#3265),#3263);
#3267=CARTESIAN_POINT('',(0.E0,2.32E1,8.E0));
#3268=DIRECTION('',(0.E0,0.E0,1.E0));
#3269=DIRECTION('',(1.E0,0.E0,0.E0));
#3270=AXIS2_PLACEMENT_3D('',#3267,#3268,#3269);
#3273=CURVE_STYLE('',#62,POSITIVE_LENGTH_MEASURE(2.E-2),#66);
#3274=PRESENTATION_STYLE_ASSIGNMENT((#3273));
#3275=STYLED_ITEM('',(#3274),#3272);
#3277=CARTESIAN_POINT('',(0.E0,2.32E1,8.E0));
#3278=DIRECTION('',(0.E0,0.E0,1.E0));
#3279=DIRECTION('',(-1.E0,0.E0,0.E0));
#3280=AXIS2_PLACEMENT_3D('',#3277,#3278,#3279);
#3283=CURVE_STYLE('',#62,POSITIVE_LENGTH_MEASURE(2.E-2),#66);
#3284=PRESENTATION_STYLE_ASSIGNMENT((#3283));
#3285=STYLED_ITEM('',(#3284),#3282);
#3288=CARTESIAN_POINT('',(0.E0,0.E0,0.E0));
#3289=DIRECTION('',(0.E0,0.E0,-1.E0));
#3290=DIRECTION('',(-1.E0,0.E0,0.E0));
#3291=AXIS2_PLACEMENT_3D('PRT_DEF_CSYS_2',#3288,#3289,#3290);
#3292=CURVE_STYLE('',#62,POSITIVE_LENGTH_MEASURE(2.E-2),#15);
#3293=PRESENTATION_STYLE_ASSIGNMENT((#3292));
#3294=STYLED_ITEM('',(#3293),#3291);
#3297=GENERAL_PROPERTY('','MERGE_BASE_PART','user defined attribute');
#3298=GENERAL_PROPERTY_ASSOCIATION('user defined attribute','',#3297,#3296);
#3299=DESCRIPTIVE_REPRESENTATION_ITEM('MERGE_BASE_PART','TS_HVEE1_3DP');
#3302=PLANE_ANGLE_MEASURE_WITH_UNIT(PLANE_ANGLE_MEASURE(1.745329251994E-2),
#3301);
#3303=(CONVERSION_BASED_UNIT('DEGREE',#3302)NAMED_UNIT(*)PLANE_ANGLE_UNIT());
#3305=UNCERTAINTY_MEASURE_WITH_UNIT(LENGTH_MEASURE(6.040315400251E-3),#3300,
'distance_accuracy_value',
'Maximum model space distance between geometric entities at asserted connectivities');
#3311=CARTESIAN_POINT('',(0.E0,0.E0,0.E0));
#3312=DIRECTION('',(1.E0,0.E0,0.E0));
#3313=DIRECTION('',(0.E0,1.E0,0.E0));
#3314=AXIS2_PLACEMENT_3D('',#3311,#3312,#3313);
#3315=PLANE('618',#3314);
#3318=GENERAL_PROPERTY('','MERGE_BASE_PART','user defined attribute');
#3319=GENERAL_PROPERTY_ASSOCIATION('user defined attribute','',#3318,#3317);
#3320=DESCRIPTIVE_REPRESENTATION_ITEM('MERGE_BASE_PART','TS_HVEE1_3DP');
#3325=CARTESIAN_POINT('',(0.E0,0.E0,0.E0));
#3326=DIRECTION('',(0.E0,-1.E0,0.E0));
#3327=DIRECTION('',(0.E0,0.E0,1.E0));
#3328=AXIS2_PLACEMENT_3D('',#3325,#3326,#3327);
#3329=PLANE('619',#3328);
#3332=GENERAL_PROPERTY('','MERGE_BASE_PART','user defined attribute');
#3333=GENERAL_PROPERTY_ASSOCIATION('user defined attribute','',#3332,#3331);
#3334=DESCRIPTIVE_REPRESENTATION_ITEM('MERGE_BASE_PART','TS_HVEE1_3DP');
#3339=CARTESIAN_POINT('',(0.E0,0.E0,0.E0));
#3340=DIRECTION('',(0.E0,0.E0,-1.E0));
#3341=DIRECTION('',(-1.E0,0.E0,0.E0));
#3342=AXIS2_PLACEMENT_3D('',#3339,#3340,#3341);
#3343=PLANE('620',#3342);
#3346=GENERAL_PROPERTY('','MERGE_BASE_PART','user defined attribute');
#3347=GENERAL_PROPERTY_ASSOCIATION('user defined attribute','',#3346,#3345);
#3348=DESCRIPTIVE_REPRESENTATION_ITEM('MERGE_BASE_PART','TS_HVEE1_3DP');
#3353=DIRECTION('',(1.E0,0.E0,0.E0));
#3354=VECTOR('',#3353,4.510512242138E0);
#3355=CARTESIAN_POINT('',(-4.510512242138E0,-1.345E1,0.E0));
#3356=LINE('',#3355,#3354);
#3358=CURVE_STYLE('',#62,POSITIVE_LENGTH_MEASURE(2.E-2),#66);
#3359=PRESENTATION_STYLE_ASSIGNMENT((#3358));
#3360=STYLED_ITEM('',(#3359),#3357);
#3362=DIRECTION('',(0.E0,-1.E0,0.E0));
#3363=VECTOR('',#3362,4.E0);
#3364=CARTESIAN_POINT('',(0.E0,-1.345E1,0.E0));
#3365=LINE('',#3364,#3363);
#3367=CURVE_STYLE('',#62,POSITIVE_LENGTH_MEASURE(2.E-2),#66);
#3368=PRESENTATION_STYLE_ASSIGNMENT((#3367));
#3369=STYLED_ITEM('',(#3368),#3366);
#3371=DIRECTION('',(-1.E0,0.E0,0.E0));
#3372=VECTOR('',#3371,1.745E1);
#3373=CARTESIAN_POINT('',(0.E0,-1.745E1,0.E0));
#3374=LINE('',#3373,#3372);
#3376=CURVE_STYLE('',#62,POSITIVE_LENGTH_MEASURE(2.E-2),#66);
#3377=PRESENTATION_STYLE_ASSIGNMENT((#3376));
#3378=STYLED_ITEM('',(#3377),#3375);
#3380=DIRECTION('',(0.E0,1.E0,0.E0));
#3381=VECTOR('',#3380,3.515E1);
#3382=CARTESIAN_POINT('',(-1.745E1,-1.745E1,0.E0));
#3383=LINE('',#3382,#3381);
#3385=CURVE_STYLE('',#62,POSITIVE_LENGTH_MEASURE(2.E-2),#66);
#3386=PRESENTATION_STYLE_ASSIGNMENT((#3385));
#3387=STYLED_ITEM('',(#3386),#3384);
#3389=DIRECTION('',(1.E0,0.E0,0.E0));
#3390=VECTOR('',#3389,1.745E1);
#3391=CARTESIAN_POINT('',(-1.745E1,1.77E1,0.E0));
#3392=LINE('',#3391,#3390);
#3394=CURVE_STYLE('',#62,POSITIVE_LENGTH_MEASURE(2.E-2),#66);
#3395=PRESENTATION_STYLE_ASSIGNMENT((#3394));
#3396=STYLED_ITEM('',(#3395),#3393);
#3398=DIRECTION('',(0.E0,-1.E0,0.E0));
#3399=VECTOR('',#3398,5.75E0);
#3400=CARTESIAN_POINT('',(0.E0,1.77E1,0.E0));
#3401=LINE('',#3400,#3399);
#3403=CURVE_STYLE('',#62,POSITIVE_LENGTH_MEASURE(2.E-2),#66);
#3404=PRESENTATION_STYLE_ASSIGNMENT((#3403));
#3405=STYLED_ITEM('',(#3404),#3402);
#3407=DIRECTION('',(-1.E0,0.E0,0.E0));
#3408=VECTOR('',#3407,1.345E1);
#3409=CARTESIAN_POINT('',(0.E0,1.195E1,0.E0));
#3410=LINE('',#3409,#3408);
#3412=CURVE_STYLE('',#62,POSITIVE_LENGTH_MEASURE(2.E-2),#66);
#3413=PRESENTATION_STYLE_ASSIGNMENT((#3412));
#3414=STYLED_ITEM('',(#3413),#3411);
#3416=DIRECTION('',(0.E0,-1.E0,0.E0));
#3417=VECTOR('',#3416,1.646051224214E1);
#3418=CARTESIAN_POINT('',(-1.345E1,1.195E1,0.E0));
#3419=LINE('',#3418,#3417);
#3421=CURVE_STYLE('',#62,POSITIVE_LENGTH_MEASURE(2.E-2),#66);
#3422=PRESENTATION_STYLE_ASSIGNMENT((#3421));
#3423=STYLED_ITEM('',(#3422),#3420);
#3425=DIRECTION('',(7.071067811865E-1,-7.071067811865E-1,0.E0));
#3426=VECTOR('',#3425,1.264234482784E1);
#3427=CARTESIAN_POINT('',(-1.345E1,-4.510512242138E0,0.E0));
#3428=LINE('',#3427,#3426);
#3430=CURVE_STYLE('',#62,POSITIVE_LENGTH_MEASURE(2.E-2),#66);
#3431=PRESENTATION_STYLE_ASSIGNMENT((#3430));
#3432=STYLED_ITEM('',(#3431),#3429);
#3437=GENERAL_PROPERTY('','MERGE_BASE_PART','user defined attribute');
#3438=GENERAL_PROPERTY_ASSOCIATION('user defined attribute','',#3437,#3436);
#3439=DESCRIPTIVE_REPRESENTATION_ITEM('MERGE_BASE_PART','TS_HVEE1_3DP');
#3444=CARTESIAN_POINT('',(0.E0,0.E0,0.E0));
#3445=DIRECTION('',(0.E0,0.E0,-1.E0));
#3446=DIRECTION('',(-1.E0,0.E0,0.E0));
#3447=AXIS2_PLACEMENT_3D('',#3444,#3445,#3446);
#3450=CURVE_STYLE('',#62,POSITIVE_LENGTH_MEASURE(2.E-2),#66);
#3451=PRESENTATION_STYLE_ASSIGNMENT((#3450));
#3452=STYLED_ITEM('',(#3451),#3449);
#3454=CARTESIAN_POINT('',(0.E0,0.E0,0.E0));
#3455=DIRECTION('',(0.E0,0.E0,-1.E0));
#3456=DIRECTION('',(1.E0,0.E0,0.E0));
#3457=AXIS2_PLACEMENT_3D('',#3454,#3455,#3456);
#3460=CURVE_STYLE('',#62,POSITIVE_LENGTH_MEASURE(2.E-2),#66);
#3461=PRESENTATION_STYLE_ASSIGNMENT((#3460));
#3462=STYLED_ITEM('',(#3461),#3459);
#3467=GENERAL_PROPERTY('','MERGE_BASE_PART','user defined attribute');
#3468=GENERAL_PROPERTY_ASSOCIATION('user defined attribute','',#3467,#3466);
#3469=DESCRIPTIVE_REPRESENTATION_ITEM('MERGE_BASE_PART','TS_HVEE1_3DP');
#3474=DIRECTION('',(-1.E0,0.E0,0.E0));
#3475=VECTOR('',#3474,8.373802332912E0);
#3476=CARTESIAN_POINT('',(-4.510512242138E0,-1.345E1,8.E0));
#3477=LINE('',#3476,#3475);
#3479=CURVE_STYLE('',#62,POSITIVE_LENGTH_MEASURE(2.E-2),#66);
#3480=PRESENTATION_STYLE_ASSIGNMENT((#3479));
#3481=STYLED_ITEM('',(#3480),#3478);
#3483=DIRECTION('',(7.071067811865E-1,7.071067811865E-1,0.E0));
#3484=VECTOR('',#3483,2.5E0);
#3485=CARTESIAN_POINT('',(-1.288431457505E1,-1.345E1,8.E0));
#3486=LINE('',#3485,#3484);
#3488=CURVE_STYLE('',#62,POSITIVE_LENGTH_MEASURE(2.E-2),#66);
#3489=PRESENTATION_STYLE_ASSIGNMENT((#3488));
#3490=STYLED_ITEM('',(#3489),#3487);
#3492=DIRECTION('',(1.E0,0.E0,0.E0));
#3493=VECTOR('',#3492,4.838268426980E0);
#3494=CARTESIAN_POINT('',(-1.111654762208E1,-1.168223304703E1,8.E0));
#3495=LINE('',#3494,#3493);
#3497=CURVE_STYLE('',#62,POSITIVE_LENGTH_MEASURE(2.E-2),#66);
#3498=PRESENTATION_STYLE_ASSIGNMENT((#3497));
#3499=STYLED_ITEM('',(#3498),#3496);
#3501=DIRECTION('',(7.071067811865E-1,-7.071067811865E-1,0.E0));
#3502=VECTOR('',#3501,2.5E0);
#3503=CARTESIAN_POINT('',(-6.278279195105E0,-1.168223304703E1,8.E0));
#3504=LINE('',#3503,#3502);
#3506=CURVE_STYLE('',#62,POSITIVE_LENGTH_MEASURE(2.E-2),#66);
#3507=PRESENTATION_STYLE_ASSIGNMENT((#3506));
#3508=STYLED_ITEM('',(#3507),#3505);
#3513=GENERAL_PROPERTY('','MERGE_BASE_PART','user defined attribute');
#3514=GENERAL_PROPERTY_ASSOCIATION('user defined attribute','',#3513,#3512);
#3515=DESCRIPTIVE_REPRESENTATION_ITEM('MERGE_BASE_PART','TS_HVEE1_3DP');
#3520=DIRECTION('',(7.071067811865E-1,-7.071067811865E-1,0.E0));
#3521=VECTOR('',#3520,2.5E0);
#3522=CARTESIAN_POINT('',(-1.345E1,-4.510512242138E0,8.E0));
#3523=LINE('',#3522,#3521);
#3525=CURVE_STYLE('',#62,POSITIVE_LENGTH_MEASURE(2.E-2),#66);
#3526=PRESENTATION_STYLE_ASSIGNMENT((#3525));
#3527=STYLED_ITEM('',(#3526),#3524);
#3529=DIRECTION('',(0.E0,-1.E0,0.E0));
#3530=VECTOR('',#3529,4.838268426980E0);
#3531=CARTESIAN_POINT('',(-1.168223304703E1,-6.278279195105E0,8.E0));
#3532=LINE('',#3531,#3530);
#3534=CURVE_STYLE('',#62,POSITIVE_LENGTH_MEASURE(2.E-2),#66);
#3535=PRESENTATION_STYLE_ASSIGNMENT((#3534));
#3536=STYLED_ITEM('',(#3535),#3533);
#3538=DIRECTION('',(-7.071067811865E-1,-7.071067811865E-1,0.E0));
#3539=VECTOR('',#3538,2.5E0);
#3540=CARTESIAN_POINT('',(-1.168223304703E1,-1.111654762208E1,8.E0));
#3541=LINE('',#3540,#3539);
#3543=CURVE_STYLE('',#62,POSITIVE_LENGTH_MEASURE(2.E-2),#66);
#3544=PRESENTATION_STYLE_ASSIGNMENT((#3543));
#3545=STYLED_ITEM('',(#3544),#3542);
#3547=DIRECTION('',(0.E0,1.E0,0.E0));
#3548=VECTOR('',#3547,8.373802332912E0);
#3549=CARTESIAN_POINT('',(-1.345E1,-1.288431457505E1,8.E0));
#3550=LINE('',#3549,#3548);
#3552=CURVE_STYLE('',#62,POSITIVE_LENGTH_MEASURE(2.E-2),#66);
#3553=PRESENTATION_STYLE_ASSIGNMENT((#3552));
#3554=STYLED_ITEM('',(#3553),#3551);
#3559=GENERAL_PROPERTY('','MERGE_BASE_PART','user defined attribute');
#3560=GENERAL_PROPERTY_ASSOCIATION('user defined attribute','',#3559,#3558);
#3561=DESCRIPTIVE_REPRESENTATION_ITEM('MERGE_BASE_PART','TS_HVEE1_3DP');
#3566=DIRECTION('',(0.E0,-1.E0,0.E0));
#3567=VECTOR('',#3566,2.E0);
#3568=CARTESIAN_POINT('',(0.E0,1.515E1,8.E0));
#3569=LINE('',#3568,#3567);
#3571=CURVE_STYLE('',#62,POSITIVE_LENGTH_MEASURE(2.E-2),#66);
#3572=PRESENTATION_STYLE_ASSIGNMENT((#3571));
#3573=STYLED_ITEM('',(#3572),#3570);
#3575=DIRECTION('',(-1.E0,0.E0,0.E0));
#3576=VECTOR('',#3575,1.332304913964E1);
#3577=CARTESIAN_POINT('',(0.E0,1.315E1,8.E0));
#3578=LINE('',#3577,#3576);
#3580=CURVE_STYLE('',#62,POSITIVE_LENGTH_MEASURE(2.E-2),#66);
#3581=PRESENTATION_STYLE_ASSIGNMENT((#3580));
#3582=STYLED_ITEM('',(#3581),#3579);
#3584=DIRECTION('',(0.E0,1.E0,0.E0));
#3585=VECTOR('',#3584,2.E0);
#3586=CARTESIAN_POINT('',(-1.332304913964E1,1.315E1,8.E0));
#3587=LINE('',#3586,#3585);
#3589=CURVE_STYLE('',#62,POSITIVE_LENGTH_MEASURE(2.E-2),#66);
#3590=PRESENTATION_STYLE_ASSIGNMENT((#3589));
#3591=STYLED_ITEM('',(#3590),#3588);
#3593=DIRECTION('',(1.E0,0.E0,0.E0));
#3594=VECTOR('',#3593,1.332304913964E1);
#3595=CARTESIAN_POINT('',(-1.332304913964E1,1.515E1,8.E0));
#3596=LINE('',#3595,#3594);
#3598=CURVE_STYLE('',#62,POSITIVE_LENGTH_MEASURE(2.E-2),#66);
#3599=PRESENTATION_STYLE_ASSIGNMENT((#3598));
#3600=STYLED_ITEM('',(#3599),#3597);
#3605=GENERAL_PROPERTY('','MERGE_BASE_PART','user defined attribute');
#3606=GENERAL_PROPERTY_ASSOCIATION('user defined attribute','',#3605,#3604);
#3607=DESCRIPTIVE_REPRESENTATION_ITEM('MERGE_BASE_PART','TS_HVEE1_3DP');
#3612=CARTESIAN_POINT('',(0.E0,0.E0,4.E0));
#3613=DIRECTION('',(0.E0,0.E0,-1.E0));
#3614=DIRECTION('',(-1.E0,0.E0,0.E0));
#3615=AXIS2_PLACEMENT_3D('',#3612,#3613,#3614);
#3616=PLANE('843',#3615);
#3619=GENERAL_PROPERTY('','MERGE_BASE_PART','user defined attribute');
#3620=GENERAL_PROPERTY_ASSOCIATION('user defined attribute','',#3619,#3618);
#3621=DESCRIPTIVE_REPRESENTATION_ITEM('MERGE_BASE_PART','TS_HVEE1_3DP');
#3626=DIRECTION('',(7.071067811865E-1,7.071067811866E-1,0.E0));
#3627=VECTOR('',#3626,8.330387580294E-1);
#3628=CARTESIAN_POINT('',(-1.106491647940E1,-7.768613224966E0,4.E0));
#3629=LINE('',#3628,#3627);
#3631=CURVE_STYLE('',#62,POSITIVE_LENGTH_MEASURE(2.E-2),#66);
#3632=PRESENTATION_STYLE_ASSIGNMENT((#3631));
#3633=STYLED_ITEM('',(#3632),#3630);
#3635=DIRECTION('',(7.071067811865E-1,-7.071067811865E-1,0.E0));
#3636=VECTOR('',#3635,4.661676768113E0);
#3637=CARTESIAN_POINT('',(-1.047586912460E1,-7.179565870173E0,4.E0));
#3638=LINE('',#3637,#3636);
#3640=CURVE_STYLE('',#62,POSITIVE_LENGTH_MEASURE(2.E-2),#66);
#3641=PRESENTATION_STYLE_ASSIGNMENT((#3640));
#3642=STYLED_ITEM('',(#3641),#3639);
#3644=DIRECTION('',(-7.071067811865E-1,-7.071067811865E-1,0.E0));
#3645=VECTOR('',#3644,8.330387580294E-1);
#3646=CARTESIAN_POINT('',(-7.179565870173E0,-1.047586912460E1,4.E0));
#3647=LINE('',#3646,#3645);
#3649=CURVE_STYLE('',#62,POSITIVE_LENGTH_MEASURE(2.E-2),#66);
#3650=PRESENTATION_STYLE_ASSIGNMENT((#3649));
#3651=STYLED_ITEM('',(#3650),#3648);
#3653=DIRECTION('',(-7.071067811865E-1,7.071067811865E-1,0.E0));
#3654=VECTOR('',#3653,4.661676768113E0);
#3655=CARTESIAN_POINT('',(-7.768613224966E0,-1.106491647940E1,4.E0));
#3656=LINE('',#3655,#3654);
#3658=CURVE_STYLE('',#62,POSITIVE_LENGTH_MEASURE(2.E-2),#66);
#3659=PRESENTATION_STYLE_ASSIGNMENT((#3658));
#3660=STYLED_ITEM('',(#3659),#3657);
#3665=GENERAL_PROPERTY('','MERGE_BASE_PART','user defined attribute');
#3666=GENERAL_PROPERTY_ASSOCIATION('user defined attribute','',#3665,#3664);
#3667=DESCRIPTIVE_REPRESENTATION_ITEM('MERGE_BASE_PART','TS_HVEE1_3DP');
#3672=DIRECTION('',(0.E0,-1.E0,0.E0));
#3673=VECTOR('',#3672,1.2E0);
#3674=CARTESIAN_POINT('',(0.E0,1.315E1,8.E0));
#3675=LINE('',#3674,#3673);
#3677=CURVE_STYLE('',#62,POSITIVE_LENGTH_MEASURE(2.E-2),#66);
#3678=PRESENTATION_STYLE_ASSIGNMENT((#3677));
#3679=STYLED_ITEM('',(#3678),#3676);
#3681=DIRECTION('',(-1.E0,0.E0,0.E0));
#3682=VECTOR('',#3681,3.E-1);
#3683=CARTESIAN_POINT('',(0.E0,1.195E1,8.E0));
#3684=LINE('',#3683,#3682);
#3686=CURVE_STYLE('',#62,POSITIVE_LENGTH_MEASURE(2.E-2),#66);
#3687=PRESENTATION_STYLE_ASSIGNMENT((#3686));
#3688=STYLED_ITEM('',(#3687),#3685);
#3690=DIRECTION('',(0.E0,1.E0,0.E0));
#3691=VECTOR('',#3690,1.2E0);
#3692=CARTESIAN_POINT('',(-3.E-1,1.195E1,8.E0));
#3693=LINE('',#3692,#3691);
#3695=CURVE_STYLE('',#62,POSITIVE_LENGTH_MEASURE(2.E-2),#66);
#3696=PRESENTATION_STYLE_ASSIGNMENT((#3695));
#3697=STYLED_ITEM('',(#3696),#3694);
#3699=DIRECTION('',(1.E0,0.E0,0.E0));
#3700=VECTOR('',#3699,3.E-1);
#3701=CARTESIAN_POINT('',(-3.E-1,1.315E1,8.E0));
#3702=LINE('',#3701,#3700);
#3704=CURVE_STYLE('',#62,POSITIVE_LENGTH_MEASURE(2.E-2),#66);
#3705=PRESENTATION_STYLE_ASSIGNMENT((#3704));
#3706=STYLED_ITEM('',(#3705),#3703);
#3711=GENERAL_PROPERTY('','MERGE_BASE_PART','user defined attribute');
#3712=GENERAL_PROPERTY_ASSOCIATION('user defined attribute','',#3711,#3710);
#3713=DESCRIPTIVE_REPRESENTATION_ITEM('MERGE_BASE_PART','TS_HVEE1_3DP');
#3718=DIRECTION('',(-1.E0,0.E0,0.E0));
#3719=VECTOR('',#3718,8.E0);
#3720=CARTESIAN_POINT('',(0.E0,1.77E1,8.E0));
#3721=LINE('',#3720,#3719);
#3723=CURVE_STYLE('',#62,POSITIVE_LENGTH_MEASURE(2.E-2),#66);
#3724=PRESENTATION_STYLE_ASSIGNMENT((#3723));
#3725=STYLED_ITEM('',(#3724),#3722);
#3727=DIRECTION('',(0.E0,1.E0,0.E0));
#3728=VECTOR('',#3727,5.5E0);
#3729=CARTESIAN_POINT('',(-8.E0,1.77E1,8.E0));
#3730=LINE('',#3729,#3728);
#3732=CURVE_STYLE('',#62,POSITIVE_LENGTH_MEASURE(2.E-2),#66);
#3733=PRESENTATION_STYLE_ASSIGNMENT((#3732));
#3734=STYLED_ITEM('',(#3733),#3731);
#3736=CARTESIAN_POINT('',(0.E0,2.32E1,8.E0));
#3737=DIRECTION('',(0.E0,0.E0,-1.E0));
#3738=DIRECTION('',(-1.E0,0.E0,0.E0));
#3739=AXIS2_PLACEMENT_3D('',#3736,#3737,#3738);
#3742=CURVE_STYLE('',#62,POSITIVE_LENGTH_MEASURE(2.E-2),#66);
#3743=PRESENTATION_STYLE_ASSIGNMENT((#3742));
#3744=STYLED_ITEM('',(#3743),#3741);
#3746=DIRECTION('',(0.E0,-1.E0,0.E0));
#3747=VECTOR('',#3746,1.35E1);
#3748=CARTESIAN_POINT('',(0.E0,3.12E1,8.E0));
#3749=LINE('',#3748,#3747);
#3751=CURVE_STYLE('',#62,POSITIVE_LENGTH_MEASURE(2.E-2),#66);
#3752=PRESENTATION_STYLE_ASSIGNMENT((#3751));
#3753=STYLED_ITEM('',(#3752),#3750);
#3758=GENERAL_PROPERTY('','MERGE_BASE_PART','user defined attribute');
#3759=GENERAL_PROPERTY_ASSOCIATION('user defined attribute','',#3758,#3757);
#3760=DESCRIPTIVE_REPRESENTATION_ITEM('MERGE_BASE_PART','TS_HVEE1_3DP');
#3765=DIRECTION('',(0.E0,0.E0,-1.E0));
#3766=VECTOR('',#3765,7.E0);
#3767=CARTESIAN_POINT('',(0.E0,2.32E1,7.5E0));
#3768=LINE('',#3767,#3766);
#3770=CURVE_STYLE('',#62,POSITIVE_LENGTH_MEASURE(2.E-2),#67);
#3771=PRESENTATION_STYLE_ASSIGNMENT((#3770));
#3772=STYLED_ITEM('',(#3771),#3769);
#3775=GENERAL_PROPERTY('','MERGE_BASE_PART','user defined attribute');
#3776=GENERAL_PROPERTY_ASSOCIATION('user defined attribute','',#3775,#3774);
#3777=DESCRIPTIVE_REPRESENTATION_ITEM('MERGE_BASE_PART','TS_HVEE1_3DP');
#3782=CARTESIAN_POINT('',(0.E0,2.32E1,8.E0));
#3783=DIRECTION('',(0.E0,0.E0,-1.E0));
#3784=DIRECTION('',(-1.E0,0.E0,0.E0));
#3785=AXIS2_PLACEMENT_3D('',#3782,#3783,#3784);
#3788=CURVE_STYLE('',#62,POSITIVE_LENGTH_MEASURE(2.E-2),#67);
#3789=PRESENTATION_STYLE_ASSIGNMENT((#3788));
#3790=STYLED_ITEM('',(#3789),#3787);
#3792=CARTESIAN_POINT('',(0.E0,2.32E1,8.E0));
#3793=DIRECTION('',(0.E0,0.E0,-1.E0));
#3794=DIRECTION('',(1.E0,0.E0,0.E0));
#3795=AXIS2_PLACEMENT_3D('',#3792,#3793,#3794);
#3798=CURVE_STYLE('',#62,POSITIVE_LENGTH_MEASURE(2.E-2),#67);
#3799=PRESENTATION_STYLE_ASSIGNMENT((#3798));
#3800=STYLED_ITEM('',(#3799),#3797);
#3805=GENERAL_PROPERTY('','MERGE_BASE_PART','user defined attribute');
#3806=GENERAL_PROPERTY_ASSOCIATION('user defined attribute','',#3805,#3804);
#3807=DESCRIPTIVE_REPRESENTATION_ITEM('MERGE_BASE_PART','TS_HVEE1_3DP');
#3812=PRESENTATION_LAYER_ASSIGNMENT('2_CSYS_2','',(#2908,#3291));
#3813=PRESENTATION_LAYER_ASSIGNMENT('1_DATUM_2','',(#2916,#2921,#2926,#3146,
#3315,#3329,#3343,#3616));
#3814=PRESENTATION_LAYER_ASSIGNMENT('1_AXIS','',(#3263,#3769));
#3815=PRESENTATION_LAYER_ASSIGNMENT('2_CURVE','',(#3008,#3030,#3067,#3104,#3141,
#3183,#3220,#3258,#3287,#3434,#3464,#3510,#3556,#3602,#3662,#3708,#3755,#3802));
#3816=PRESENTATION_LAYER_ASSIGNMENT('.BLACK_HOLE','',(#3008,#3067,#3104,#3141,
#3183,#3220,#3258,#3287,#3291,#3315,#3329,#3343,#3434,#3464,#3510,#3556,#3602,
#3616,#3662,#3708,#3755,#3769,#3802));
#3817=INVISIBILITY((#3816));
#3820=PLANE_ANGLE_MEASURE_WITH_UNIT(PLANE_ANGLE_MEASURE(1.745329251994E-2),
#3819);
#3821=(CONVERSION_BASED_UNIT('DEGREE',#3820)NAMED_UNIT(*)PLANE_ANGLE_UNIT());
#3823=UNCERTAINTY_MEASURE_WITH_UNIT(LENGTH_MEASURE(6.040315400251E-3),#3818,
'distance_accuracy_value',
'Maximum model space distance between geometric entities at asserted connectivities');
#3825=CARTESIAN_POINT('',(0.E0,0.E0,0.E0));
#3826=DIRECTION('',(0.E0,0.E0,1.E0));
#3827=DIRECTION('',(1.E0,0.E0,0.E0));
#3830=CARTESIAN_POINT('',(0.E0,0.E0,0.E0));
#3831=DIRECTION('',(0.E0,0.E0,1.E0));
#3832=DIRECTION('',(1.E0,0.E0,0.E0));
#3009=GEOMETRIC_CURVE_SET('',(#3008,#3030,#3067,#3104,#3141,#3183,#3220,#3258,
#3287,#3434,#3464,#3510,#3556,#3602,#3662,#3708,#3755,#3802));
#3836=CARTESIAN_POINT('',(0.E0,0.E0,0.E0));
#3837=DIRECTION('',(0.E0,0.E0,1.E0));
#3838=DIRECTION('',(1.E0,0.E0,0.E0));
#3841=SHAPE_REPRESENTATION_RELATIONSHIP('','',#3840,#3829);
#3842=SHAPE_REPRESENTATION_RELATIONSHIP('','',#3840,#3834);
#3843=CONSTRUCTIVE_GEOMETRY_REPRESENTATION_RELATIONSHIP('','',#3840,#3835);
#3844=APPLICATION_CONTEXT('automotive_design');
#3845=APPLICATION_PROTOCOL_DEFINITION('international standard',
'automotive_design',2001,#3844);
#3846=PRODUCT_DEFINITION_CONTEXT('part definition',#3844,'design');
#3847=PRODUCT_CONTEXT('',#3844,'mechanical');
#3848=PRODUCT('TS_HVEE1_3DP','TS_HVEE1_3DP','NOT SPECIFIED',(#3847));
#3849=PRODUCT_DEFINITION_FORMATION('1','LAST_VERSION',#3848);
#3857=DERIVED_UNIT_ELEMENT(#3856,2.E0);
#3858=DERIVED_UNIT((#3857));
#3859=MEASURE_REPRESENTATION_ITEM('surface area measure',AREA_MEASURE(
4.134196810851E3),#3858);
#3864=DERIVED_UNIT_ELEMENT(#3863,3.E0);
#3865=DERIVED_UNIT((#3864));
#3866=MEASURE_REPRESENTATION_ITEM('volume measure',VOLUME_MEASURE(
5.193588625385E3),#3865);
#3870=CARTESIAN_POINT('centre point',(-4.385504394400E-7,4.364519633597E0,
3.999999908200E0));
#3875=DERIVED_UNIT_ELEMENT(#3874,2.E0);
#3876=DERIVED_UNIT((#3875));
#3877=MEASURE_REPRESENTATION_ITEM('surface area measure',AREA_MEASURE(
4.134196810851E3),#3876);
#3882=DERIVED_UNIT_ELEMENT(#3881,3.E0);
#3883=DERIVED_UNIT((#3882));
#3884=MEASURE_REPRESENTATION_ITEM('volume measure',VOLUME_MEASURE(
5.193588625385E3),#3883);
#3888=CARTESIAN_POINT('centre point',(-4.385504394400E-7,4.364519633597E0,
3.999999908200E0));
#3893=(GEOMETRIC_REPRESENTATION_CONTEXT(2)PARAMETRIC_REPRESENTATION_CONTEXT()REPRESENTATION_CONTEXT('2D coordinate system context','2'));
#3894=DRAUGHTING_MODEL('Default',(#3906,#3907,#3923),#3893);
#3895=PRESENTATION_VIEW('Default',(#3914,#3927),#3893);
#3896=CARTESIAN_POINT('',(0.E0,0.E0,0.E0));
#3897=CARTESIAN_POINT('',(-3.419586895225E1,-2.512604712327E1,
1.298967441282E2));
#3898=DIRECTION('',(0.E0,0.E0,1.E0));
#3899=DIRECTION('',(1.E0,0.E0,0.E0));
#3900=AXIS2_PLACEMENT_3D('',#3897,#3898,#3899);
#3902=VIEW_VOLUME(.PARALLEL.,#3896,1.298967441282E2,1.298967441282E2,.T.,0.E0,
.F.,.T.,#3901);
#3903=CARTESIAN_POINT('',(1.908769372173E1,8.853201413142E1,1.023307493120E2));
#3904=DIRECTION('',(-3.894183423087E-1,-7.214918620107E-1,-5.725406952575E-1));
#3905=DIRECTION('',(-9.210609940029E-1,3.050418666329E-1,2.420663234065E-1));
#3906=AXIS2_PLACEMENT_3D('',#3903,#3904,#3905);
#3907=CAMERA_MODEL_D3_WITH_HLHSR('DEFAULT',#3906,#3902,.F.);
#3909=CARTESIAN_POINT('',(-5.492352274901E2,-4.035607408294E2,
2.086330015800E3));
#3910=DIRECTION('',(0.E0,0.E0,1.E0));
#3911=DIRECTION('',(1.E0,0.E0,0.E0));
#3912=AXIS2_PLACEMENT_3D('',#3909,#3910,#3911);
#3914=(CAMERA_IMAGE()CAMERA_IMAGE_3D_WITH_SCALE()GEOMETRIC_REPRESENTATION_ITEM()MAPPED_ITEM(#3908,#3913)REPRESENTATION_ITEM(''));
#3915=CARTESIAN_POINT('',(-3.419586895225E1,-2.512604712327E1,
1.298967441282E2));
#3916=DIRECTION('',(0.E0,0.E0,1.E0));
#3917=DIRECTION('',(1.E0,0.E0,0.E0));
#3918=AXIS2_PLACEMENT_3D('',#3915,#3916,#3917);
#3919=REPRESENTATION_MAP(#3918,#3840);
#3920=CARTESIAN_POINT('',(0.E0,0.E0));
#3921=DIRECTION('',(1.E0,0.E0));
#3922=AXIS2_PLACEMENT_2D('',#3920,#3921);
#3923=MAPPED_ITEM('',#3919,#3922);
#3924=CARTESIAN_POINT('',(-3.419586895225E1,-2.512604712327E1,
1.298967441282E2));
#3925=DIRECTION('',(0.E0,0.E0,1.E0));
#3926=DIRECTION('',(1.E0,0.E0,0.E0));
#3927=AXIS2_PLACEMENT_3D('',#3924,#3925,#3926);
#3928=REPRESENTATION_MAP(#3927,#3895);
#3929=CARTESIAN_POINT('',(0.E0,0.E0));
#3930=DIRECTION('',(1.E0,0.E0));
#3931=AXIS2_PLACEMENT_2D('',#3929,#3930);
#3932=MAPPED_ITEM('',#3928,#3931);
#3934=CARTESIAN_POINT('',(0.E0,0.E0));
#3935=DIRECTION('',(1.E0,0.E0));
#3936=AXIS2_PLACEMENT_2D('',#3934,#3935);
#3937=PLANAR_BOX('',1.E3,8.4375E2,#3936);
#3938=PRESENTATION_SIZE(#3933,#3937);
#3939=PRESENTATION_SET();
#3940=AREA_IN_SET(#3933,#3939);
#3942=GENERAL_PROPERTY('','FILE_TITLE','user defined attribute');
#3943=GENERAL_PROPERTY_ASSOCIATION('user defined attribute','',#3942,#3941);
#3944=DESCRIPTIVE_REPRESENTATION_ITEM('FILE_TITLE','XXXX');
#3948=GENERAL_PROPERTY('','MATERIAL','user defined attribute');
#3949=GENERAL_PROPERTY_ASSOCIATION('user defined attribute','',#3948,#3947);
#3950=DESCRIPTIVE_REPRESENTATION_ITEM('MATERIAL','POLYCARBONATE');
#3954=GENERAL_PROPERTY('','FINISH','user defined attribute');
#3955=GENERAL_PROPERTY_ASSOCIATION('user defined attribute','',#3954,#3953);
#3956=DESCRIPTIVE_REPRESENTATION_ITEM('FINISH','XXXX');
#3960=GENERAL_PROPERTY('','REV','user defined attribute');
#3961=GENERAL_PROPERTY_ASSOCIATION('user defined attribute','',#3960,#3959);
#3962=DESCRIPTIVE_REPRESENTATION_ITEM('REV','AA');
#3966=GENERAL_PROPERTY('','DATE','user defined attribute');
#3967=GENERAL_PROPERTY_ASSOCIATION('user defined attribute','',#3966,#3965);
#3968=DESCRIPTIVE_REPRESENTATION_ITEM('DATE','DD-MMM-YY');
#3972=GENERAL_PROPERTY('','DESIGNER','user defined attribute');
#3973=GENERAL_PROPERTY_ASSOCIATION('user defined attribute','',#3972,#3971);
#3974=DESCRIPTIVE_REPRESENTATION_ITEM('DESIGNER','XXXX');
#3978=GENERAL_PROPERTY('','PROJECT','user defined attribute');
#3979=GENERAL_PROPERTY_ASSOCIATION('user defined attribute','',#3978,#3977);
#3980=DESCRIPTIVE_REPRESENTATION_ITEM('PROJECT','XXXX');
#3984=GENERAL_PROPERTY('','APPROVER_1','user defined attribute');
#3985=GENERAL_PROPERTY_ASSOCIATION('user defined attribute','',#3984,#3983);
#3986=DESCRIPTIVE_REPRESENTATION_ITEM('APPROVER_1','XXXX');
#3990=GENERAL_PROPERTY('','APPROVER_2','user defined attribute');
#3991=GENERAL_PROPERTY_ASSOCIATION('user defined attribute','',#3990,#3989);
#3992=DESCRIPTIVE_REPRESENTATION_ITEM('APPROVER_2','XXXX');
#3996=GENERAL_PROPERTY('','SURFACE_FINISH','user defined attribute');
#3997=GENERAL_PROPERTY_ASSOCIATION('user defined attribute','',#3996,#3995);
#3998=DESCRIPTIVE_REPRESENTATION_ITEM('SURFACE_FINISH','1.6');
#4002=GENERAL_PROPERTY('','TOL_0X','user defined attribute');
#4003=GENERAL_PROPERTY_ASSOCIATION('user defined attribute','',#4002,#4001);
#4004=DESCRIPTIVE_REPRESENTATION_ITEM('TOL_0X','0.2');
#4008=GENERAL_PROPERTY('','TOL_00X','user defined attribute');
#4009=GENERAL_PROPERTY_ASSOCIATION('user defined attribute','',#4008,#4007);
#4010=DESCRIPTIVE_REPRESENTATION_ITEM('TOL_00X','0.10');
#4014=GENERAL_PROPERTY('','TOL_ANG','user defined attribute');
#4015=GENERAL_PROPERTY_ASSOCIATION('user defined attribute','',#4014,#4013);
#4016=DESCRIPTIVE_REPRESENTATION_ITEM('TOL_ANG','0.5');
#4020=GENERAL_PROPERTY('','VENDOR','user defined attribute');
#4021=GENERAL_PROPERTY_ASSOCIATION('user defined attribute','',#4020,#4019);
#4022=DESCRIPTIVE_REPRESENTATION_ITEM('VENDOR','XXXX');
#4026=GENERAL_PROPERTY('','VENDOR_PN','user defined attribute');
#4027=GENERAL_PROPERTY_ASSOCIATION('user defined attribute','',#4026,#4025);
#4028=DESCRIPTIVE_REPRESENTATION_ITEM('VENDOR_PN','XXXX');
#4032=GENERAL_PROPERTY('','KLAT_PN','user defined attribute');
#4033=GENERAL_PROPERTY_ASSOCIATION('user defined attribute','',#4032,#4031);
#4034=DESCRIPTIVE_REPRESENTATION_ITEM('KLAT_PN','');
#4038=GENERAL_PROPERTY('','PDMREV','user defined attribute');
#4039=GENERAL_PROPERTY_ASSOCIATION('user defined attribute','',#4038,#4037);
#4040=DESCRIPTIVE_REPRESENTATION_ITEM('PDMREV','1.0');
#4044=GENERAL_PROPERTY('','PDMDB','user defined attribute');
#4045=GENERAL_PROPERTY_ASSOCIATION('user defined attribute','',#4044,#4043);
#4046=DESCRIPTIVE_REPRESENTATION_ITEM('PDMDB','');
#4050=GENERAL_PROPERTY('','PDMRL','user defined attribute');
#4051=GENERAL_PROPERTY_ASSOCIATION('user defined attribute','',#4050,#4049);
#4052=DESCRIPTIVE_REPRESENTATION_ITEM('PDMRL','Initial');
#4056=GENERAL_PROPERTY('','PROI_REVISION','user defined attribute');
#4057=GENERAL_PROPERTY_ASSOCIATION('user defined attribute','',#4056,#4055);
#4058=DESCRIPTIVE_REPRESENTATION_ITEM('PROI_REVISION','1');
#4062=GENERAL_PROPERTY('','PROI_VERSION','user defined attribute');
#4063=GENERAL_PROPERTY_ASSOCIATION('user defined attribute','',#4062,#4061);
#4064=DESCRIPTIVE_REPRESENTATION_ITEM('PROI_VERSION','0');
#4068=GENERAL_PROPERTY('','PROI_BRANCH','user defined attribute');
#4069=GENERAL_PROPERTY_ASSOCIATION('user defined attribute','',#4068,#4067);
#4070=DESCRIPTIVE_REPRESENTATION_ITEM('PROI_BRANCH','');
#4074=GENERAL_PROPERTY('','PROI_RELEASE','user defined attribute');
#4075=GENERAL_PROPERTY_ASSOCIATION('user defined attribute','',#4074,#4073);
#4076=DESCRIPTIVE_REPRESENTATION_ITEM('PROI_RELEASE','Initial');
#4080=GENERAL_PROPERTY('','PTC_MODIFIED','user defined attribute');
#4081=GENERAL_PROPERTY_ASSOCIATION('user defined attribute','',#4080,#4079);
#4082=DESCRIPTIVE_REPRESENTATION_ITEM('PTC_MODIFIED','NO');
#4085=DESCRIPTIVE_REPRESENTATION_ITEM('attribute description','Yes No');
#4090=GENERAL_PROPERTY('','PTC_WM_REVISION','user defined attribute');
#4091=GENERAL_PROPERTY_ASSOCIATION('user defined attribute','',#4090,#4089);
#4092=DESCRIPTIVE_REPRESENTATION_ITEM('PTC_WM_REVISION','1');
#4096=GENERAL_PROPERTY('','PTC_WM_ITERATION','user defined attribute');
#4097=GENERAL_PROPERTY_ASSOCIATION('user defined attribute','',#4096,#4095);
#4098=DESCRIPTIVE_REPRESENTATION_ITEM('PTC_WM_ITERATION','0');
#4102=GENERAL_PROPERTY('','PTC_WM_VERSION','user defined attribute');
#4103=GENERAL_PROPERTY_ASSOCIATION('user defined attribute','',#4102,#4101);
#4104=DESCRIPTIVE_REPRESENTATION_ITEM('PTC_WM_VERSION','1.0');
#4108=GENERAL_PROPERTY('','PTC_WM_LIFECYCLE_STATE','user defined attribute');
#4109=GENERAL_PROPERTY_ASSOCIATION('user defined attribute','',#4108,#4107);
#4110=DESCRIPTIVE_REPRESENTATION_ITEM('PTC_WM_LIFECYCLE_STATE','Initial');
#4114=GENERAL_PROPERTY('','PTC_WM_LIFECYCLE','user defined attribute');
#4115=GENERAL_PROPERTY_ASSOCIATION('user defined attribute','',#4114,#4113);
#4116=DESCRIPTIVE_REPRESENTATION_ITEM('PTC_WM_LIFECYCLE','KLA Basic');
#4120=GENERAL_PROPERTY('','PTC_WM_LOCATION','user defined attribute');
#4121=GENERAL_PROPERTY_ASSOCIATION('user defined attribute','',#4120,#4119);
#4122=DESCRIPTIVE_REPRESENTATION_ITEM('PTC_WM_LOCATION','/Products/Fast/F30');
#4126=GENERAL_PROPERTY('','PTC_WM_CREATED_BY','user defined attribute');
#4127=GENERAL_PROPERTY_ASSOCIATION('user defined attribute','',#4126,#4125);
#4128=DESCRIPTIVE_REPRESENTATION_ITEM('PTC_WM_CREATED_BY',
'Tyler Seawright (tseawri: KLA-Tencor)');
#4132=GENERAL_PROPERTY('','PTC_WM_CREATED_ON','user defined attribute');
#4133=GENERAL_PROPERTY_ASSOCIATION('user defined attribute','',#4132,#4131);
#4134=DESCRIPTIVE_REPRESENTATION_ITEM('PTC_WM_CREATED_ON',
'12-Aug-25 02:27:37 PM');
#4138=GENERAL_PROPERTY('','PTC_WM_MODIFIED_BY','user defined attribute');
#4139=GENERAL_PROPERTY_ASSOCIATION('user defined attribute','',#4138,#4137);
#4140=DESCRIPTIVE_REPRESENTATION_ITEM('PTC_WM_MODIFIED_BY',
'Tyler Seawright (tseawri: KLA-Tencor)');
#4144=GENERAL_PROPERTY('','PTC_WM_MODIFIED_ON','user defined attribute');
#4145=GENERAL_PROPERTY_ASSOCIATION('user defined attribute','',#4144,#4143);
#4146=DESCRIPTIVE_REPRESENTATION_ITEM('PTC_WM_MODIFIED_ON',
'12-Aug-25 02:27:39 PM');
#4150=GENERAL_PROPERTY('','PTC_WM_TEAM','user defined attribute');
#4151=GENERAL_PROPERTY_ASSOCIATION('user defined attribute','',#4150,#4149);
#4152=DESCRIPTIVE_REPRESENTATION_ITEM('PTC_WM_TEAM','');
#4156=GENERAL_PROPERTY('','PTC_WM_NAME','user defined attribute');
#4157=GENERAL_PROPERTY_ASSOCIATION('user defined attribute','',#4156,#4155);
#4158=DESCRIPTIVE_REPRESENTATION_ITEM('PTC_WM_NAME','ts_hvee1_3dp.prt');
#4162=GENERAL_PROPERTY('','PTC_WM_NUMBER','user defined attribute');
#4163=GENERAL_PROPERTY_ASSOCIATION('user defined attribute','',#4162,#4161);
#4164=DESCRIPTIVE_REPRESENTATION_ITEM('PTC_WM_NUMBER','TS_HVEE1_3DP.PRT');
#4168=GENERAL_PROPERTY('','PTC_ORGANIZATION_ID','user defined attribute');
#4169=GENERAL_PROPERTY_ASSOCIATION('user defined attribute','',#4168,#4167);
#4170=DESCRIPTIVE_REPRESENTATION_ITEM('PTC_ORGANIZATION_ID','KLA-Tencor');
#4174=GENERAL_PROPERTY('','PTC_MASTER_MATERIAL','user defined attribute');
#4175=GENERAL_PROPERTY_ASSOCIATION('user defined attribute','',#4174,#4173);
#4176=DESCRIPTIVE_REPRESENTATION_ITEM('PTC_MASTER_MATERIAL','POLYCARBONATE');
#4179=APPLIED_PRESENTED_ITEM((#3850));
#4180=PRESENTED_ITEM_REPRESENTATION(#3939,#4179);
#4186=CARTESIAN_POINT('centre point',(-4.385504394400E-7,4.364519633597E0,
3.999999908200E0));
#4190=CARTESIAN_POINT('',(0.E0,0.E0,0.E0));
#4191=DIRECTION('',(0.E0,0.E0,1.E0));
#4192=DIRECTION('',(1.E0,0.E0,0.E0));
#4193=AXIS2_PLACEMENT_3D('',#4190,#4191,#4192);
#4194=ITEM_DEFINED_TRANSFORMATION('','',#3839,#4193);
#4195=(REPRESENTATION_RELATIONSHIP('','',#3840,#4183)REPRESENTATION_RELATIONSHIP_WITH_TRANSFORMATION(#4194)SHAPE_REPRESENTATION_RELATIONSHIP());
#4196=CONTEXT_DEPENDENT_SHAPE_REPRESENTATION(#4195,#4185);
#4200=CARTESIAN_POINT('',(0.E0,1.819702678853E-14,0.E0));
#4201=DIRECTION('',(0.E0,0.E0,-1.E0));
#4202=DIRECTION('',(1.E0,0.E0,0.E0));
#4203=AXIS2_PLACEMENT_3D('',#4200,#4201,#4202);
#4205=CURVE_STYLE('',#62,POSITIVE_LENGTH_MEASURE(2.E-2),#27);
#4206=PRESENTATION_STYLE_ASSIGNMENT((#4205));
#4207=STYLED_ITEM('',(#4206),#4204);
#4208=CARTESIAN_POINT('',(0.E0,0.E0,0.E0));
#4209=DIRECTION('',(0.E0,0.E0,-1.E0));
#4210=DIRECTION('',(-1.E0,0.E0,0.E0));
#4211=AXIS2_PLACEMENT_3D('',#4208,#4209,#4210);
#4213=CURVE_STYLE('',#62,POSITIVE_LENGTH_MEASURE(2.E-2),#27);
#4214=PRESENTATION_STYLE_ASSIGNMENT((#4213));
#4215=STYLED_ITEM('',(#4214),#4212);
#4216=DIRECTION('',(7.071067811865E-1,-1.371471535675E-10,7.071067811865E-1));
#4217=VECTOR('',#4216,1.414213562379E0);
#4218=CARTESIAN_POINT('',(1.169999999998E1,1.043330148132E-9,
-2.379844469639E-11));
#4219=LINE('',#4218,#4217);
#4220=CURVE_STYLE('',#62,POSITIVE_LENGTH_MEASURE(2.E-2),#27);
#4221=PRESENTATION_STYLE_ASSIGNMENT((#4220));
#4222=STYLED_ITEM('',(#4221),#4219);
#4223=DIRECTION('',(-7.071067811865E-1,1.371451500078E-10,7.071067811865E-1));
#4224=VECTOR('',#4223,1.414213562379E0);
#4225=CARTESIAN_POINT('',(-1.169999999998E1,-1.043327064882E-9,
-2.379844469639E-11));
#4226=LINE('',#4225,#4224);
#4227=CURVE_STYLE('',#62,POSITIVE_LENGTH_MEASURE(2.E-2),#27);
#4228=PRESENTATION_STYLE_ASSIGNMENT((#4227));
#4229=STYLED_ITEM('',(#4228),#4226);
#4230=CARTESIAN_POINT('',(0.E0,0.E0,5.E0));
#4231=DIRECTION('',(0.E0,0.E0,1.E0));
#4232=DIRECTION('',(1.E0,0.E0,0.E0));
#4233=AXIS2_PLACEMENT_3D('',#4230,#4231,#4232);
#4235=CURVE_STYLE('',#62,POSITIVE_LENGTH_MEASURE(2.E-2),#27);
#4236=PRESENTATION_STYLE_ASSIGNMENT((#4235));
#4237=STYLED_ITEM('',(#4236),#4234);
#4238=CARTESIAN_POINT('',(0.E0,0.E0,1.E0));
#4239=DIRECTION('',(0.E0,0.E0,-1.E0));
#4240=DIRECTION('',(-1.E0,0.E0,0.E0));
#4241=AXIS2_PLACEMENT_3D('',#4238,#4239,#4240);
#4243=CURVE_STYLE('',#62,POSITIVE_LENGTH_MEASURE(2.E-2),#27);
#4244=PRESENTATION_STYLE_ASSIGNMENT((#4243));
#4245=STYLED_ITEM('',(#4244),#4242);
#4246=DIRECTION('',(0.E0,0.E0,1.E0));
#4247=VECTOR('',#4246,4.000000000039E0);
#4248=CARTESIAN_POINT('',(1.269999999998E1,8.493747835151E-10,
9.999999999806E-1));
#4249=LINE('',#4248,#4247);
#4250=CURVE_STYLE('',#62,POSITIVE_LENGTH_MEASURE(2.E-2),#27);
#4251=PRESENTATION_STYLE_ASSIGNMENT((#4250));
#4252=STYLED_ITEM('',(#4251),#4249);
#4253=DIRECTION('',(7.071067811865E-1,-1.371460427271E-10,-7.071067811865E-1));
#4254=VECTOR('',#4253,1.414213562379E0);
#4255=CARTESIAN_POINT('',(1.169999999998E1,1.043329282158E-9,6.000000000024E0));
#4256=LINE('',#4255,#4254);
#4257=CURVE_STYLE('',#62,POSITIVE_LENGTH_MEASURE(2.E-2),#27);
#4258=PRESENTATION_STYLE_ASSIGNMENT((#4257));
#4259=STYLED_ITEM('',(#4258),#4256);
#4260=DIRECTION('',(-1.E0,0.E0,0.E0));
#4261=VECTOR('',#4260,9.166666120291E-1);
#4262=CARTESIAN_POINT('',(-7.45E0,5.5E0,6.E0));
#4263=LINE('',#4262,#4261);
#4264=CURVE_STYLE('',#62,POSITIVE_LENGTH_MEASURE(2.E-2),#27);
#4265=PRESENTATION_STYLE_ASSIGNMENT((#4264));
#4266=STYLED_ITEM('',(#4265),#4263);
#4267=DIRECTION('',(-3.162277744987E-1,-9.486832952232E-1,0.E0));
#4268=VECTOR('',#4267,5.797509060920E0);
#4269=CARTESIAN_POINT('',(-8.366666612029E0,5.5E0,6.E0));
#4270=LINE('',#4269,#4268);
#4271=CURVE_STYLE('',#62,POSITIVE_LENGTH_MEASURE(2.E-2),#27);
#4272=PRESENTATION_STYLE_ASSIGNMENT((#4271));
#4273=STYLED_ITEM('',(#4272),#4270);
#4274=DIRECTION('',(1.E0,0.E0,0.E0));
#4275=VECTOR('',#4274,6.875E-1);
#4276=CARTESIAN_POINT('',(-1.02E1,0.E0,6.E0));
#4277=LINE('',#4276,#4275);
#4278=CURVE_STYLE('',#62,POSITIVE_LENGTH_MEASURE(2.E-2),#27);
#4279=PRESENTATION_STYLE_ASSIGNMENT((#4278));
#4280=STYLED_ITEM('',(#4279),#4277);
#4281=DIRECTION('',(3.102800155243E-1,9.506452082487E-1,0.E0));
#4282=VECTOR('',#4281,1.477160252297E0);
#4283=CARTESIAN_POINT('',(-9.5125E0,0.E0,6.E0));
#4284=LINE('',#4283,#4282);
#4285=CURVE_STYLE('',#62,POSITIVE_LENGTH_MEASURE(2.E-2),#27);
#4286=PRESENTATION_STYLE_ASSIGNMENT((#4285));
#4287=STYLED_ITEM('',(#4286),#4284);
#4288=DIRECTION('',(1.E0,0.E0,0.E0));
#4289=VECTOR('',#4288,2.291666693985E0);
#4290=CARTESIAN_POINT('',(-9.054166693985E0,1.404255315661E0,6.E0));
#4291=LINE('',#4290,#4289);
#4292=CURVE_STYLE('',#62,POSITIVE_LENGTH_MEASURE(2.E-2),#27);
#4293=PRESENTATION_STYLE_ASSIGNMENT((#4292));
#4294=STYLED_ITEM('',(#4293),#4291);
#4295=DIRECTION('',(3.102799653834E-1,-9.506452246141E-1,0.E0));
#4296=VECTOR('',#4295,1.477160226867E0);
#4297=CARTESIAN_POINT('',(-6.7625E0,1.404255315661E0,6.E0));
#4298=LINE('',#4297,#4296);
#4299=CURVE_STYLE('',#62,POSITIVE_LENGTH_MEASURE(2.E-2),#27);
#4300=PRESENTATION_STYLE_ASSIGNMENT((#4299));
#4301=STYLED_ITEM('',(#4300),#4298);
#4302=DIRECTION('',(1.E0,0.E0,0.E0));
#4303=VECTOR('',#4302,6.875E-1);
#4304=CARTESIAN_POINT('',(-6.304166775942E0,0.E0,6.E0));
#4305=LINE('',#4304,#4303);
#4306=CURVE_STYLE('',#62,POSITIVE_LENGTH_MEASURE(2.E-2),#27);
#4307=PRESENTATION_STYLE_ASSIGNMENT((#4306));
#4308=STYLED_ITEM('',(#4307),#4305);
#4309=DIRECTION('',(-3.162277490531E-1,9.486833037051E-1,0.E0));
#4310=VECTOR('',#4309,5.797509009086E0);
#4311=CARTESIAN_POINT('',(-5.616666775942E0,0.E0,6.E0));
#4312=LINE('',#4311,#4310);
#4313=CURVE_STYLE('',#62,POSITIVE_LENGTH_MEASURE(2.E-2),#27);
#4314=PRESENTATION_STYLE_ASSIGNMENT((#4313));
#4315=STYLED_ITEM('',(#4314),#4312);
#4316=DIRECTION('',(3.102800658973E-1,-9.506451918075E-1,0.E0));
#4317=VECTOR('',#4316,3.323610754466E0);
#4318=CARTESIAN_POINT('',(-7.908333387971E0,5.031914949417E0,6.E0));
#4319=LINE('',#4318,#4317);
#4320=CURVE_STYLE('',#62,POSITIVE_LENGTH_MEASURE(2.E-2),#27);
#4321=PRESENTATION_STYLE_ASSIGNMENT((#4320));
#4322=STYLED_ITEM('',(#4321),#4319);
#4323=DIRECTION('',(-1.E0,0.E0,0.E0));
#4324=VECTOR('',#4323,2.062500081956E0);
#4325=CARTESIAN_POINT('',(-6.877083224058E0,1.872340366244E0,6.E0));
#4326=LINE('',#4325,#4324);
#4327=CURVE_STYLE('',#62,POSITIVE_LENGTH_MEASURE(2.E-2),#27);
#4328=PRESENTATION_STYLE_ASSIGNMENT((#4327));
#4329=STYLED_ITEM('',(#4328),#4326);
#4330=DIRECTION('',(3.102799990428E-1,9.506452136281E-1,0.E0));
#4331=VECTOR('',#4330,3.323610678178E0);
#4332=CARTESIAN_POINT('',(-8.939583306015E0,1.872340366244E0,6.E0));
#4333=LINE('',#4332,#4331);
#4334=CURVE_STYLE('',#62,POSITIVE_LENGTH_MEASURE(2.E-2),#27);
#4335=PRESENTATION_STYLE_ASSIGNMENT((#4334));
#4336=STYLED_ITEM('',(#4335),#4333);
#4337=DIRECTION('',(1.E0,0.E0,0.E0));
#4338=VECTOR('',#4337,6.875E-1);
#4339=CARTESIAN_POINT('',(-1.491666448116E0,4.212766110897E0,6.E0));
#4340=LINE('',#4339,#4338);
#4341=CURVE_STYLE('',#62,POSITIVE_LENGTH_MEASURE(2.E-2),#27);
#4342=PRESENTATION_STYLE_ASSIGNMENT((#4341));
#4343=STYLED_ITEM('',(#4342),#4340);
#4344=DIRECTION('',(-3.102805998049E-1,9.506450175458E-1,0.E0));
#4345=VECTOR('',#4344,3.692900940495E-1);
#4346=CARTESIAN_POINT('',(-8.041664481163E-1,4.212766110897E0,6.E0));
#4347=LINE('',#4346,#4345);
#4348=CURVE_STYLE('',#62,POSITIVE_LENGTH_MEASURE(2.E-2),#27);
#4349=PRESENTATION_STYLE_ASSIGNMENT((#4348));
#4350=STYLED_ITEM('',(#4349),#4347);
#4351=DIRECTION('',(-5.919095487496E-1,8.060043958311E-1,0.E0));
#4352=VECTOR('',#4351,5.807475157753E-1);
#4353=CARTESIAN_POINT('',(-9.1875E-1,4.563829898834E0,6.E0));
#4354=LINE('',#4353,#4352);
#4355=CURVE_STYLE('',#62,POSITIVE_LENGTH_MEASURE(2.E-2),#27);
#4356=PRESENTATION_STYLE_ASSIGNMENT((#4355));
#4357=STYLED_ITEM('',(#4356),#4354);
#4358=DIRECTION('',(-7.938783209665E-1,6.080766493621E-1,0.E0));
#4359=VECTOR('',#4358,5.773347624932E-1);
#4360=CARTESIAN_POINT('',(-1.2625E0,5.031914949417E0,6.E0));
#4361=LINE('',#4360,#4359);
#4362=CURVE_STYLE('',#62,POSITIVE_LENGTH_MEASURE(2.E-2),#27);
#4363=PRESENTATION_STYLE_ASSIGNMENT((#4362));
#4364=STYLED_ITEM('',(#4363),#4361);
#4365=DIRECTION('',(-9.797706943097E-1,2.001234283435E-1,0.E0));
#4366=VECTOR('',#4365,5.847454424221E-1);
#4367=CARTESIAN_POINT('',(-1.720833551884E0,5.382978737354E0,6.E0));
#4368=LINE('',#4367,#4366);
#4369=CURVE_STYLE('',#62,POSITIVE_LENGTH_MEASURE(2.E-2),#27);
#4370=PRESENTATION_STYLE_ASSIGNMENT((#4369));
#4371=STYLED_ITEM('',(#4370),#4368);
#4372=DIRECTION('',(-1.E0,0.E0,0.E0));
#4373=VECTOR('',#4372,5.729164481163E-1);
#4374=CARTESIAN_POINT('',(-2.29375E0,5.5E0,6.E0));
#4375=LINE('',#4374,#4373);
#4376=CURVE_STYLE('',#62,POSITIVE_LENGTH_MEASURE(2.E-2),#27);
#4377=PRESENTATION_STYLE_ASSIGNMENT((#4376));
#4378=STYLED_ITEM('',(#4377),#4375);
#4379=DIRECTION('',(-9.689177459678E-1,-2.473831068378E-1,0.E0));
#4380=VECTOR('',#4379,4.730365955119E-1);
#4381=CARTESIAN_POINT('',(-2.866666448116E0,5.5E0,6.E0));
#4382=LINE('',#4381,#4380);
#4383=CURVE_STYLE('',#62,POSITIVE_LENGTH_MEASURE(2.E-2),#27);
#4384=PRESENTATION_STYLE_ASSIGNMENT((#4383));
#4385=STYLED_ITEM('',(#4384),#4382);
#4386=DIRECTION('',(-8.906053746977E-1,-4.547769415434E-1,0.E0));
#4387=VECTOR('',#4386,5.146314685550E-1);
#4388=CARTESIAN_POINT('',(-3.325E0,5.382978737354E0,6.E0));
#4389=LINE('',#4388,#4387);
#4390=CURVE_STYLE('',#62,POSITIVE_LENGTH_MEASURE(2.E-2),#27);
#4391=PRESENTATION_STYLE_ASSIGNMENT((#4390));
#4392=STYLED_ITEM('',(#4391),#4389);
#4393=DIRECTION('',(-6.996244945571E-1,-7.145107183351E-1,0.E0));
#4394=VECTOR('',#4393,6.551127065995E-1);
#4395=CARTESIAN_POINT('',(-3.783333551884E0,5.148936212063E0,6.E0));
#4396=LINE('',#4395,#4394);
#4397=CURVE_STYLE('',#62,POSITIVE_LENGTH_MEASURE(2.E-2),#27);
#4398=PRESENTATION_STYLE_ASSIGNMENT((#4397));
#4399=STYLED_ITEM('',(#4398),#4396);
#4400=DIRECTION('',(-2.377717803411E-1,-9.713210491251E-1,0.E0));
#4401=VECTOR('',#4400,4.819055975411E-1);
#4402=CARTESIAN_POINT('',(-4.241666448116E0,4.680851161480E0,6.E0));
#4403=LINE('',#4402,#4401);
#4404=CURVE_STYLE('',#62,POSITIVE_LENGTH_MEASURE(2.E-2),#27);
#4405=PRESENTATION_STYLE_ASSIGNMENT((#4404));
#4406=STYLED_ITEM('',(#4405),#4403);
#4407=DIRECTION('',(0.E0,-1.E0,0.E0));
#4408=VECTOR('',#4407,4.680853784084E-1);
#4409=CARTESIAN_POINT('',(-4.35625E0,4.212766110897E0,6.E0));
#4410=LINE('',#4409,#4408);
#4411=CURVE_STYLE('',#62,POSITIVE_LENGTH_MEASURE(2.E-2),#27);
#4412=PRESENTATION_STYLE_ASSIGNMENT((#4411));
#4413=STYLED_ITEM('',(#4412),#4410);
#4414=DIRECTION('',(2.377717803411E-1,-9.713210491251E-1,0.E0));
#4415=VECTOR('',#4414,4.819055975411E-1);
#4416=CARTESIAN_POINT('',(-4.35625E0,3.744680732489E0,6.E0));
#4417=LINE('',#4416,#4415);
#4418=CURVE_STYLE('',#62,POSITIVE_LENGTH_MEASURE(2.E-2),#27);
#4419=PRESENTATION_STYLE_ASSIGNMENT((#4418));
#4420=STYLED_ITEM('',(#4419),#4417);
#4421=DIRECTION('',(6.996244945571E-1,-7.145107183351E-1,0.E0));
#4422=VECTOR('',#4421,6.551127065995E-1);
#4423=CARTESIAN_POINT('',(-4.241666448116E0,3.276595681906E0,6.E0));
#4424=LINE('',#4423,#4422);
#4425=CURVE_STYLE('',#62,POSITIVE_LENGTH_MEASURE(2.E-2),#27);
#4426=PRESENTATION_STYLE_ASSIGNMENT((#4425));
#4427=STYLED_ITEM('',(#4426),#4424);
#4428=DIRECTION('',(8.906053746977E-1,-4.547769415434E-1,0.E0));
#4429=VECTOR('',#4428,5.146314685550E-1);
#4430=CARTESIAN_POINT('',(-3.783333551884E0,2.808510631323E0,6.E0));
#4431=LINE('',#4430,#4429);
#4432=CURVE_STYLE('',#62,POSITIVE_LENGTH_MEASURE(2.E-2),#27);
#4433=PRESENTATION_STYLE_ASSIGNMENT((#4432));
#4434=STYLED_ITEM('',(#4433),#4431);
#4435=DIRECTION('',(9.689177459678E-1,-2.473831068378E-1,0.E0));
#4436=VECTOR('',#4435,4.730365955119E-1);
#4437=CARTESIAN_POINT('',(-3.325E0,2.574468106031E0,6.E0));
#4438=LINE('',#4437,#4436);
#4439=CURVE_STYLE('',#62,POSITIVE_LENGTH_MEASURE(2.E-2),#27);
#4440=PRESENTATION_STYLE_ASSIGNMENT((#4439));
#4441=STYLED_ITEM('',(#4440),#4438);
#4442=DIRECTION('',(1.E0,0.E0,0.E0));
#4443=VECTOR('',#4442,6.875E-1);
#4444=CARTESIAN_POINT('',(-2.866666448116E0,2.457446843386E0,6.E0));
#4445=LINE('',#4444,#4443);
#4446=CURVE_STYLE('',#62,POSITIVE_LENGTH_MEASURE(2.E-2),#27);
#4447=PRESENTATION_STYLE_ASSIGNMENT((#4446));
#4448=STYLED_ITEM('',(#4447),#4445);
#4449=DIRECTION('',(9.689176611437E-1,-2.473834390653E-1,0.E0));
#4450=VECTOR('',#4449,4.730359602400E-1);
#4451=CARTESIAN_POINT('',(-2.179166448116E0,2.457446843386E0,6.E0));
#4452=LINE('',#4451,#4450);
#4453=CURVE_STYLE('',#62,POSITIVE_LENGTH_MEASURE(2.E-2),#27);
#4454=PRESENTATION_STYLE_ASSIGNMENT((#4453));
#4455=STYLED_ITEM('',(#4454),#4452);
#4456=DIRECTION('',(8.265992787996E-1,-5.627909312417E-1,0.E0));
#4457=VECTOR('',#4456,4.158605128463E-1);
#4458=CARTESIAN_POINT('',(-1.720833551884E0,2.340425580740E0,6.E0));
#4459=LINE('',#4458,#4457);
#4460=CURVE_STYLE('',#62,POSITIVE_LENGTH_MEASURE(2.E-2),#27);
#4461=PRESENTATION_STYLE_ASSIGNMENT((#4460));
#4462=STYLED_ITEM('',(#4461),#4459);
#4463=DIRECTION('',(5.466230987403E-1,-8.373787601340E-1,0.E0));
#4464=VECTOR('',#4463,4.192415291185E-1);
#4465=CARTESIAN_POINT('',(-1.377083551884E0,2.106383055449E0,6.E0));
#4466=LINE('',#4465,#4464);
#4467=CURVE_STYLE('',#62,POSITIVE_LENGTH_MEASURE(2.E-2),#27);
#4468=PRESENTATION_STYLE_ASSIGNMENT((#4467));
#4469=STYLED_ITEM('',(#4468),#4466);
#4470=DIRECTION('',(0.E0,-1.E0,0.E0));
#4471=VECTOR('',#4470,3.510637879372E-1);
#4472=CARTESIAN_POINT('',(-1.147916448116E0,1.755319103599E0,6.E0));
#4473=LINE('',#4472,#4471);
#4474=CURVE_STYLE('',#62,POSITIVE_LENGTH_MEASURE(2.E-2),#27);
#4475=PRESENTATION_STYLE_ASSIGNMENT((#4474));
#4476=STYLED_ITEM('',(#4475),#4473);
#4477=DIRECTION('',(-5.466232777014E-1,-8.373786433120E-1,0.E0));
#4478=VECTOR('',#4477,4.192413918615E-1);
#4479=CARTESIAN_POINT('',(-1.147916448116E0,1.404255315661E0,6.E0));
#4480=LINE('',#4479,#4478);
#4481=CURVE_STYLE('',#62,POSITIVE_LENGTH_MEASURE(2.E-2),#27);
#4482=PRESENTATION_STYLE_ASSIGNMENT((#4481));
#4483=STYLED_ITEM('',(#4482),#4480);
#4484=DIRECTION('',(-8.265991871191E-1,-5.627910658975E-1,0.E0));
#4485=VECTOR('',#4484,4.158605589706E-1);
#4486=CARTESIAN_POINT('',(-1.377083551884E0,1.053191527724E0,6.E0));
#4487=LINE('',#4486,#4485);
#4488=CURVE_STYLE('',#62,POSITIVE_LENGTH_MEASURE(2.E-2),#27);
#4489=PRESENTATION_STYLE_ASSIGNMENT((#4488));
#4490=STYLED_ITEM('',(#4489),#4487);
#4491=DIRECTION('',(-9.689176611437E-1,-2.473834390653E-1,0.E0));
#4492=VECTOR('',#4491,4.730359602400E-1);
#4493=CARTESIAN_POINT('',(-1.720833551884E0,8.191489204764E-1,6.E0));
#4494=LINE('',#4493,#4492);
#4495=CURVE_STYLE('',#62,POSITIVE_LENGTH_MEASURE(2.E-2),#27);
#4496=PRESENTATION_STYLE_ASSIGNMENT((#4495));
#4497=STYLED_ITEM('',(#4496),#4494);
#4498=DIRECTION('',(-1.E0,0.E0,0.E0));
#4499=VECTOR('',#4498,9.166671037674E-1);
#4500=CARTESIAN_POINT('',(-2.179166448116E0,7.021276578307E-1,6.E0));
#4501=LINE('',#4500,#4499);
#4502=CURVE_STYLE('',#62,POSITIVE_LENGTH_MEASURE(2.E-2),#27);
#4503=PRESENTATION_STYLE_ASSIGNMENT((#4502));
#4504=STYLED_ITEM('',(#4503),#4501);
#4505=DIRECTION('',(-9.689176611437E-1,2.473834390653E-1,0.E0));
#4506=VECTOR('',#4505,4.730359602400E-1);
#4507=CARTESIAN_POINT('',(-3.095833551884E0,7.021276578307E-1,6.E0));
#4508=LINE('',#4507,#4506);
#4509=CURVE_STYLE('',#62,POSITIVE_LENGTH_MEASURE(2.E-2),#27);
#4510=PRESENTATION_STYLE_ASSIGNMENT((#4509));
#4511=STYLED_ITEM('',(#4510),#4508);
#4512=DIRECTION('',(-6.996247518036E-1,7.145104664480E-1,0.E0));
#4513=VECTOR('',#4512,4.913348178632E-1);
#4514=CARTESIAN_POINT('',(-3.554166448116E0,8.191489204764E-1,6.E0));
#4515=LINE('',#4514,#4513);
#4516=CURVE_STYLE('',#62,POSITIVE_LENGTH_MEASURE(2.E-2),#27);
#4517=PRESENTATION_STYLE_ASSIGNMENT((#4516));
#4518=STYLED_ITEM('',(#4517),#4515);
#4519=DIRECTION('',(-3.102805998049E-1,9.506450175458E-1,0.E0));
#4520=VECTOR('',#4519,3.692900940495E-1);
#4521=CARTESIAN_POINT('',(-3.897916448116E0,1.170212790370E0,6.E0));
#4522=LINE('',#4521,#4520);
#4523=CURVE_STYLE('',#62,POSITIVE_LENGTH_MEASURE(2.E-2),#27);
#4524=PRESENTATION_STYLE_ASSIGNMENT((#4523));
#4525=STYLED_ITEM('',(#4524),#4522);
#4526=DIRECTION('',(-1.E0,0.E0,0.E0));
#4527=VECTOR('',#4526,6.875E-1);
#4528=CARTESIAN_POINT('',(-4.0125E0,1.521276578307E0,6.E0));
#4529=LINE('',#4528,#4527);
#4530=CURVE_STYLE('',#62,POSITIVE_LENGTH_MEASURE(2.E-2),#27);
#4531=PRESENTATION_STYLE_ASSIGNMENT((#4530));
#4532=STYLED_ITEM('',(#4531),#4529);
#4533=DIRECTION('',(2.377717803411E-1,-9.713210491251E-1,0.E0));
#4534=VECTOR('',#4533,4.819055975411E-1);
#4535=CARTESIAN_POINT('',(-4.7E0,1.521276578307E0,6.E0));
#4536=LINE('',#4535,#4534);
#4537=CURVE_STYLE('',#62,POSITIVE_LENGTH_MEASURE(2.E-2),#27);
#4538=PRESENTATION_STYLE_ASSIGNMENT((#4537));
#4539=STYLED_ITEM('',(#4538),#4536);
#4540=DIRECTION('',(5.065490144015E-1,-8.622111667155E-1,0.E0));
#4541=VECTOR('',#4540,6.786115266775E-1);
#4542=CARTESIAN_POINT('',(-4.585416448116E0,1.053191527724E0,6.E0));
#4543=LINE('',#4542,#4541);
#4544=CURVE_STYLE('',#62,POSITIVE_LENGTH_MEASURE(2.E-2),#27);
#4545=PRESENTATION_STYLE_ASSIGNMENT((#4544));
#4546=STYLED_ITEM('',(#4545),#4543);
#4547=DIRECTION('',(8.526533134429E-1,-5.224771067470E-1,0.E0));
#4548=VECTOR('',#4547,6.719219160750E-1);
#4549=CARTESIAN_POINT('',(-4.241666448116E0,4.680850915611E-1,6.E0));
#4550=LINE('',#4549,#4548);
#4551=CURVE_STYLE('',#62,POSITIVE_LENGTH_MEASURE(2.E-2),#27);
#4552=PRESENTATION_STYLE_ASSIGNMENT((#4551));
#4553=STYLED_ITEM('',(#4552),#4550);
#4554=DIRECTION('',(9.797706908745E-1,-2.001234451615E-1,0.E0));
#4555=VECTOR('',#4554,5.847454444723E-1);
#4556=CARTESIAN_POINT('',(-3.66875E0,1.170212728903E-1,6.E0));
#4557=LINE('',#4556,#4555);
#4558=CURVE_STYLE('',#62,POSITIVE_LENGTH_MEASURE(2.E-2),#27);
#4559=PRESENTATION_STYLE_ASSIGNMENT((#4558));
#4560=STYLED_ITEM('',(#4559),#4557);
#4561=DIRECTION('',(1.E0,0.E0,0.E0));
#4562=VECTOR('',#4561,9.166671037674E-1);
#4563=CARTESIAN_POINT('',(-3.095833551884E0,0.E0,6.E0));
#4564=LINE('',#4563,#4562);
#4565=CURVE_STYLE('',#62,POSITIVE_LENGTH_MEASURE(2.E-2),#27);
#4566=PRESENTATION_STYLE_ASSIGNMENT((#4565));
#4567=STYLED_ITEM('',(#4566),#4564);
#4568=DIRECTION('',(9.797706908745E-1,2.001234451615E-1,0.E0));
#4569=VECTOR('',#4568,5.847454444723E-1);
#4570=CARTESIAN_POINT('',(-2.179166448116E0,0.E0,6.E0));
#4571=LINE('',#4570,#4569);
#4572=CURVE_STYLE('',#62,POSITIVE_LENGTH_MEASURE(2.E-2),#27);
#4573=PRESENTATION_STYLE_ASSIGNMENT((#4572));
#4574=STYLED_ITEM('',(#4573),#4571);
#4575=DIRECTION('',(8.906053505096E-1,4.547769889117E-1,0.E0));
#4576=VECTOR('',#4575,5.146314825320E-1);
#4577=CARTESIAN_POINT('',(-1.60625E0,1.170212728903E-1,6.E0));
#4578=LINE('',#4577,#4576);
#4579=CURVE_STYLE('',#62,POSITIVE_LENGTH_MEASURE(2.E-2),#27);
#4580=PRESENTATION_STYLE_ASSIGNMENT((#4579));
#4581=STYLED_ITEM('',(#4580),#4578);
#4582=DIRECTION('',(6.996244632883E-1,7.145107489524E-1,0.E0));
#4583=VECTOR('',#4582,6.551127358789E-1);
#4584=CARTESIAN_POINT('',(-1.147916448116E0,3.510638289154E-1,6.E0));
#4585=LINE('',#4584,#4583);
#4586=CURVE_STYLE('',#62,POSITIVE_LENGTH_MEASURE(2.E-2),#27);
#4587=PRESENTATION_STYLE_ASSIGNMENT((#4586));
#4588=STYLED_ITEM('',(#4587),#4585);
#4589=DIRECTION('',(4.397141102494E-1,8.981377963584E-1,0.E0));
#4590=VECTOR('',#4589,5.211729585785E-1);
#4591=CARTESIAN_POINT('',(-6.895835518837E-1,8.191489204764E-1,6.E0));
#4592=LINE('',#4591,#4590);
#4593=CURVE_STYLE('',#62,POSITIVE_LENGTH_MEASURE(2.E-2),#27);
#4594=PRESENTATION_STYLE_ASSIGNMENT((#4593));
#4595=STYLED_ITEM('',(#4594),#4592);
#4596=DIRECTION('',(0.E0,1.E0,0.E0));
#4597=VECTOR('',#4596,5.851063132286E-1);
#4598=CARTESIAN_POINT('',(-4.604164481163E-1,1.287234053016E0,6.E0));
#4599=LINE('',#4598,#4597);
#4600=CURVE_STYLE('',#62,POSITIVE_LENGTH_MEASURE(2.E-2),#27);
#4601=PRESENTATION_STYLE_ASSIGNMENT((#4600));
#4602=STYLED_ITEM('',(#4601),#4599);
#4603=DIRECTION('',(-4.397140481462E-1,8.981378267632E-1,0.E0));
#4604=VECTOR('',#4603,5.211730321866E-1);
#4605=CARTESIAN_POINT('',(-4.604164481163E-1,1.872340366244E0,6.E0));
#4606=LINE('',#4605,#4604);
#4607=CURVE_STYLE('',#62,POSITIVE_LENGTH_MEASURE(2.E-2),#27);
#4608=PRESENTATION_STYLE_ASSIGNMENT((#4607));
#4609=STYLED_ITEM('',(#4608),#4606);
#4610=DIRECTION('',(-6.996244945571E-1,7.145107183351E-1,0.E0));
#4611=VECTOR('',#4610,6.551127065995E-1);
#4612=CARTESIAN_POINT('',(-6.895835518837E-1,2.340425580740E0,6.E0));
#4613=LINE('',#4612,#4611);
#4614=CURVE_STYLE('',#62,POSITIVE_LENGTH_MEASURE(2.E-2),#27);
#4615=PRESENTATION_STYLE_ASSIGNMENT((#4614));
#4616=STYLED_ITEM('',(#4615),#4613);
#4617=DIRECTION('',(-8.906053746977E-1,4.547769415434E-1,0.E0));
#4618=VECTOR('',#4617,5.146314685550E-1);
#4619=CARTESIAN_POINT('',(-1.147916448116E0,2.808510631323E0,6.E0));
#4620=LINE('',#4619,#4618);
#4621=CURVE_STYLE('',#62,POSITIVE_LENGTH_MEASURE(2.E-2),#27);
#4622=PRESENTATION_STYLE_ASSIGNMENT((#4621));
#4623=STYLED_ITEM('',(#4622),#4620);
#4624=DIRECTION('',(-9.797706943097E-1,2.001234283435E-1,0.E0));
#4625=VECTOR('',#4624,5.847454424221E-1);
#4626=CARTESIAN_POINT('',(-1.60625E0,3.042553156614E0,6.E0));
#4627=LINE('',#4626,#4625);
#4628=CURVE_STYLE('',#62,POSITIVE_LENGTH_MEASURE(2.E-2),#27);
#4629=PRESENTATION_STYLE_ASSIGNMENT((#4628));
#4630=STYLED_ITEM('',(#4629),#4627);
#4631=DIRECTION('',(-1.E0,0.E0,0.E0));
#4632=VECTOR('',#4631,6.875E-1);
#4633=CARTESIAN_POINT('',(-2.179166448116E0,3.159574419260E0,6.E0));
#4634=LINE('',#4633,#4632);
#4635=CURVE_STYLE('',#62,POSITIVE_LENGTH_MEASURE(2.E-2),#27);
#4636=PRESENTATION_STYLE_ASSIGNMENT((#4635));
#4637=STYLED_ITEM('',(#4636),#4634);
#4638=DIRECTION('',(-9.466499177700E-1,3.222637633772E-1,0.E0));
#4639=VECTOR('',#4638,3.631226217288E-1);
#4640=CARTESIAN_POINT('',(-2.866666448116E0,3.159574419260E0,6.E0));
#4641=LINE('',#4640,#4639);
#4642=CURVE_STYLE('',#62,POSITIVE_LENGTH_MEASURE(2.E-2),#27);
#4643=PRESENTATION_STYLE_ASSIGNMENT((#4642));
#4644=STYLED_ITEM('',(#4643),#4641);
#4645=DIRECTION('',(-8.265992787996E-1,5.627909312417E-1,0.E0));
#4646=VECTOR('',#4645,4.158605128463E-1);
#4647=CARTESIAN_POINT('',(-3.210416448116E0,3.276595681906E0,6.E0));
#4648=LINE('',#4647,#4646);
#4649=CURVE_STYLE('',#62,POSITIVE_LENGTH_MEASURE(2.E-2),#27);
#4650=PRESENTATION_STYLE_ASSIGNMENT((#4649));
#4651=STYLED_ITEM('',(#4650),#4648);
#4652=DIRECTION('',(-3.102805998049E-1,9.506450175458E-1,0.E0));
#4653=VECTOR('',#4652,3.692900940495E-1);
#4654=CARTESIAN_POINT('',(-3.554166448116E0,3.510638207197E0,6.E0));
#4655=LINE('',#4654,#4653);
#4656=CURVE_STYLE('',#62,POSITIVE_LENGTH_MEASURE(2.E-2),#27);
#4657=PRESENTATION_STYLE_ASSIGNMENT((#4656));
#4658=STYLED_ITEM('',(#4657),#4655);
#4659=DIRECTION('',(0.E0,1.E0,0.E0));
#4660=VECTOR('',#4659,2.340425252914E-1);
#4661=CARTESIAN_POINT('',(-3.66875E0,3.861701995134E0,6.E0));
#4662=LINE('',#4661,#4660);
#4663=CURVE_STYLE('',#62,POSITIVE_LENGTH_MEASURE(2.E-2),#27);
#4664=PRESENTATION_STYLE_ASSIGNMENT((#4663));
#4665=STYLED_ITEM('',(#4664),#4662);
#4666=DIRECTION('',(3.102803379578E-1,9.506451030099E-1,0.E0));
#4667=VECTOR('',#4666,3.692904056952E-1);
#4668=CARTESIAN_POINT('',(-3.66875E0,4.095744520426E0,6.E0));
#4669=LINE('',#4668,#4667);
#4670=CURVE_STYLE('',#62,POSITIVE_LENGTH_MEASURE(2.E-2),#27);
#4671=PRESENTATION_STYLE_ASSIGNMENT((#4670));
#4672=STYLED_ITEM('',(#4671),#4669);
#4673=DIRECTION('',(8.265992787996E-1,5.627909312417E-1,0.E0));
#4674=VECTOR('',#4673,4.158605128463E-1);
#4675=CARTESIAN_POINT('',(-3.554166448116E0,4.446808636189E0,6.E0));
#4676=LINE('',#4675,#4674);
#4677=CURVE_STYLE('',#62,POSITIVE_LENGTH_MEASURE(2.E-2),#27);
#4678=PRESENTATION_STYLE_ASSIGNMENT((#4677));
#4679=STYLED_ITEM('',(#4678),#4676);
#4680=DIRECTION('',(9.466499177700E-1,3.222637633772E-1,0.E0));
#4681=VECTOR('',#4680,3.631226217288E-1);
#4682=CARTESIAN_POINT('',(-3.210416448116E0,4.680851161480E0,6.E0));
#4683=LINE('',#4682,#4681);
#4684=CURVE_STYLE('',#62,POSITIVE_LENGTH_MEASURE(2.E-2),#27);
#4685=PRESENTATION_STYLE_ASSIGNMENT((#4684));
#4686=STYLED_ITEM('',(#4685),#4683);
#4687=DIRECTION('',(1.E0,0.E0,0.E0));
#4688=VECTOR('',#4687,6.875E-1);
#4689=CARTESIAN_POINT('',(-2.866666448116E0,4.797872424126E0,6.E0));
#4690=LINE('',#4689,#4688);
#4691=CURVE_STYLE('',#62,POSITIVE_LENGTH_MEASURE(2.E-2),#27);
#4692=PRESENTATION_STYLE_ASSIGNMENT((#4691));
#4693=STYLED_ITEM('',(#4692),#4690);
#4694=DIRECTION('',(9.466499177700E-1,-3.222637633772E-1,0.E0));
#4695=VECTOR('',#4694,3.631226217288E-1);
#4696=CARTESIAN_POINT('',(-2.179166448116E0,4.797872424126E0,6.E0));
#4697=LINE('',#4696,#4695);
#4698=CURVE_STYLE('',#62,POSITIVE_LENGTH_MEASURE(2.E-2),#27);
#4699=PRESENTATION_STYLE_ASSIGNMENT((#4698));
#4700=STYLED_ITEM('',(#4699),#4697);
#4701=DIRECTION('',(6.996244945571E-1,-7.145107183351E-1,0.E0));
#4702=VECTOR('',#4701,3.275563532998E-1);
#4703=CARTESIAN_POINT('',(-1.835416448116E0,4.680851161480E0,6.E0));
#4704=LINE('',#4703,#4702);
#4705=CURVE_STYLE('',#62,POSITIVE_LENGTH_MEASURE(2.E-2),#27);
#4706=PRESENTATION_STYLE_ASSIGNMENT((#4705));
#4707=STYLED_ITEM('',(#4706),#4704);
#4708=DIRECTION('',(4.397141723527E-1,-8.981377659536E-1,0.E0));
#4709=VECTOR('',#4708,2.605864424852E-1);
#4710=CARTESIAN_POINT('',(-1.60625E0,4.446808636189E0,6.E0));
#4711=LINE('',#4710,#4709);
#4712=CURVE_STYLE('',#62,POSITIVE_LENGTH_MEASURE(2.E-2),#27);
#4713=PRESENTATION_STYLE_ASSIGNMENT((#4712));
#4714=STYLED_ITEM('',(#4713),#4711);
#4715=DIRECTION('',(-3.102789952956E-1,9.506455412394E-1,0.E0));
#4716=VECTOR('',#4715,3.692898906142E-1);
#4717=CARTESIAN_POINT('',(4.695832896233E0,4.212766110897E0,6.E0));
#4718=LINE('',#4717,#4716);
#4719=CURVE_STYLE('',#62,POSITIVE_LENGTH_MEASURE(2.E-2),#27);
#4720=PRESENTATION_STYLE_ASSIGNMENT((#4719));
#4721=STYLED_ITEM('',(#4720),#4718);
#4722=DIRECTION('',(-5.919095487496E-1,8.060043958311E-1,0.E0));
#4723=VECTOR('',#4722,5.807475157753E-1);
#4724=CARTESIAN_POINT('',(4.58125E0,4.563829898834E0,6.E0));
#4725=LINE('',#4724,#4723);
#4726=CURVE_STYLE('',#62,POSITIVE_LENGTH_MEASURE(2.E-2),#27);
#4727=PRESENTATION_STYLE_ASSIGNMENT((#4726));
#4728=STYLED_ITEM('',(#4727),#4725);
#4729=DIRECTION('',(-7.938779010506E-1,6.080771975856E-1,0.E0));
#4730=VECTOR('',#4729,5.773342419862E-1);
#4731=CARTESIAN_POINT('',(4.2375E0,5.031914949417E0,6.E0));
#4732=LINE('',#4731,#4730);
#4733=CURVE_STYLE('',#62,POSITIVE_LENGTH_MEASURE(2.E-2),#27);
#4734=PRESENTATION_STYLE_ASSIGNMENT((#4733));
#4735=STYLED_ITEM('',(#4734),#4732);
#4736=DIRECTION('',(-9.797707392153E-1,2.001232084928E-1,0.E0));
#4737=VECTOR('',#4736,5.847460848098E-1);
#4738=CARTESIAN_POINT('',(3.779167103767E0,5.382978737354E0,6.E0));
#4739=LINE('',#4738,#4737);
#4740=CURVE_STYLE('',#62,POSITIVE_LENGTH_MEASURE(2.E-2),#27);
#4741=PRESENTATION_STYLE_ASSIGNMENT((#4740));
#4742=STYLED_ITEM('',(#4741),#4739);
#4743=DIRECTION('',(-1.E0,0.E0,0.E0));
#4744=VECTOR('',#4743,2.75E0);
#4745=CARTESIAN_POINT('',(3.20625E0,5.5E0,6.E0));
#4746=LINE('',#4745,#4744);
#4747=CURVE_STYLE('',#62,POSITIVE_LENGTH_MEASURE(2.E-2),#27);
#4748=PRESENTATION_STYLE_ASSIGNMENT((#4747));
#4749=STYLED_ITEM('',(#4748),#4746);
#4750=DIRECTION('',(0.E0,-1.E0,0.E0));
#4751=VECTOR('',#4750,5.5E0);
#4752=CARTESIAN_POINT('',(4.5625E-1,5.5E0,6.E0));
#4753=LINE('',#4752,#4751);
#4754=CURVE_STYLE('',#62,POSITIVE_LENGTH_MEASURE(2.E-2),#27);
#4755=PRESENTATION_STYLE_ASSIGNMENT((#4754));
#4756=STYLED_ITEM('',(#4755),#4753);
#4757=DIRECTION('',(1.E0,0.E0,0.E0));
#4758=VECTOR('',#4757,6.875E-1);
#4759=CARTESIAN_POINT('',(4.5625E-1,0.E0,6.E0));
#4760=LINE('',#4759,#4758);
#4761=CURVE_STYLE('',#62,POSITIVE_LENGTH_MEASURE(2.E-2),#27);
#4762=PRESENTATION_STYLE_ASSIGNMENT((#4761));
#4763=STYLED_ITEM('',(#4762),#4760);
#4764=DIRECTION('',(0.E0,1.E0,0.E0));
#4765=VECTOR('',#4764,2.457446843386E0);
#4766=CARTESIAN_POINT('',(1.14375E0,0.E0,6.E0));
#4767=LINE('',#4766,#4765);
#4768=CURVE_STYLE('',#62,POSITIVE_LENGTH_MEASURE(2.E-2),#27);
#4769=PRESENTATION_STYLE_ASSIGNMENT((#4768));
#4770=STYLED_ITEM('',(#4769),#4767);
#4771=DIRECTION('',(1.E0,0.E0,0.E0));
#4772=VECTOR('',#4771,2.0625E0);
#4773=CARTESIAN_POINT('',(1.14375E0,2.457446843386E0,6.E0));
#4774=LINE('',#4773,#4772);
#4775=CURVE_STYLE('',#62,POSITIVE_LENGTH_MEASURE(2.E-2),#27);
#4776=PRESENTATION_STYLE_ASSIGNMENT((#4775));
#4777=STYLED_ITEM('',(#4776),#4774);
#4778=DIRECTION('',(9.797707392153E-1,2.001232084928E-1,0.E0));
#4779=VECTOR('',#4778,5.847460848098E-1);
#4780=CARTESIAN_POINT('',(3.20625E0,2.457446843386E0,6.E0));
#4781=LINE('',#4780,#4779);
#4782=CURVE_STYLE('',#62,POSITIVE_LENGTH_MEASURE(2.E-2),#27);
#4783=PRESENTATION_STYLE_ASSIGNMENT((#4782));
#4784=STYLED_ITEM('',(#4783),#4781);
#4785=DIRECTION('',(7.938779010506E-1,6.080771975856E-1,0.E0));
#4786=VECTOR('',#4785,5.773342419862E-1);
#4787=CARTESIAN_POINT('',(3.779167103767E0,2.574468106031E0,6.E0));
#4788=LINE('',#4787,#4786);
#4789=CURVE_STYLE('',#62,POSITIVE_LENGTH_MEASURE(2.E-2),#27);
#4790=PRESENTATION_STYLE_ASSIGNMENT((#4789));
#4791=STYLED_ITEM('',(#4790),#4788);
#4792=DIRECTION('',(5.919095487496E-1,8.060043958311E-1,0.E0));
#4793=VECTOR('',#4792,5.807475157753E-1);
#4794=CARTESIAN_POINT('',(4.2375E0,2.925531893969E0,6.E0));
#4795=LINE('',#4794,#4793);
#4796=CURVE_STYLE('',#62,POSITIVE_LENGTH_MEASURE(2.E-2),#27);
#4797=PRESENTATION_STYLE_ASSIGNMENT((#4796));
#4798=STYLED_ITEM('',(#4797),#4795);
#4799=DIRECTION('',(3.102789952956E-1,9.506455412394E-1,0.E0));
#4800=VECTOR('',#4799,3.692898906142E-1);
#4801=CARTESIAN_POINT('',(4.58125E0,3.393616944551E0,6.E0));
#4802=LINE('',#4801,#4800);
#4803=CURVE_STYLE('',#62,POSITIVE_LENGTH_MEASURE(2.E-2),#27);
#4804=PRESENTATION_STYLE_ASSIGNMENT((#4803));
#4805=STYLED_ITEM('',(#4804),#4802);
#4806=DIRECTION('',(0.E0,1.E0,0.E0));
#4807=VECTOR('',#4806,4.680853784084E-1);
#4808=CARTESIAN_POINT('',(4.695832896233E0,3.744680732489E0,6.E0));
#4809=LINE('',#4808,#4807);
#4810=CURVE_STYLE('',#62,POSITIVE_LENGTH_MEASURE(2.E-2),#27);
#4811=PRESENTATION_STYLE_ASSIGNMENT((#4810));
#4812=STYLED_ITEM('',(#4811),#4809);
#4813=DIRECTION('',(-1.E0,0.E0,0.E0));
#4814=VECTOR('',#4813,2.177082896233E0);
#4815=CARTESIAN_POINT('',(3.320832896233E0,3.159574419260E0,6.E0));
#4816=LINE('',#4815,#4814);
#4817=CURVE_STYLE('',#62,POSITIVE_LENGTH_MEASURE(2.E-2),#27);
#4818=PRESENTATION_STYLE_ASSIGNMENT((#4817));
#4819=STYLED_ITEM('',(#4818),#4816);
#4820=DIRECTION('',(0.E0,1.E0,0.E0));
#4821=VECTOR('',#4820,1.755319267511E0);
#4822=CARTESIAN_POINT('',(1.14375E0,3.159574419260E0,6.E0));
#4823=LINE('',#4822,#4821);
#4824=CURVE_STYLE('',#62,POSITIVE_LENGTH_MEASURE(2.E-2),#27);
#4825=PRESENTATION_STYLE_ASSIGNMENT((#4824));
#4826=STYLED_ITEM('',(#4825),#4823);
#4827=DIRECTION('',(1.E0,0.E0,0.E0));
#4828=VECTOR('',#4827,2.177082896233E0);
#4829=CARTESIAN_POINT('',(1.14375E0,4.914893686771E0,6.E0));
#4830=LINE('',#4829,#4828);
#4831=CURVE_STYLE('',#62,POSITIVE_LENGTH_MEASURE(2.E-2),#27);
#4832=PRESENTATION_STYLE_ASSIGNMENT((#4831));
#4833=STYLED_ITEM('',(#4832),#4830);
#4834=DIRECTION('',(9.466499177700E-1,-3.222637633772E-1,0.E0));
#4835=VECTOR('',#4834,3.631226217288E-1);
#4836=CARTESIAN_POINT('',(3.320832896233E0,4.914893686771E0,6.E0));
#4837=LINE('',#4836,#4835);
#4838=CURVE_STYLE('',#62,POSITIVE_LENGTH_MEASURE(2.E-2),#27);
#4839=PRESENTATION_STYLE_ASSIGNMENT((#4838));
#4840=STYLED_ITEM('',(#4839),#4837);
#4841=DIRECTION('',(6.996255164452E-1,-7.145097177357E-1,0.E0));
#4842=VECTOR('',#4841,3.275568120097E-1);
#4843=CARTESIAN_POINT('',(3.664582896233E0,4.797872424126E0,6.E0));
#4844=LINE('',#4843,#4842);
#4845=CURVE_STYLE('',#62,POSITIVE_LENGTH_MEASURE(2.E-2),#27);
#4846=PRESENTATION_STYLE_ASSIGNMENT((#4845));
#4847=STYLED_ITEM('',(#4846),#4844);
#4848=DIRECTION('',(3.102789952956E-1,-9.506455412394E-1,0.E0));
#4849=VECTOR('',#4848,3.692898906142E-1);
#4850=CARTESIAN_POINT('',(3.89375E0,4.563829898834E0,6.E0));
#4851=LINE('',#4850,#4849);
#4852=CURVE_STYLE('',#62,POSITIVE_LENGTH_MEASURE(2.E-2),#27);
#4853=PRESENTATION_STYLE_ASSIGNMENT((#4852));
#4854=STYLED_ITEM('',(#4853),#4851);
#4855=DIRECTION('',(0.E0,-1.E0,0.E0));
#4856=VECTOR('',#4855,3.510641157627E-1);
#4857=CARTESIAN_POINT('',(4.008332896233E0,4.212766110897E0,6.E0));
#4858=LINE('',#4857,#4856);
#4859=CURVE_STYLE('',#62,POSITIVE_LENGTH_MEASURE(2.E-2),#27);
#4860=PRESENTATION_STYLE_ASSIGNMENT((#4859));
#4861=STYLED_ITEM('',(#4860),#4858);
#4862=DIRECTION('',(-3.102789952956E-1,-9.506455412394E-1,0.E0));
#4863=VECTOR('',#4862,3.692898906142E-1);
#4864=CARTESIAN_POINT('',(4.008332896233E0,3.861701995134E0,6.E0));
#4865=LINE('',#4864,#4863);
#4866=CURVE_STYLE('',#62,POSITIVE_LENGTH_MEASURE(2.E-2),#27);
#4867=PRESENTATION_STYLE_ASSIGNMENT((#4866));
#4868=STYLED_ITEM('',(#4867),#4865);
#4869=DIRECTION('',(-6.996255164452E-1,-7.145097177357E-1,0.E0));
#4870=VECTOR('',#4869,3.275568120097E-1);
#4871=CARTESIAN_POINT('',(3.89375E0,3.510638207197E0,6.E0));
#4872=LINE('',#4871,#4870);
#4873=CURVE_STYLE('',#62,POSITIVE_LENGTH_MEASURE(2.E-2),#27);
#4874=PRESENTATION_STYLE_ASSIGNMENT((#4873));
#4875=STYLED_ITEM('',(#4874),#4872);
#4876=DIRECTION('',(-9.466499177700E-1,-3.222637633772E-1,0.E0));
#4877=VECTOR('',#4876,3.631226217288E-1);
#4878=CARTESIAN_POINT('',(3.664582896233E0,3.276595681906E0,6.E0));
#4879=LINE('',#4878,#4877);
#4880=CURVE_STYLE('',#62,POSITIVE_LENGTH_MEASURE(2.E-2),#27);
#4881=PRESENTATION_STYLE_ASSIGNMENT((#4880));
#4882=STYLED_ITEM('',(#4881),#4879);
#4883=DIRECTION('',(-1.E0,0.E0,0.E0));
#4884=VECTOR('',#4883,3.4375E0);
#4885=CARTESIAN_POINT('',(9.7375E0,7.021276578307E-1,6.E0));
#4886=LINE('',#4885,#4884);
#4887=CURVE_STYLE('',#62,POSITIVE_LENGTH_MEASURE(2.E-2),#27);
#4888=PRESENTATION_STYLE_ASSIGNMENT((#4887));
#4889=STYLED_ITEM('',(#4888),#4886);
#4890=DIRECTION('',(0.E0,1.E0,0.E0));
#4891=VECTOR('',#4890,1.872340448201E0);
#4892=CARTESIAN_POINT('',(6.3E0,7.021276578307E-1,6.E0));
#4893=LINE('',#4892,#4891);
#4894=CURVE_STYLE('',#62,POSITIVE_LENGTH_MEASURE(2.E-2),#27);
#4895=PRESENTATION_STYLE_ASSIGNMENT((#4894));
#4896=STYLED_ITEM('',(#4895),#4893);
#4897=DIRECTION('',(1.E0,0.E0,0.E0));
#4898=VECTOR('',#4897,2.979167103767E0);
#4899=CARTESIAN_POINT('',(6.3E0,2.574468106031E0,6.E0));
#4900=LINE('',#4899,#4898);
#4901=CURVE_STYLE('',#62,POSITIVE_LENGTH_MEASURE(2.E-2),#27);
#4902=PRESENTATION_STYLE_ASSIGNMENT((#4901));
#4903=STYLED_ITEM('',(#4902),#4900);
#4904=DIRECTION('',(0.E0,1.E0,0.E0));
#4905=VECTOR('',#4904,7.021275758743E-1);
#4906=CARTESIAN_POINT('',(9.279167103767E0,2.574468106031E0,6.E0));
#4907=LINE('',#4906,#4905);
#4908=CURVE_STYLE('',#62,POSITIVE_LENGTH_MEASURE(2.E-2),#27);
#4909=PRESENTATION_STYLE_ASSIGNMENT((#4908));
#4910=STYLED_ITEM('',(#4909),#4907);
#4911=DIRECTION('',(-1.E0,0.E0,0.E0));
#4912=VECTOR('',#4911,2.979167103767E0);
#4913=CARTESIAN_POINT('',(9.279167103767E0,3.276595681906E0,6.E0));
#4914=LINE('',#4913,#4912);
#4915=CURVE_STYLE('',#62,POSITIVE_LENGTH_MEASURE(2.E-2),#27);
#4916=PRESENTATION_STYLE_ASSIGNMENT((#4915));
#4917=STYLED_ITEM('',(#4916),#4914);
#4918=DIRECTION('',(0.E0,1.E0,0.E0));
#4919=VECTOR('',#4918,1.521276742220E0);
#4920=CARTESIAN_POINT('',(6.3E0,3.276595681906E0,6.E0));
#4921=LINE('',#4920,#4919);
#4922=CURVE_STYLE('',#62,POSITIVE_LENGTH_MEASURE(2.E-2),#27);
#4923=PRESENTATION_STYLE_ASSIGNMENT((#4922));
#4924=STYLED_ITEM('',(#4923),#4921);
#4925=DIRECTION('',(1.E0,0.E0,0.E0));
#4926=VECTOR('',#4925,3.4375E0);
#4927=CARTESIAN_POINT('',(6.3E0,4.797872424126E0,6.E0));
#4928=LINE('',#4927,#4926);
#4929=CURVE_STYLE('',#62,POSITIVE_LENGTH_MEASURE(2.E-2),#27);
#4930=PRESENTATION_STYLE_ASSIGNMENT((#4929));
#4931=STYLED_ITEM('',(#4930),#4928);
#4932=DIRECTION('',(0.E0,1.E0,0.E0));
#4933=VECTOR('',#4932,7.021275758743E-1);
#4934=CARTESIAN_POINT('',(9.7375E0,4.797872424126E0,6.E0));
#4935=LINE('',#4934,#4933);
#4936=CURVE_STYLE('',#62,POSITIVE_LENGTH_MEASURE(2.E-2),#27);
#4937=PRESENTATION_STYLE_ASSIGNMENT((#4936));
#4938=STYLED_ITEM('',(#4937),#4935);
#4939=DIRECTION('',(-1.E0,0.E0,0.E0));
#4940=VECTOR('',#4939,4.125E0);
#4941=CARTESIAN_POINT('',(9.7375E0,5.5E0,6.E0));
#4942=LINE('',#4941,#4940);
#4943=CURVE_STYLE('',#62,POSITIVE_LENGTH_MEASURE(2.E-2),#27);
#4944=PRESENTATION_STYLE_ASSIGNMENT((#4943));
#4945=STYLED_ITEM('',(#4944),#4942);
#4946=DIRECTION('',(0.E0,-1.E0,0.E0));
#4947=VECTOR('',#4946,5.5E0);
#4948=CARTESIAN_POINT('',(5.6125E0,5.5E0,6.E0));
#4949=LINE('',#4948,#4947);
#4950=CURVE_STYLE('',#62,POSITIVE_LENGTH_MEASURE(2.E-2),#27);
#4951=PRESENTATION_STYLE_ASSIGNMENT((#4950));
#4952=STYLED_ITEM('',(#4951),#4949);
#4953=DIRECTION('',(1.E0,0.E0,0.E0));
#4954=VECTOR('',#4953,4.125E0);
#4955=CARTESIAN_POINT('',(5.6125E0,0.E0,6.E0));
#4956=LINE('',#4955,#4954);
#4957=CURVE_STYLE('',#62,POSITIVE_LENGTH_MEASURE(2.E-2),#27);
#4958=PRESENTATION_STYLE_ASSIGNMENT((#4957));
#4959=STYLED_ITEM('',(#4958),#4956);
#4960=DIRECTION('',(0.E0,1.E0,0.E0));
#4961=VECTOR('',#4960,7.021276578307E-1);
#4962=CARTESIAN_POINT('',(9.7375E0,0.E0,6.E0));
#4963=LINE('',#4962,#4961);
#4964=CURVE_STYLE('',#62,POSITIVE_LENGTH_MEASURE(2.E-2),#27);
#4965=PRESENTATION_STYLE_ASSIGNMENT((#4964));
#4966=STYLED_ITEM('',(#4965),#4963);
#4967=DIRECTION('',(0.E0,-1.E0,0.E0));
#4968=VECTOR('',#4967,4.787234142423E-1);
#4969=CARTESIAN_POINT('',(-7.95E0,-5.171276585758E0,6.E0));
#4970=LINE('',#4969,#4968);
#4971=CURVE_STYLE('',#62,POSITIVE_LENGTH_MEASURE(2.E-2),#27);
#4972=PRESENTATION_STYLE_ASSIGNMENT((#4971));
#4973=STYLED_ITEM('',(#4972),#4970);
#4974=DIRECTION('',(1.E0,0.E0,0.E0));
#4975=VECTOR('',#4974,3.375E0);
#4976=CARTESIAN_POINT('',(-7.95E0,-5.65E0,6.E0));
#4977=LINE('',#4976,#4975);
#4978=CURVE_STYLE('',#62,POSITIVE_LENGTH_MEASURE(2.E-2),#27);
#4979=PRESENTATION_STYLE_ASSIGNMENT((#4978));
#4980=STYLED_ITEM('',(#4979),#4977);
#4981=DIRECTION('',(0.E0,1.E0,0.E0));
#4982=VECTOR('',#4981,4.787234142423E-1);
#4983=CARTESIAN_POINT('',(-4.575E0,-5.65E0,6.E0));
#4984=LINE('',#4983,#4982);
#4985=CURVE_STYLE('',#62,POSITIVE_LENGTH_MEASURE(2.E-2),#27);
#4986=PRESENTATION_STYLE_ASSIGNMENT((#4985));
#4987=STYLED_ITEM('',(#4986),#4984);
#4988=DIRECTION('',(-1.E0,0.E0,0.E0));
#4989=VECTOR('',#4988,2.624999977648E0);
#4990=CARTESIAN_POINT('',(-4.575E0,-5.171276585758E0,6.E0));
#4991=LINE('',#4990,#4989);
#4992=CURVE_STYLE('',#62,POSITIVE_LENGTH_MEASURE(2.E-2),#27);
#4993=PRESENTATION_STYLE_ASSIGNMENT((#4992));
#4994=STYLED_ITEM('',(#4993),#4991);
#4995=DIRECTION('',(7.437660872566E-1,6.684399804373E-1,0.E0));
#4996=VECTOR('',#4995,3.151192314096E0);
#4997=CARTESIAN_POINT('',(-7.199999977648E0,-5.171276585758E0,6.E0));
#4998=LINE('',#4997,#4996);
#4999=CURVE_STYLE('',#62,POSITIVE_LENGTH_MEASURE(2.E-2),#27);
#5000=PRESENTATION_STYLE_ASSIGNMENT((#4999));
#5001=STYLED_ITEM('',(#5000),#4998);
#5002=DIRECTION('',(5.466227293958E-1,8.373790012342E-1,0.E0));
#5003=VECTOR('',#5002,3.430155376346E-1);
#5004=CARTESIAN_POINT('',(-4.85625E0,-3.064893656969E0,6.E0));
#5005=LINE('',#5004,#5003);
#5006=CURVE_STYLE('',#62,POSITIVE_LENGTH_MEASURE(2.E-2),#27);
#5007=PRESENTATION_STYLE_ASSIGNMENT((#5006));
#5008=STYLED_ITEM('',(#5007),#5005);
#5009=DIRECTION('',(2.377711385310E-1,9.713212062349E-1,0.E0));
#5010=VECTOR('',#5009,3.942863342129E-1);
#5011=CARTESIAN_POINT('',(-4.668749910593E0,-2.777659648657E0,6.E0));
#5012=LINE('',#5011,#5010);
#5013=CURVE_STYLE('',#62,POSITIVE_LENGTH_MEASURE(2.E-2),#27);
#5014=PRESENTATION_STYLE_ASSIGNMENT((#5013));
#5015=STYLED_ITEM('',(#5014),#5012);
#5016=DIRECTION('',(0.E0,1.E0,0.E0));
#5017=VECTOR('',#5016,1.914896070957E-1);
#5018=CARTESIAN_POINT('',(-4.575E0,-2.394680970907E0,6.E0));
#5019=LINE('',#5018,#5017);
#5020=CURVE_STYLE('',#62,POSITIVE_LENGTH_MEASURE(2.E-2),#27);
#5021=PRESENTATION_STYLE_ASSIGNMENT((#5020));
#5022=STYLED_ITEM('',(#5021),#5019);
#5023=DIRECTION('',(-2.377711385310E-1,9.713212062349E-1,0.E0));
#5024=VECTOR('',#5023,3.942863342129E-1);
#5025=CARTESIAN_POINT('',(-4.575E0,-2.203191363811E0,6.E0));
#5026=LINE('',#5025,#5024);
#5027=CURVE_STYLE('',#62,POSITIVE_LENGTH_MEASURE(2.E-2),#27);
#5028=PRESENTATION_STYLE_ASSIGNMENT((#5027));
#5029=STYLED_ITEM('',(#5028),#5026);
#5030=DIRECTION('',(-6.996250055017E-1,7.145102180353E-1,0.E0));
#5031=VECTOR('',#5030,5.360016807076E-1);
#5032=CARTESIAN_POINT('',(-4.668749910593E0,-1.820212686062E0,6.E0));
#5033=LINE('',#5032,#5031);
#5034=CURVE_STYLE('',#62,POSITIVE_LENGTH_MEASURE(2.E-2),#27);
#5035=PRESENTATION_STYLE_ASSIGNMENT((#5034));
#5036=STYLED_ITEM('',(#5035),#5033);
#5037=DIRECTION('',(-8.906052429498E-1,4.547771995497E-1,0.E0));
#5038=VECTOR('',#5037,4.210618717570E-1);
#5039=CARTESIAN_POINT('',(-5.043750089407E0,-1.437234008312E0,6.E0));
#5040=LINE('',#5039,#5038);
#5041=CURVE_STYLE('',#62,POSITIVE_LENGTH_MEASURE(2.E-2),#27);
#5042=PRESENTATION_STYLE_ASSIGNMENT((#5041));
#5043=STYLED_ITEM('',(#5042),#5040);
#5044=DIRECTION('',(-9.858211730931E-1,1.677993286083E-1,0.E0));
#5045=VECTOR('',#5044,5.705903011143E-1);
#5046=CARTESIAN_POINT('',(-5.41875E0,-1.245744669437E0,6.E0));
#5047=LINE('',#5046,#5045);
#5048=CURVE_STYLE('',#62,POSITIVE_LENGTH_MEASURE(2.E-2),#27);
#5049=PRESENTATION_STYLE_ASSIGNMENT((#5048));
#5050=STYLED_ITEM('',(#5049),#5047);
#5051=DIRECTION('',(-1.E0,0.E0,0.E0));
#5052=VECTOR('',#5051,3.750000447035E-1);
#5053=CARTESIAN_POINT('',(-5.98125E0,-1.15E0,6.E0));
#5054=LINE('',#5053,#5052);
#5055=CURVE_STYLE('',#62,POSITIVE_LENGTH_MEASURE(2.E-2),#27);
#5056=PRESENTATION_STYLE_ASSIGNMENT((#5055));
#5057=STYLED_ITEM('',(#5056),#5054);
#5058=DIRECTION('',(-9.895240333173E-1,-1.443682357291E-1,0.E0));
#5059=VECTOR('',#5058,6.631976137540E-1);
#5060=CARTESIAN_POINT('',(-6.356250044703E0,-1.15E0,6.E0));
#5061=LINE('',#5060,#5059);
#5062=CURVE_STYLE('',#62,POSITIVE_LENGTH_MEASURE(2.E-2),#27);
#5063=PRESENTATION_STYLE_ASSIGNMENT((#5062));
#5064=STYLED_ITEM('',(#5063),#5061);
#5065=DIRECTION('',(-8.906052758868E-1,-4.547771350481E-1,0.E0));
#5066=VECTOR('',#5065,4.210619314767E-1);
#5067=CARTESIAN_POINT('',(-7.012500022352E0,-1.245744669437E0,6.E0));
#5068=LINE('',#5067,#5066);
#5069=CURVE_STYLE('',#62,POSITIVE_LENGTH_MEASURE(2.E-2),#27);
#5070=PRESENTATION_STYLE_ASSIGNMENT((#5069));
#5071=STYLED_ITEM('',(#5070),#5068);
#5072=DIRECTION('',(-6.996248298646E-1,-7.145103900133E-1,0.E0));
#5073=VECTOR('',#5072,5.360015516954E-1);
#5074=CARTESIAN_POINT('',(-7.3875E0,-1.437234008312E0,6.E0));
#5075=LINE('',#5074,#5073);
#5076=CURVE_STYLE('',#62,POSITIVE_LENGTH_MEASURE(2.E-2),#27);
#5077=PRESENTATION_STYLE_ASSIGNMENT((#5076));
#5078=STYLED_ITEM('',(#5077),#5075);
#5079=DIRECTION('',(-2.377713591533E-1,-9.713211522284E-1,0.E0));
#5080=VECTOR('',#5079,3.942863561356E-1);
#5081=CARTESIAN_POINT('',(-7.762499994412E0,-1.820212686062E0,6.E0));
#5082=LINE('',#5081,#5080);
#5083=CURVE_STYLE('',#62,POSITIVE_LENGTH_MEASURE(2.E-2),#27);
#5084=PRESENTATION_STYLE_ASSIGNMENT((#5083));
#5085=STYLED_ITEM('',(#5084),#5082);
#5086=DIRECTION('',(1.E0,0.E0,0.E0));
#5087=VECTOR('',#5086,4.687499972060E-1);
#5088=CARTESIAN_POINT('',(-7.856249997206E0,-2.203191363811E0,6.E0));
#5089=LINE('',#5088,#5087);
#5090=CURVE_STYLE('',#62,POSITIVE_LENGTH_MEASURE(2.E-2),#27);
#5091=PRESENTATION_STYLE_ASSIGNMENT((#5090));
#5092=STYLED_ITEM('',(#5091),#5089);
#5093=DIRECTION('',(5.466225923193E-1,8.373790907147E-1,0.E0));
#5094=VECTOR('',#5093,3.430155009807E-1);
#5095=CARTESIAN_POINT('',(-7.3875E0,-2.203191363811E0,6.E0));
#5096=LINE('',#5095,#5094);
#5097=CURVE_STYLE('',#62,POSITIVE_LENGTH_MEASURE(2.E-2),#27);
#5098=PRESENTATION_STYLE_ASSIGNMENT((#5097));
#5099=STYLED_ITEM('',(#5098),#5096);
#5100=DIRECTION('',(8.265992787996E-1,5.627909312417E-1,0.E0));
#5101=VECTOR('',#5100,3.402495105106E-1);
#5102=CARTESIAN_POINT('',(-7.199999977648E0,-1.915957355499E0,6.E0));
#5103=LINE('',#5102,#5101);
#5104=CURVE_STYLE('',#62,POSITIVE_LENGTH_MEASURE(2.E-2),#27);
#5105=PRESENTATION_STYLE_ASSIGNMENT((#5104));
#5106=STYLED_ITEM('',(#5105),#5103);
#5107=DIRECTION('',(9.797707111493E-1,2.001233458994E-1,0.E0));
#5108=VECTOR('',#5107,4.784282863507E-1);
#5109=CARTESIAN_POINT('',(-6.918749977648E0,-1.724468016624E0,6.E0));
#5110=LINE('',#5109,#5108);
#5111=CURVE_STYLE('',#62,POSITIVE_LENGTH_MEASURE(2.E-2),#27);
#5112=PRESENTATION_STYLE_ASSIGNMENT((#5111));
#5113=STYLED_ITEM('',(#5112),#5110);
#5114=DIRECTION('',(1.E0,0.E0,0.E0));
#5115=VECTOR('',#5114,3.749999105930E-1);
#5116=CARTESIAN_POINT('',(-6.449999955297E0,-1.628723347187E0,6.E0));
#5117=LINE('',#5116,#5115);
#5118=CURVE_STYLE('',#62,POSITIVE_LENGTH_MEASURE(2.E-2),#27);
#5119=PRESENTATION_STYLE_ASSIGNMENT((#5118));
#5120=STYLED_ITEM('',(#5119),#5117);
#5121=DIRECTION('',(9.797707055361E-1,-2.001233733807E-1,0.E0));
#5122=VECTOR('',#5121,4.784282206519E-1);
#5123=CARTESIAN_POINT('',(-6.075000044703E0,-1.628723347187E0,6.E0));
#5124=LINE('',#5123,#5122);
#5125=CURVE_STYLE('',#62,POSITIVE_LENGTH_MEASURE(2.E-2),#27);
#5126=PRESENTATION_STYLE_ASSIGNMENT((#5125));
#5127=STYLED_ITEM('',(#5126),#5124);
#5128=DIRECTION('',(8.265992787996E-1,-5.627909312417E-1,0.E0));
#5129=VECTOR('',#5128,3.402495105106E-1);
#5130=CARTESIAN_POINT('',(-5.606250089407E0,-1.724468016624E0,6.E0));
#5131=LINE('',#5130,#5129);
#5132=CURVE_STYLE('',#62,POSITIVE_LENGTH_MEASURE(2.E-2),#27);
#5133=PRESENTATION_STYLE_ASSIGNMENT((#5132));
#5134=STYLED_ITEM('',(#5133),#5131);
#5135=DIRECTION('',(5.466227293958E-1,-8.373790012342E-1,0.E0));
#5136=VECTOR('',#5135,3.430155376346E-1);
#5137=CARTESIAN_POINT('',(-5.325000089407E0,-1.915957355499E0,6.E0));
#5138=LINE('',#5137,#5136);
#5139=CURVE_STYLE('',#62,POSITIVE_LENGTH_MEASURE(2.E-2),#27);
#5140=PRESENTATION_STYLE_ASSIGNMENT((#5139));
#5141=STYLED_ITEM('',(#5140),#5138);
#5142=DIRECTION('',(0.E0,-1.E0,0.E0));
#5143=VECTOR('',#5142,1.914896070957E-1);
#5144=CARTESIAN_POINT('',(-5.1375E0,-2.203191363811E0,6.E0));
#5145=LINE('',#5144,#5143);
#5146=CURVE_STYLE('',#62,POSITIVE_LENGTH_MEASURE(2.E-2),#27);
#5147=PRESENTATION_STYLE_ASSIGNMENT((#5146));
#5148=STYLED_ITEM('',(#5147),#5145);
#5149=DIRECTION('',(-4.397136649566E-1,-8.981380143666E-1,0.E0));
#5150=VECTOR('',#5149,4.264140606716E-1);
#5151=CARTESIAN_POINT('',(-5.1375E0,-2.394680970907E0,6.E0));
#5152=LINE('',#5151,#5150);
#5153=CURVE_STYLE('',#62,POSITIVE_LENGTH_MEASURE(2.E-2),#27);
#5154=PRESENTATION_STYLE_ASSIGNMENT((#5153));
#5155=STYLED_ITEM('',(#5154),#5152);
#5156=DIRECTION('',(-7.389229549020E-1,-6.737899277363E-1,0.E0));
#5157=VECTOR('',#5156,3.552467673630E0);
#5158=CARTESIAN_POINT('',(-5.325000089407E0,-2.777659648657E0,6.E0));
#5159=LINE('',#5158,#5157);
#5160=CURVE_STYLE('',#62,POSITIVE_LENGTH_MEASURE(2.E-2),#27);
#5161=PRESENTATION_STYLE_ASSIGNMENT((#5160));
#5162=STYLED_ITEM('',(#5161),#5159);
#5163=DIRECTION('',(0.E0,-1.E0,0.E0));
#5164=VECTOR('',#5163,8.617020249367E-1);
#5165=CARTESIAN_POINT('',(-3.824999910593E0,-2.969148987532E0,6.E0));
#5166=LINE('',#5165,#5164);
#5167=CURVE_STYLE('',#62,POSITIVE_LENGTH_MEASURE(2.E-2),#27);
#5168=PRESENTATION_STYLE_ASSIGNMENT((#5167));
#5169=STYLED_ITEM('',(#5168),#5166);
#5170=DIRECTION('',(1.921826250544E-1,-9.813591792138E-1,0.E0));
#5171=VECTOR('',#5170,4.878167865929E-1);
#5172=CARTESIAN_POINT('',(-3.824999910593E0,-3.830851012468E0,6.E0));
#5173=LINE('',#5172,#5171);
#5174=CURVE_STYLE('',#62,POSITIVE_LENGTH_MEASURE(2.E-2),#27);
#5175=PRESENTATION_STYLE_ASSIGNMENT((#5174));
#5176=STYLED_ITEM('',(#5175),#5173);
#5177=DIRECTION('',(3.102797975506E-1,-9.506452793929E-1,0.E0));
#5178=VECTOR('',#5177,3.021463573623E-1);
#5179=CARTESIAN_POINT('',(-3.73125E0,-4.309574493766E0,6.E0));
#5180=LINE('',#5179,#5178);
#5181=CURVE_STYLE('',#62,POSITIVE_LENGTH_MEASURE(2.E-2),#27);
#5182=PRESENTATION_STYLE_ASSIGNMENT((#5181));
#5183=STYLED_ITEM('',(#5182),#5180);
#5184=DIRECTION('',(4.397136028534E-1,-8.981380447713E-1,0.E0));
#5185=VECTOR('',#5184,4.264141208965E-1);
#5186=CARTESIAN_POINT('',(-3.637500089407E0,-4.596808502078E0,6.E0));
#5187=LINE('',#5186,#5185);
#5188=CURVE_STYLE('',#62,POSITIVE_LENGTH_MEASURE(2.E-2),#27);
#5189=PRESENTATION_STYLE_ASSIGNMENT((#5188));
#5190=STYLED_ITEM('',(#5189),#5187);
#5191=DIRECTION('',(6.996247934953E-1,-7.145104256249E-1,0.E0));
#5192=VECTOR('',#5191,4.020011906595E-1);
#5193=CARTESIAN_POINT('',(-3.45E0,-4.979787246883E0,6.E0));
#5194=LINE('',#5193,#5192);
#5195=CURVE_STYLE('',#62,POSITIVE_LENGTH_MEASURE(2.E-2),#27);
#5196=PRESENTATION_STYLE_ASSIGNMENT((#5195));
#5197=STYLED_ITEM('',(#5196),#5194);
#5198=DIRECTION('',(8.526533134429E-1,-5.224771067470E-1,0.E0));
#5199=VECTOR('',#5198,5.497542949705E-1);
#5200=CARTESIAN_POINT('',(-3.16875E0,-5.267021288723E0,6.E0));
#5201=LINE('',#5200,#5199);
#5202=CURVE_STYLE('',#62,POSITIVE_LENGTH_MEASURE(2.E-2),#27);
#5203=PRESENTATION_STYLE_ASSIGNMENT((#5202));
#5204=STYLED_ITEM('',(#5203),#5201);
#5205=DIRECTION('',(9.858211706631E-1,-1.677993428846E-1,0.E0));
#5206=VECTOR('',#5205,5.705903025208E-1);
#5207=CARTESIAN_POINT('',(-2.700000178814E0,-5.554255322181E0,6.E0));
#5208=LINE('',#5207,#5206);
#5209=CURVE_STYLE('',#62,POSITIVE_LENGTH_MEASURE(2.E-2),#27);
#5210=PRESENTATION_STYLE_ASSIGNMENT((#5209));
#5211=STYLED_ITEM('',(#5210),#5208);
#5212=DIRECTION('',(9.858211706631E-1,1.677993428846E-1,0.E0));
#5213=VECTOR('',#5212,5.705903025208E-1);
#5214=CARTESIAN_POINT('',(-2.137500178814E0,-5.65E0,6.E0));
#5215=LINE('',#5214,#5213);
#5216=CURVE_STYLE('',#62,POSITIVE_LENGTH_MEASURE(2.E-2),#27);
#5217=PRESENTATION_STYLE_ASSIGNMENT((#5216));
#5218=STYLED_ITEM('',(#5217),#5215);
#5219=DIRECTION('',(8.526535798146E-1,5.224766720432E-1,0.E0));
#5220=VECTOR('',#5219,5.497547523694E-1);
#5221=CARTESIAN_POINT('',(-1.575000178814E0,-5.554255322181E0,6.E0));
#5222=LINE('',#5221,#5220);
#5223=CURVE_STYLE('',#62,POSITIVE_LENGTH_MEASURE(2.E-2),#27);
#5224=PRESENTATION_STYLE_ASSIGNMENT((#5223));
#5225=STYLED_ITEM('',(#5224),#5222);
#5226=DIRECTION('',(6.996247934953E-1,7.145104256249E-1,0.E0));
#5227=VECTOR('',#5226,4.020011906595E-1);
#5228=CARTESIAN_POINT('',(-1.106249821186E0,-5.267021288723E0,6.E0));
#5229=LINE('',#5228,#5227);
#5230=CURVE_STYLE('',#62,POSITIVE_LENGTH_MEASURE(2.E-2),#27);
#5231=PRESENTATION_STYLE_ASSIGNMENT((#5230));
#5232=STYLED_ITEM('',(#5231),#5229);
#5233=DIRECTION('',(4.397130954570E-1,8.981382931841E-1,0.E0));
#5234=VECTOR('',#5233,4.264140029562E-1);
#5235=CARTESIAN_POINT('',(-8.249998211861E-1,-4.979787246883E0,6.E0));
#5236=LINE('',#5235,#5234);
#5237=CURVE_STYLE('',#62,POSITIVE_LENGTH_MEASURE(2.E-2),#27);
#5238=PRESENTATION_STYLE_ASSIGNMENT((#5237));
#5239=STYLED_ITEM('',(#5238),#5236);
#5240=DIRECTION('',(3.102805998049E-1,9.506450175458E-1,0.E0));
#5241=VECTOR('',#5240,3.021464405859E-1);
#5242=CARTESIAN_POINT('',(-6.375E-1,-4.596808502078E0,6.E0));
#5243=LINE('',#5242,#5241);
#5244=CURVE_STYLE('',#62,POSITIVE_LENGTH_MEASURE(2.E-2),#27);
#5245=PRESENTATION_STYLE_ASSIGNMENT((#5244));
#5246=STYLED_ITEM('',(#5245),#5243);
#5247=DIRECTION('',(1.921820955228E-1,9.813592829135E-1,0.E0));
#5248=VECTOR('',#5247,4.878167350455E-1);
#5249=CARTESIAN_POINT('',(-5.437498211861E-1,-4.309574493766E0,6.E0));
#5250=LINE('',#5249,#5248);
#5251=CURVE_STYLE('',#62,POSITIVE_LENGTH_MEASURE(2.E-2),#27);
#5252=PRESENTATION_STYLE_ASSIGNMENT((#5251));
#5253=STYLED_ITEM('',(#5252),#5250);
#5254=DIRECTION('',(0.E0,1.E0,0.E0));
#5255=VECTOR('',#5254,8.617020249367E-1);
#5256=CARTESIAN_POINT('',(-4.500001788139E-1,-3.830851012468E0,6.E0));
#5257=LINE('',#5256,#5255);
#5258=CURVE_STYLE('',#62,POSITIVE_LENGTH_MEASURE(2.E-2),#27);
#5259=PRESENTATION_STYLE_ASSIGNMENT((#5258));
#5260=STYLED_ITEM('',(#5259),#5257);
#5261=DIRECTION('',(-1.921821473726E-1,9.813592727596E-1,0.E0));
#5262=VECTOR('',#5261,4.878166034350E-1);
#5263=CARTESIAN_POINT('',(-4.500001788139E-1,-2.969148987532E0,6.E0));
#5264=LINE('',#5263,#5262);
#5265=CURVE_STYLE('',#62,POSITIVE_LENGTH_MEASURE(2.E-2),#27);
#5266=PRESENTATION_STYLE_ASSIGNMENT((#5265));
#5267=STYLED_ITEM('',(#5266),#5264);
#5268=DIRECTION('',(-3.102803379578E-1,9.506451030099E-1,0.E0));
#5269=VECTOR('',#5268,3.021466955688E-1);
#5270=CARTESIAN_POINT('',(-5.437498211861E-1,-2.490425640345E0,6.E0));
#5271=LINE('',#5270,#5269);
#5272=CURVE_STYLE('',#62,POSITIVE_LENGTH_MEASURE(2.E-2),#27);
#5273=PRESENTATION_STYLE_ASSIGNMENT((#5272));
#5274=STYLED_ITEM('',(#5273),#5271);
#5275=DIRECTION('',(-4.397131575602E-1,8.981382627794E-1,0.E0));
#5276=VECTOR('',#5275,4.264139427313E-1);
#5277=CARTESIAN_POINT('',(-6.375E-1,-2.203191363811E0,6.E0));
#5278=LINE('',#5277,#5276);
#5279=CURVE_STYLE('',#62,POSITIVE_LENGTH_MEASURE(2.E-2),#27);
#5280=PRESENTATION_STYLE_ASSIGNMENT((#5279));
#5281=STYLED_ITEM('',(#5280),#5278);
#5282=DIRECTION('',(-6.996248351869E-1,7.145103848018E-1,0.E0));
#5283=VECTOR('',#5282,4.020011667037E-1);
#5284=CARTESIAN_POINT('',(-8.249998211861E-1,-1.820212686062E0,6.E0));
#5285=LINE('',#5284,#5283);
#5286=CURVE_STYLE('',#62,POSITIVE_LENGTH_MEASURE(2.E-2),#27);
#5287=PRESENTATION_STYLE_ASSIGNMENT((#5286));
#5288=STYLED_ITEM('',(#5287),#5285);
#5289=DIRECTION('',(-8.526536001913E-1,5.224766387895E-1,0.E0));
#5290=VECTOR('',#5289,5.497547392314E-1);
#5291=CARTESIAN_POINT('',(-1.106249821186E0,-1.532978677750E0,6.E0));
#5292=LINE('',#5291,#5290);
#5293=CURVE_STYLE('',#62,POSITIVE_LENGTH_MEASURE(2.E-2),#27);
#5294=PRESENTATION_STYLE_ASSIGNMENT((#5293));
#5295=STYLED_ITEM('',(#5294),#5292);
#5296=DIRECTION('',(-9.858211730931E-1,1.677993286083E-1,0.E0));
#5297=VECTOR('',#5296,5.705903011143E-1);
#5298=CARTESIAN_POINT('',(-1.575000178814E0,-1.245744669437E0,6.E0));
#5299=LINE('',#5298,#5297);
#5300=CURVE_STYLE('',#62,POSITIVE_LENGTH_MEASURE(2.E-2),#27);
#5301=PRESENTATION_STYLE_ASSIGNMENT((#5300));
#5302=STYLED_ITEM('',(#5301),#5299);
#5303=DIRECTION('',(-9.858211730931E-1,-1.677993286083E-1,0.E0));
#5304=VECTOR('',#5303,5.705903011143E-1);
#5305=CARTESIAN_POINT('',(-2.137500178814E0,-1.15E0,6.E0));
#5306=LINE('',#5305,#5304);
#5307=CURVE_STYLE('',#62,POSITIVE_LENGTH_MEASURE(2.E-2),#27);
#5308=PRESENTATION_STYLE_ASSIGNMENT((#5307));
#5309=STYLED_ITEM('',(#5308),#5306);
#5310=DIRECTION('',(-8.526533338197E-1,-5.224770734933E-1,0.E0));
#5311=VECTOR('',#5310,5.497542818324E-1);
#5312=CARTESIAN_POINT('',(-2.700000178814E0,-1.245744669437E0,6.E0));
#5313=LINE('',#5312,#5311);
#5314=CURVE_STYLE('',#62,POSITIVE_LENGTH_MEASURE(2.E-2),#27);
#5315=PRESENTATION_STYLE_ASSIGNMENT((#5314));
#5316=STYLED_ITEM('',(#5315),#5313);
#5317=DIRECTION('',(-6.996248351869E-1,-7.145103848018E-1,0.E0));
#5318=VECTOR('',#5317,4.020011667037E-1);
#5319=CARTESIAN_POINT('',(-3.16875E0,-1.532978677750E0,6.E0));
#5320=LINE('',#5319,#5318);
#5321=CURVE_STYLE('',#62,POSITIVE_LENGTH_MEASURE(2.E-2),#27);
#5322=PRESENTATION_STYLE_ASSIGNMENT((#5321));
#5323=STYLED_ITEM('',(#5322),#5320);
#5324=DIRECTION('',(-4.397136649566E-1,-8.981380143666E-1,0.E0));
#5325=VECTOR('',#5324,4.264140606716E-1);
#5326=CARTESIAN_POINT('',(-3.45E0,-1.820212686062E0,6.E0));
#5327=LINE('',#5326,#5325);
#5328=CURVE_STYLE('',#62,POSITIVE_LENGTH_MEASURE(2.E-2),#27);
#5329=PRESENTATION_STYLE_ASSIGNMENT((#5328));
#5330=STYLED_ITEM('',(#5329),#5327);
#5331=DIRECTION('',(-3.102795357040E-1,-9.506453648566E-1,0.E0));
#5332=VECTOR('',#5331,3.021466123453E-1);
#5333=CARTESIAN_POINT('',(-3.637500089407E0,-2.203191363811E0,6.E0));
#5334=LINE('',#5333,#5332);
#5335=CURVE_STYLE('',#62,POSITIVE_LENGTH_MEASURE(2.E-2),#27);
#5336=PRESENTATION_STYLE_ASSIGNMENT((#5335));
#5337=STYLED_ITEM('',(#5336),#5334);
#5338=DIRECTION('',(-1.921826769043E-1,-9.813591690599E-1,0.E0));
#5339=VECTOR('',#5338,4.878166549823E-1);
#5340=CARTESIAN_POINT('',(-3.73125E0,-2.490425640345E0,6.E0));
#5341=LINE('',#5340,#5339);
#5342=CURVE_STYLE('',#62,POSITIVE_LENGTH_MEASURE(2.E-2),#27);
#5343=PRESENTATION_STYLE_ASSIGNMENT((#5342));
#5344=STYLED_ITEM('',(#5343),#5341);
#5345=DIRECTION('',(1.610631980374E-1,9.869440947885E-1,0.E0));
#5346=VECTOR('',#5345,5.820674338677E-1);
#5347=CARTESIAN_POINT('',(-3.356249821186E0,-3.064893656969E0,6.E0));
#5348=LINE('',#5347,#5346);
#5349=CURVE_STYLE('',#62,POSITIVE_LENGTH_MEASURE(2.E-2),#27);
#5350=PRESENTATION_STYLE_ASSIGNMENT((#5349));
#5351=STYLED_ITEM('',(#5350),#5348);
#5352=DIRECTION('',(5.466225504348E-1,8.373791180560E-1,0.E0));
#5353=VECTOR('',#5352,6.860312998717E-1);
#5354=CARTESIAN_POINT('',(-3.262500178814E0,-2.490425640345E0,6.E0));
#5355=LINE('',#5354,#5353);
#5356=CURVE_STYLE('',#62,POSITIVE_LENGTH_MEASURE(2.E-2),#27);
#5357=PRESENTATION_STYLE_ASSIGNMENT((#5356));
#5358=STYLED_ITEM('',(#5357),#5355);
#5359=DIRECTION('',(8.265992787996E-1,5.627909312417E-1,0.E0));
#5360=VECTOR('',#5359,3.402495105106E-1);
#5361=CARTESIAN_POINT('',(-2.8875E0,-1.915957355499E0,6.E0));
#5362=LINE('',#5361,#5360);
#5363=CURVE_STYLE('',#62,POSITIVE_LENGTH_MEASURE(2.E-2),#27);
#5364=PRESENTATION_STYLE_ASSIGNMENT((#5363));
#5365=STYLED_ITEM('',(#5364),#5362);
#5366=DIRECTION('',(9.797706943097E-1,2.001234283435E-1,0.E0));
#5367=VECTOR('',#5366,4.784280892544E-1);
#5368=CARTESIAN_POINT('',(-2.60625E0,-1.724468016624E0,6.E0));
#5369=LINE('',#5368,#5367);
#5370=CURVE_STYLE('',#62,POSITIVE_LENGTH_MEASURE(2.E-2),#27);
#5371=PRESENTATION_STYLE_ASSIGNMENT((#5370));
#5372=STYLED_ITEM('',(#5371),#5369);
#5373=DIRECTION('',(9.797707392153E-1,-2.001232084928E-1,0.E0));
#5374=VECTOR('',#5373,4.784286148444E-1);
#5375=CARTESIAN_POINT('',(-2.137500178814E0,-1.628723347187E0,6.E0));
#5376=LINE('',#5375,#5374);
#5377=CURVE_STYLE('',#62,POSITIVE_LENGTH_MEASURE(2.E-2),#27);
#5378=PRESENTATION_STYLE_ASSIGNMENT((#5377));
#5379=STYLED_ITEM('',(#5378),#5376);
#5380=DIRECTION('',(8.265992787996E-1,-5.627909312417E-1,0.E0));
#5381=VECTOR('',#5380,3.402495105106E-1);
#5382=CARTESIAN_POINT('',(-1.668749821186E0,-1.724468016624E0,6.E0));
#5383=LINE('',#5382,#5381);
#5384=CURVE_STYLE('',#62,POSITIVE_LENGTH_MEASURE(2.E-2),#27);
#5385=PRESENTATION_STYLE_ASSIGNMENT((#5384));
#5386=STYLED_ITEM('',(#5385),#5383);
#5387=DIRECTION('',(5.466220021285E-1,-8.373794759779E-1,0.E0));
#5388=VECTOR('',#5387,6.860310066407E-1);
#5389=CARTESIAN_POINT('',(-1.387499821186E0,-1.915957355499E0,6.E0));
#5390=LINE('',#5389,#5388);
#5391=CURVE_STYLE('',#62,POSITIVE_LENGTH_MEASURE(2.E-2),#27);
#5392=PRESENTATION_STYLE_ASSIGNMENT((#5391));
#5393=STYLED_ITEM('',(#5392),#5390);
#5394=DIRECTION('',(1.610640957438E-1,-9.869439482880E-1,0.E0));
#5395=VECTOR('',#5394,5.820675202690E-1);
#5396=CARTESIAN_POINT('',(-1.012500178814E0,-2.490425640345E0,6.E0));
#5397=LINE('',#5396,#5395);
#5398=CURVE_STYLE('',#62,POSITIVE_LENGTH_MEASURE(2.E-2),#27);
#5399=PRESENTATION_STYLE_ASSIGNMENT((#5398));
#5400=STYLED_ITEM('',(#5399),#5397);
#5401=DIRECTION('',(0.E0,-1.E0,0.E0));
#5402=VECTOR('',#5401,6.702126860619E-1);
#5403=CARTESIAN_POINT('',(-9.1875E-1,-3.064893656969E0,6.E0));
#5404=LINE('',#5403,#5402);
#5405=CURVE_STYLE('',#62,POSITIVE_LENGTH_MEASURE(2.E-2),#27);
#5406=PRESENTATION_STYLE_ASSIGNMENT((#5405));
#5407=STYLED_ITEM('',(#5406),#5404);
#5408=DIRECTION('',(-1.610640591185E-1,-9.869439542650E-1,0.E0));
#5409=VECTOR('',#5408,5.820676526285E-1);
#5410=CARTESIAN_POINT('',(-9.1875E-1,-3.735106343031E0,6.E0));
#5411=LINE('',#5410,#5409);
#5412=CURVE_STYLE('',#62,POSITIVE_LENGTH_MEASURE(2.E-2),#27);
#5413=PRESENTATION_STYLE_ASSIGNMENT((#5412));
#5414=STYLED_ITEM('',(#5413),#5411);
#5415=DIRECTION('',(-5.466221363492E-1,-8.373793883617E-1,0.E0));
#5416=VECTOR('',#5415,6.860308381887E-1);
#5417=CARTESIAN_POINT('',(-1.012500178814E0,-4.309574493766E0,6.E0));
#5418=LINE('',#5417,#5416);
#5419=CURVE_STYLE('',#62,POSITIVE_LENGTH_MEASURE(2.E-2),#27);
#5420=PRESENTATION_STYLE_ASSIGNMENT((#5419));
#5421=STYLED_ITEM('',(#5420),#5418);
#5422=DIRECTION('',(-8.265992787996E-1,-5.627909312417E-1,0.E0));
#5423=VECTOR('',#5422,3.402495105106E-1);
#5424=CARTESIAN_POINT('',(-1.387499821186E0,-4.884042577446E0,6.E0));
#5425=LINE('',#5424,#5423);
#5426=CURVE_STYLE('',#62,POSITIVE_LENGTH_MEASURE(2.E-2),#27);
#5427=PRESENTATION_STYLE_ASSIGNMENT((#5426));
#5428=STYLED_ITEM('',(#5427),#5425);
#5429=DIRECTION('',(-9.797707392153E-1,-2.001232084928E-1,0.E0));
#5430=VECTOR('',#5429,4.784286148444E-1);
#5431=CARTESIAN_POINT('',(-1.668749821186E0,-5.075531916320E0,6.E0));
#5432=LINE('',#5431,#5430);
#5433=CURVE_STYLE('',#62,POSITIVE_LENGTH_MEASURE(2.E-2),#27);
#5434=PRESENTATION_STYLE_ASSIGNMENT((#5433));
#5435=STYLED_ITEM('',(#5434),#5432);
#5436=DIRECTION('',(-9.797706943097E-1,2.001234283435E-1,0.E0));
#5437=VECTOR('',#5436,4.784280892544E-1);
#5438=CARTESIAN_POINT('',(-2.137500178814E0,-5.171276585758E0,6.E0));
#5439=LINE('',#5438,#5437);
#5440=CURVE_STYLE('',#62,POSITIVE_LENGTH_MEASURE(2.E-2),#27);
#5441=PRESENTATION_STYLE_ASSIGNMENT((#5440));
#5442=STYLED_ITEM('',(#5441),#5439);
#5443=DIRECTION('',(-8.265992787996E-1,5.627909312417E-1,0.E0));
#5444=VECTOR('',#5443,3.402495105106E-1);
#5445=CARTESIAN_POINT('',(-2.60625E0,-5.075531916320E0,6.E0));
#5446=LINE('',#5445,#5444);
#5447=CURVE_STYLE('',#62,POSITIVE_LENGTH_MEASURE(2.E-2),#27);
#5448=PRESENTATION_STYLE_ASSIGNMENT((#5447));
#5449=STYLED_ITEM('',(#5448),#5446);
#5450=DIRECTION('',(-5.466226846555E-1,8.373790304396E-1,0.E0));
#5451=VECTOR('',#5450,6.860311314198E-1);
#5452=CARTESIAN_POINT('',(-2.8875E0,-4.884042577446E0,6.E0));
#5453=LINE('',#5452,#5451);
#5454=CURVE_STYLE('',#62,POSITIVE_LENGTH_MEASURE(2.E-2),#27);
#5455=PRESENTATION_STYLE_ASSIGNMENT((#5454));
#5456=STYLED_ITEM('',(#5455),#5453);
#5457=DIRECTION('',(-1.610631614123E-1,9.869441007655E-1,0.E0));
#5458=VECTOR('',#5457,5.820675662272E-1);
#5459=CARTESIAN_POINT('',(-3.262500178814E0,-4.309574493766E0,6.E0));
#5460=LINE('',#5459,#5458);
#5461=CURVE_STYLE('',#62,POSITIVE_LENGTH_MEASURE(2.E-2),#27);
#5462=PRESENTATION_STYLE_ASSIGNMENT((#5461));
#5463=STYLED_ITEM('',(#5462),#5460);
#5464=DIRECTION('',(0.E0,1.E0,0.E0));
#5465=VECTOR('',#5464,6.702126860619E-1);
#5466=CARTESIAN_POINT('',(-3.356249821186E0,-3.735106343031E0,6.E0));
#5467=LINE('',#5466,#5465);
#5468=CURVE_STYLE('',#62,POSITIVE_LENGTH_MEASURE(2.E-2),#27);
#5469=PRESENTATION_STYLE_ASSIGNMENT((#5468));
#5470=STYLED_ITEM('',(#5469),#5467);
#5471=DIRECTION('',(0.E0,-1.E0,0.E0));
#5472=VECTOR('',#5471,4.787234142423E-1);
#5473=CARTESIAN_POINT('',(3.000001788139E-1,-5.171276585758E0,6.E0));
#5474=LINE('',#5473,#5472);
#5475=CURVE_STYLE('',#62,POSITIVE_LENGTH_MEASURE(2.E-2),#27);
#5476=PRESENTATION_STYLE_ASSIGNMENT((#5475));
#5477=STYLED_ITEM('',(#5476),#5474);
#5478=DIRECTION('',(1.E0,0.E0,0.E0));
#5479=VECTOR('',#5478,3.374999463558E0);
#5480=CARTESIAN_POINT('',(3.000001788139E-1,-5.65E0,6.E0));
#5481=LINE('',#5480,#5479);
#5482=CURVE_STYLE('',#62,POSITIVE_LENGTH_MEASURE(2.E-2),#27);
#5483=PRESENTATION_STYLE_ASSIGNMENT((#5482));
#5484=STYLED_ITEM('',(#5483),#5481);
#5485=DIRECTION('',(0.E0,1.E0,0.E0));
#5486=VECTOR('',#5485,4.787234142423E-1);
#5487=CARTESIAN_POINT('',(3.674999642372E0,-5.65E0,6.E0));
#5488=LINE('',#5487,#5486);
#5489=CURVE_STYLE('',#62,POSITIVE_LENGTH_MEASURE(2.E-2),#27);
#5490=PRESENTATION_STYLE_ASSIGNMENT((#5489));
#5491=STYLED_ITEM('',(#5490),#5488);
#5492=DIRECTION('',(-1.E0,0.E0,0.E0));
#5493=VECTOR('',#5492,2.624999642372E0);
#5494=CARTESIAN_POINT('',(3.674999642372E0,-5.171276585758E0,6.E0));
#5495=LINE('',#5494,#5493);
#5496=CURVE_STYLE('',#62,POSITIVE_LENGTH_MEASURE(2.E-2),#27);
#5497=PRESENTATION_STYLE_ASSIGNMENT((#5496));
#5498=STYLED_ITEM('',(#5497),#5495);
#5499=DIRECTION('',(7.437660397173E-1,6.684400333338E-1,0.E0));
#5500=VECTOR('',#5499,3.151192064729E0);
#5501=CARTESIAN_POINT('',(1.05E0,-5.171276585758E0,6.E0));
#5502=LINE('',#5501,#5500);
#5503=CURVE_STYLE('',#62,POSITIVE_LENGTH_MEASURE(2.E-2),#27);
#5504=PRESENTATION_STYLE_ASSIGNMENT((#5503));
#5505=STYLED_ITEM('',(#5504),#5502);
#5506=DIRECTION('',(5.466232777014E-1,8.373786433120E-1,0.E0));
#5507=VECTOR('',#5506,3.430156842503E-1);
#5508=CARTESIAN_POINT('',(3.393749642372E0,-3.064893656969E0,6.E0));
#5509=LINE('',#5508,#5507);
#5510=CURVE_STYLE('',#62,POSITIVE_LENGTH_MEASURE(2.E-2),#27);
#5511=PRESENTATION_STYLE_ASSIGNMENT((#5510));
#5512=STYLED_ITEM('',(#5511),#5509);
#5513=DIRECTION('',(2.377704967206E-1,9.713213633444E-1,0.E0));
#5514=VECTOR('',#5513,3.942862704378E-1);
#5515=CARTESIAN_POINT('',(3.58125E0,-2.777659648657E0,6.E0));
#5516=LINE('',#5515,#5514);
#5517=CURVE_STYLE('',#62,POSITIVE_LENGTH_MEASURE(2.E-2),#27);
#5518=PRESENTATION_STYLE_ASSIGNMENT((#5517));
#5519=STYLED_ITEM('',(#5518),#5516);
#5520=DIRECTION('',(0.E0,1.E0,0.E0));
#5521=VECTOR('',#5520,1.914896070957E-1);
#5522=CARTESIAN_POINT('',(3.674999642372E0,-2.394680970907E0,6.E0));
#5523=LINE('',#5522,#5521);
#5524=CURVE_STYLE('',#62,POSITIVE_LENGTH_MEASURE(2.E-2),#27);
#5525=PRESENTATION_STYLE_ASSIGNMENT((#5524));
#5526=STYLED_ITEM('',(#5525),#5523);
#5527=DIRECTION('',(-2.377704967206E-1,9.713213633444E-1,0.E0));
#5528=VECTOR('',#5527,3.942862704378E-1);
#5529=CARTESIAN_POINT('',(3.674999642372E0,-2.203191363811E0,6.E0));
#5530=LINE('',#5529,#5528);
#5531=CURVE_STYLE('',#62,POSITIVE_LENGTH_MEASURE(2.E-2),#27);
#5532=PRESENTATION_STYLE_ASSIGNMENT((#5531));
#5533=STYLED_ITEM('',(#5532),#5530);
#5534=DIRECTION('',(-6.996244945571E-1,7.145107183351E-1,0.E0));
#5535=VECTOR('',#5534,5.360013053996E-1);
#5536=CARTESIAN_POINT('',(3.58125E0,-1.820212686062E0,6.E0));
#5537=LINE('',#5536,#5535);
#5538=CURVE_STYLE('',#62,POSITIVE_LENGTH_MEASURE(2.E-2),#27);
#5539=PRESENTATION_STYLE_ASSIGNMENT((#5538));
#5540=STYLED_ITEM('',(#5539),#5537);
#5541=DIRECTION('',(-8.906056381928E-1,4.547764255314E-1,0.E0));
#5542=VECTOR('',#5541,4.210625883940E-1);
#5543=CARTESIAN_POINT('',(3.206250357628E0,-1.437234008312E0,6.E0));
#5544=LINE('',#5543,#5542);
#5545=CURVE_STYLE('',#62,POSITIVE_LENGTH_MEASURE(2.E-2),#27);
#5546=PRESENTATION_STYLE_ASSIGNMENT((#5545));
#5547=STYLED_ITEM('',(#5546),#5544);
#5548=DIRECTION('',(-9.858211730931E-1,1.677993286083E-1,0.E0));
#5549=VECTOR('',#5548,5.705903011143E-1);
#5550=CARTESIAN_POINT('',(2.831249642372E0,-1.245744669437E0,6.E0));
#5551=LINE('',#5550,#5549);
#5552=CURVE_STYLE('',#62,POSITIVE_LENGTH_MEASURE(2.E-2),#27);
#5553=PRESENTATION_STYLE_ASSIGNMENT((#5552));
#5554=STYLED_ITEM('',(#5553),#5551);
#5555=DIRECTION('',(-1.E0,0.E0,0.E0));
#5556=VECTOR('',#5555,3.749996423721E-1);
#5557=CARTESIAN_POINT('',(2.268749642372E0,-1.15E0,6.E0));
#5558=LINE('',#5557,#5556);
#5559=CURVE_STYLE('',#62,POSITIVE_LENGTH_MEASURE(2.E-2),#27);
#5560=PRESENTATION_STYLE_ASSIGNMENT((#5559));
#5561=STYLED_ITEM('',(#5560),#5558);
#5562=DIRECTION('',(-9.895240227806E-1,-1.443683079492E-1,0.E0));
#5563=VECTOR('',#5562,6.631972819902E-1);
#5564=CARTESIAN_POINT('',(1.89375E0,-1.15E0,6.E0));
#5565=LINE('',#5564,#5563);
#5566=CURVE_STYLE('',#62,POSITIVE_LENGTH_MEASURE(2.E-2),#27);
#5567=PRESENTATION_STYLE_ASSIGNMENT((#5566));
#5568=STYLED_ITEM('',(#5567),#5565);
#5569=DIRECTION('',(-8.906053746977E-1,-4.547769415434E-1,0.E0));
#5570=VECTOR('',#5569,4.210621106359E-1);
#5571=CARTESIAN_POINT('',(1.237500357628E0,-1.245744669437E0,6.E0));
#5572=LINE('',#5571,#5570);
#5573=CURVE_STYLE('',#62,POSITIVE_LENGTH_MEASURE(2.E-2),#27);
#5574=PRESENTATION_STYLE_ASSIGNMENT((#5573));
#5575=STYLED_ITEM('',(#5574),#5572);
#5576=DIRECTION('',(-6.996250055017E-1,-7.145102180353E-1,0.E0));
#5577=VECTOR('',#5576,5.360016807076E-1);
#5578=CARTESIAN_POINT('',(8.625001788139E-1,-1.437234008312E0,6.E0));
#5579=LINE('',#5578,#5577);
#5580=CURVE_STYLE('',#62,POSITIVE_LENGTH_MEASURE(2.E-2),#27);
#5581=PRESENTATION_STYLE_ASSIGNMENT((#5580));
#5582=STYLED_ITEM('',(#5581),#5579);
#5583=DIRECTION('',(-2.377717803411E-1,-9.713210491251E-1,0.E0));
#5584=VECTOR('',#5583,3.942863979882E-1);
#5585=CARTESIAN_POINT('',(4.875E-1,-1.820212686062E0,6.E0));
#5586=LINE('',#5585,#5584);
#5587=CURVE_STYLE('',#62,POSITIVE_LENGTH_MEASURE(2.E-2),#27);
#5588=PRESENTATION_STYLE_ASSIGNMENT((#5587));
#5589=STYLED_ITEM('',(#5588),#5586);
#5590=DIRECTION('',(1.E0,0.E0,0.E0));
#5591=VECTOR('',#5590,4.687503576279E-1);
#5592=CARTESIAN_POINT('',(3.937498211861E-1,-2.203191363811E0,6.E0));
#5593=LINE('',#5592,#5591);
#5594=CURVE_STYLE('',#62,POSITIVE_LENGTH_MEASURE(2.E-2),#27);
#5595=PRESENTATION_STYLE_ASSIGNMENT((#5594));
#5596=STYLED_ITEM('',(#5595),#5593);
#5597=DIRECTION('',(5.466221810895E-1,8.373793591563E-1,0.E0));
#5598=VECTOR('',#5597,3.430153910190E-1);
#5599=CARTESIAN_POINT('',(8.625001788139E-1,-2.203191363811E0,6.E0));
#5600=LINE('',#5599,#5598);
#5601=CURVE_STYLE('',#62,POSITIVE_LENGTH_MEASURE(2.E-2),#27);
#5602=PRESENTATION_STYLE_ASSIGNMENT((#5601));
#5603=STYLED_ITEM('',(#5602),#5600);
#5604=DIRECTION('',(8.265992787996E-1,5.627909312417E-1,0.E0));
#5605=VECTOR('',#5604,3.402495105106E-1);
#5606=CARTESIAN_POINT('',(1.05E0,-1.915957355499E0,6.E0));
#5607=LINE('',#5606,#5605);
#5608=CURVE_STYLE('',#62,POSITIVE_LENGTH_MEASURE(2.E-2),#27);
#5609=PRESENTATION_STYLE_ASSIGNMENT((#5608));
#5610=STYLED_ITEM('',(#5609),#5607);
#5611=DIRECTION('',(9.797707392153E-1,2.001232084928E-1,0.E0));
#5612=VECTOR('',#5611,4.784286148444E-1);
#5613=CARTESIAN_POINT('',(1.33125E0,-1.724468016624E0,6.E0));
#5614=LINE('',#5613,#5612);
#5615=CURVE_STYLE('',#62,POSITIVE_LENGTH_MEASURE(2.E-2),#27);
#5616=PRESENTATION_STYLE_ASSIGNMENT((#5615));
#5617=STYLED_ITEM('',(#5616),#5614);
#5618=DIRECTION('',(1.E0,0.E0,0.E0));
#5619=VECTOR('',#5618,3.749996423721E-1);
#5620=CARTESIAN_POINT('',(1.800000357628E0,-1.628723347187E0,6.E0));
#5621=LINE('',#5620,#5619);
#5622=CURVE_STYLE('',#62,POSITIVE_LENGTH_MEASURE(2.E-2),#27);
#5623=PRESENTATION_STYLE_ASSIGNMENT((#5622));
#5624=STYLED_ITEM('',(#5623),#5621);
#5625=DIRECTION('',(9.797707392153E-1,-2.001232084928E-1,0.E0));
#5626=VECTOR('',#5625,4.784286148444E-1);
#5627=CARTESIAN_POINT('',(2.175E0,-1.628723347187E0,6.E0));
#5628=LINE('',#5627,#5626);
#5629=CURVE_STYLE('',#62,POSITIVE_LENGTH_MEASURE(2.E-2),#27);
#5630=PRESENTATION_STYLE_ASSIGNMENT((#5629));
#5631=STYLED_ITEM('',(#5630),#5628);
#5632=DIRECTION('',(8.265992787996E-1,-5.627909312417E-1,0.E0));
#5633=VECTOR('',#5632,3.402495105106E-1);
#5634=CARTESIAN_POINT('',(2.643750357628E0,-1.724468016624E0,6.E0));
#5635=LINE('',#5634,#5633);
#5636=CURVE_STYLE('',#62,POSITIVE_LENGTH_MEASURE(2.E-2),#27);
#5637=PRESENTATION_STYLE_ASSIGNMENT((#5636));
#5638=STYLED_ITEM('',(#5637),#5635);
#5639=DIRECTION('',(5.466210844748E-1,-8.373800750004E-1,0.E0));
#5640=VECTOR('',#5639,3.430150977883E-1);
#5641=CARTESIAN_POINT('',(2.925000357628E0,-1.915957355499E0,6.E0));
#5642=LINE('',#5641,#5640);
#5643=CURVE_STYLE('',#62,POSITIVE_LENGTH_MEASURE(2.E-2),#27);
#5644=PRESENTATION_STYLE_ASSIGNMENT((#5643));
#5645=STYLED_ITEM('',(#5644),#5642);
#5646=DIRECTION('',(0.E0,-1.E0,0.E0));
#5647=VECTOR('',#5646,1.914896070957E-1);
#5648=CARTESIAN_POINT('',(3.112499642372E0,-2.203191363811E0,6.E0));
#5649=LINE('',#5648,#5647);
#5650=CURVE_STYLE('',#62,POSITIVE_LENGTH_MEASURE(2.E-2),#27);
#5651=PRESENTATION_STYLE_ASSIGNMENT((#5650));
#5652=STYLED_ITEM('',(#5651),#5649);
#5653=DIRECTION('',(-4.397121427660E-1,-8.981387596046E-1,0.E0));
#5654=VECTOR('',#5653,4.264137068511E-1);
#5655=CARTESIAN_POINT('',(3.112499642372E0,-2.394680970907E0,6.E0));
#5656=LINE('',#5655,#5654);
#5657=CURVE_STYLE('',#62,POSITIVE_LENGTH_MEASURE(2.E-2),#27);
#5658=PRESENTATION_STYLE_ASSIGNMENT((#5657));
#5659=STYLED_ITEM('',(#5658),#5656);
#5660=DIRECTION('',(-7.389229891797E-1,-6.737898901451E-1,0.E0));
#5661=VECTOR('',#5660,3.552467871825E0);
#5662=CARTESIAN_POINT('',(2.925000357628E0,-2.777659648657E0,6.E0));
#5663=LINE('',#5662,#5661);
#5664=CURVE_STYLE('',#62,POSITIVE_LENGTH_MEASURE(2.E-2),#27);
#5665=PRESENTATION_STYLE_ASSIGNMENT((#5664));
#5666=STYLED_ITEM('',(#5665),#5663);
#5667=DIRECTION('',(7.938787408812E-1,6.080761011394E-1,0.E0));
#5668=VECTOR('',#5667,4.723652315459E-1);
#5669=CARTESIAN_POINT('',(5.081249642372E0,-3.639361673594E0,6.E0));
#5670=LINE('',#5669,#5668);
#5671=CURVE_STYLE('',#62,POSITIVE_LENGTH_MEASURE(2.E-2),#27);
#5672=PRESENTATION_STYLE_ASSIGNMENT((#5671));
#5673=STYLED_ITEM('',(#5672),#5670);
#5674=DIRECTION('',(9.689176611437E-1,2.473834390653E-1,0.E0));
#5675=VECTOR('',#5674,3.870294220145E-1);
#5676=CARTESIAN_POINT('',(5.456250357628E0,-3.352127665281E0,6.E0));
#5677=LINE('',#5676,#5675);
#5678=CURVE_STYLE('',#62,POSITIVE_LENGTH_MEASURE(2.E-2),#27);
#5679=PRESENTATION_STYLE_ASSIGNMENT((#5678));
#5680=STYLED_ITEM('',(#5679),#5677);
#5681=DIRECTION('',(1.E0,0.E0,0.E0));
#5682=VECTOR('',#5681,5.625E-1);
#5683=CARTESIAN_POINT('',(5.83125E0,-3.256382995844E0,6.E0));
#5684=LINE('',#5683,#5682);
#5685=CURVE_STYLE('',#62,POSITIVE_LENGTH_MEASURE(2.E-2),#27);
#5686=PRESENTATION_STYLE_ASSIGNMENT((#5685));
#5687=STYLED_ITEM('',(#5686),#5684);
#5688=DIRECTION('',(9.689176611437E-1,-2.473834390653E-1,0.E0));
#5689=VECTOR('',#5688,3.870294220145E-1);
#5690=CARTESIAN_POINT('',(6.39375E0,-3.256382995844E0,6.E0));
#5691=LINE('',#5690,#5689);
#5692=CURVE_STYLE('',#62,POSITIVE_LENGTH_MEASURE(2.E-2),#27);
#5693=PRESENTATION_STYLE_ASSIGNMENT((#5692));
#5694=STYLED_ITEM('',(#5693),#5691);
#5695=DIRECTION('',(8.265992787996E-1,-5.627909312417E-1,0.E0));
#5696=VECTOR('',#5695,3.402495105106E-1);
#5697=CARTESIAN_POINT('',(6.768749642372E0,-3.352127665281E0,6.E0));
#5698=LINE('',#5697,#5696);
#5699=CURVE_STYLE('',#62,POSITIVE_LENGTH_MEASURE(2.E-2),#27);
#5700=PRESENTATION_STYLE_ASSIGNMENT((#5699));
#5701=STYLED_ITEM('',(#5700),#5698);
#5702=DIRECTION('',(5.466232777014E-1,-8.373786433120E-1,0.E0));
#5703=VECTOR('',#5702,3.430156842503E-1);
#5704=CARTESIAN_POINT('',(7.049999642372E0,-3.543617004156E0,6.E0));
#5705=LINE('',#5704,#5703);
#5706=CURVE_STYLE('',#62,POSITIVE_LENGTH_MEASURE(2.E-2),#27);
#5707=PRESENTATION_STYLE_ASSIGNMENT((#5706));
#5708=STYLED_ITEM('',(#5707),#5705);
#5709=DIRECTION('',(3.102788643726E-1,-9.506455839711E-1,0.E0));
#5710=VECTOR('',#5709,3.021464016304E-1);
#5711=CARTESIAN_POINT('',(7.2375E0,-3.830851012468E0,6.E0));
#5712=LINE('',#5711,#5710);
#5713=CURVE_STYLE('',#62,POSITIVE_LENGTH_MEASURE(2.E-2),#27);
#5714=PRESENTATION_STYLE_ASSIGNMENT((#5713));
#5715=STYLED_ITEM('',(#5714),#5712);
#5716=DIRECTION('',(0.E0,-1.E0,0.E0));
#5717=VECTOR('',#5716,1.914893388748E-1);
#5718=CARTESIAN_POINT('',(7.331249642372E0,-4.118085154891E0,6.E0));
#5719=LINE('',#5718,#5717);
#5720=CURVE_STYLE('',#62,POSITIVE_LENGTH_MEASURE(2.E-2),#27);
#5721=PRESENTATION_STYLE_ASSIGNMENT((#5720));
#5722=STYLED_ITEM('',(#5721),#5719);
#5723=DIRECTION('',(-3.102789952956E-1,-9.506455412394E-1,0.E0));
#5724=VECTOR('',#5723,3.021462741389E-1);
#5725=CARTESIAN_POINT('',(7.331249642372E0,-4.309574493766E0,6.E0));
#5726=LINE('',#5725,#5724);
#5727=CURVE_STYLE('',#62,POSITIVE_LENGTH_MEASURE(2.E-2),#27);
#5728=PRESENTATION_STYLE_ASSIGNMENT((#5727));
#5729=STYLED_ITEM('',(#5728),#5726);
#5730=DIRECTION('',(-5.466231882208E-1,-8.373787017230E-1,0.E0));
#5731=VECTOR('',#5730,3.430157404009E-1);
#5732=CARTESIAN_POINT('',(7.2375E0,-4.596808502078E0,6.E0));
#5733=LINE('',#5732,#5731);
#5734=CURVE_STYLE('',#62,POSITIVE_LENGTH_MEASURE(2.E-2),#27);
#5735=PRESENTATION_STYLE_ASSIGNMENT((#5734));
#5736=STYLED_ITEM('',(#5735),#5733);
#5737=DIRECTION('',(-8.265992787996E-1,-5.627909312417E-1,0.E0));
#5738=VECTOR('',#5737,3.402495105106E-1);
#5739=CARTESIAN_POINT('',(7.049999642372E0,-4.884042577446E0,6.E0));
#5740=LINE('',#5739,#5738);
#5741=CURVE_STYLE('',#62,POSITIVE_LENGTH_MEASURE(2.E-2),#27);
#5742=PRESENTATION_STYLE_ASSIGNMENT((#5741));
#5743=STYLED_ITEM('',(#5742),#5740);
#5744=DIRECTION('',(-9.689176611437E-1,-2.473834390653E-1,0.E0));
#5745=VECTOR('',#5744,3.870294220145E-1);
#5746=CARTESIAN_POINT('',(6.768749642372E0,-5.075531916320E0,6.E0));
#5747=LINE('',#5746,#5745);
#5748=CURVE_STYLE('',#62,POSITIVE_LENGTH_MEASURE(2.E-2),#27);
#5749=PRESENTATION_STYLE_ASSIGNMENT((#5748));
#5750=STYLED_ITEM('',(#5749),#5747);
#5751=DIRECTION('',(-1.E0,0.E0,0.E0));
#5752=VECTOR('',#5751,5.625E-1);
#5753=CARTESIAN_POINT('',(6.39375E0,-5.171276585758E0,6.E0));
#5754=LINE('',#5753,#5752);
#5755=CURVE_STYLE('',#62,POSITIVE_LENGTH_MEASURE(2.E-2),#27);
#5756=PRESENTATION_STYLE_ASSIGNMENT((#5755));
#5757=STYLED_ITEM('',(#5756),#5754);
#5758=DIRECTION('',(-9.689176611437E-1,2.473834390653E-1,0.E0));
#5759=VECTOR('',#5758,3.870294220145E-1);
#5760=CARTESIAN_POINT('',(5.83125E0,-5.171276585758E0,6.E0));
#5761=LINE('',#5760,#5759);
#5762=CURVE_STYLE('',#62,POSITIVE_LENGTH_MEASURE(2.E-2),#27);
#5763=PRESENTATION_STYLE_ASSIGNMENT((#5762));
#5764=STYLED_ITEM('',(#5763),#5761);
#5765=DIRECTION('',(-8.265992787996E-1,5.627909312417E-1,0.E0));
#5766=VECTOR('',#5765,3.402495105106E-1);
#5767=CARTESIAN_POINT('',(5.456250357628E0,-5.075531916320E0,6.E0));
#5768=LINE('',#5767,#5766);
#5769=CURVE_STYLE('',#62,POSITIVE_LENGTH_MEASURE(2.E-2),#27);
#5770=PRESENTATION_STYLE_ASSIGNMENT((#5769));
#5771=STYLED_ITEM('',(#5770),#5768);
#5772=DIRECTION('',(-4.397141102494E-1,8.981377963584E-1,0.E0));
#5773=VECTOR('',#5772,4.264142388369E-1);
#5774=CARTESIAN_POINT('',(5.175000357628E0,-4.884042577446E0,6.E0));
#5775=LINE('',#5774,#5773);
#5776=CURVE_STYLE('',#62,POSITIVE_LENGTH_MEASURE(2.E-2),#27);
#5777=PRESENTATION_STYLE_ASSIGNMENT((#5776));
#5778=STYLED_ITEM('',(#5777),#5775);
#5779=DIRECTION('',(-1.E0,0.E0,0.E0));
#5780=VECTOR('',#5779,5.625E-1);
#5781=CARTESIAN_POINT('',(4.9875E0,-4.501063832641E0,6.E0));
#5782=LINE('',#5781,#5780);
#5783=CURVE_STYLE('',#62,POSITIVE_LENGTH_MEASURE(2.E-2),#27);
#5784=PRESENTATION_STYLE_ASSIGNMENT((#5783));
#5785=STYLED_ITEM('',(#5784),#5782);
#5786=DIRECTION('',(4.397141102494E-1,-8.981377963584E-1,0.E0));
#5787=VECTOR('',#5786,4.264142388369E-1);
#5788=CARTESIAN_POINT('',(4.425E0,-4.501063832641E0,6.E0));
#5789=LINE('',#5788,#5787);
#5790=CURVE_STYLE('',#62,POSITIVE_LENGTH_MEASURE(2.E-2),#27);
#5791=PRESENTATION_STYLE_ASSIGNMENT((#5790));
#5792=STYLED_ITEM('',(#5791),#5789);
#5793=DIRECTION('',(5.919095150862E-1,-8.060044205527E-1,0.E0));
#5794=VECTOR('',#5793,4.751570853850E-1);
#5795=CARTESIAN_POINT('',(4.612500357628E0,-4.884042577446E0,6.E0));
#5796=LINE('',#5795,#5794);
#5797=CURVE_STYLE('',#62,POSITIVE_LENGTH_MEASURE(2.E-2),#27);
#5798=PRESENTATION_STYLE_ASSIGNMENT((#5797));
#5799=STYLED_ITEM('',(#5798),#5796);
#5800=DIRECTION('',(8.526530470707E-1,-5.224775414514E-1,0.E0));
#5801=VECTOR('',#5800,5.497538375717E-1);
#5802=CARTESIAN_POINT('',(4.893750357628E0,-5.267021288723E0,6.E0));
#5803=LINE('',#5802,#5801);
#5804=CURVE_STYLE('',#62,POSITIVE_LENGTH_MEASURE(2.E-2),#27);
#5805=PRESENTATION_STYLE_ASSIGNMENT((#5804));
#5806=STYLED_ITEM('',(#5805),#5803);
#5807=DIRECTION('',(9.797707357802E-1,-2.001232253108E-1,0.E0));
#5808=VECTOR('',#5807,4.784286165218E-1);
#5809=CARTESIAN_POINT('',(5.362499642372E0,-5.554255322181E0,6.E0));
#5810=LINE('',#5809,#5808);
#5811=CURVE_STYLE('',#62,POSITIVE_LENGTH_MEASURE(2.E-2),#27);
#5812=PRESENTATION_STYLE_ASSIGNMENT((#5811));
#5813=STYLED_ITEM('',(#5812),#5810);
#5814=DIRECTION('',(1.E0,0.E0,0.E0));
#5815=VECTOR('',#5814,5.625E-1);
#5816=CARTESIAN_POINT('',(5.83125E0,-5.65E0,6.E0));
#5817=LINE('',#5816,#5815);
#5818=CURVE_STYLE('',#62,POSITIVE_LENGTH_MEASURE(2.E-2),#27);
#5819=PRESENTATION_STYLE_ASSIGNMENT((#5818));
#5820=STYLED_ITEM('',(#5819),#5817);
#5821=DIRECTION('',(9.797707357802E-1,2.001232253108E-1,0.E0));
#5822=VECTOR('',#5821,4.784286165218E-1);
#5823=CARTESIAN_POINT('',(6.39375E0,-5.65E0,6.E0));
#5824=LINE('',#5823,#5822);
#5825=CURVE_STYLE('',#62,POSITIVE_LENGTH_MEASURE(2.E-2),#27);
#5826=PRESENTATION_STYLE_ASSIGNMENT((#5825));
#5827=STYLED_ITEM('',(#5826),#5824);
#5828=DIRECTION('',(8.526530470706E-1,5.224775414514E-1,0.E0));
#5829=VECTOR('',#5828,5.497538375717E-1);
#5830=CARTESIAN_POINT('',(6.862500357628E0,-5.554255322181E0,6.E0));
#5831=LINE('',#5830,#5829);
#5832=CURVE_STYLE('',#62,POSITIVE_LENGTH_MEASURE(2.E-2),#27);
#5833=PRESENTATION_STYLE_ASSIGNMENT((#5832));
#5834=STYLED_ITEM('',(#5833),#5831);
#5835=DIRECTION('',(5.919095150862E-1,8.060044205527E-1,0.E0));
#5836=VECTOR('',#5835,4.751570853850E-1);
#5837=CARTESIAN_POINT('',(7.331249642372E0,-5.267021288723E0,6.E0));
#5838=LINE('',#5837,#5836);
#5839=CURVE_STYLE('',#62,POSITIVE_LENGTH_MEASURE(2.E-2),#27);
#5840=PRESENTATION_STYLE_ASSIGNMENT((#5839));
#5841=STYLED_ITEM('',(#5840),#5838);
#5842=DIRECTION('',(3.646924947007E-1,9.311280171432E-1,0.E0));
#5843=VECTOR('',#5842,5.141327566440E-1);
#5844=CARTESIAN_POINT('',(7.612499642372E0,-4.884042577446E0,6.E0));
#5845=LINE('',#5844,#5843);
#5846=CURVE_STYLE('',#62,POSITIVE_LENGTH_MEASURE(2.E-2),#27);
#5847=PRESENTATION_STYLE_ASSIGNMENT((#5846));
#5848=STYLED_ITEM('',(#5847),#5845);
#5849=DIRECTION('',(0.E0,1.E0,0.E0));
#5850=VECTOR('',#5849,3.829786777496E-1);
#5851=CARTESIAN_POINT('',(7.8E0,-4.405319163203E0,6.E0));
#5852=LINE('',#5851,#5850);
#5853=CURVE_STYLE('',#62,POSITIVE_LENGTH_MEASURE(2.E-2),#27);
#5854=PRESENTATION_STYLE_ASSIGNMENT((#5853));
#5855=STYLED_ITEM('',(#5854),#5852);
#5856=DIRECTION('',(-3.646924504120E-1,9.311280344896E-1,0.E0));
#5857=VECTOR('',#5856,5.141328190810E-1);
#5858=CARTESIAN_POINT('',(7.8E0,-4.022340485454E0,6.E0));
#5859=LINE('',#5858,#5857);
#5860=CURVE_STYLE('',#62,POSITIVE_LENGTH_MEASURE(2.E-2),#27);
#5861=PRESENTATION_STYLE_ASSIGNMENT((#5860));
#5862=STYLED_ITEM('',(#5861),#5859);
#5863=DIRECTION('',(-5.919095487496E-1,8.060043958311E-1,0.E0));
#5864=VECTOR('',#5863,4.751570583616E-1);
#5865=CARTESIAN_POINT('',(7.612499642372E0,-3.543617004156E0,6.E0));
#5866=LINE('',#5865,#5864);
#5867=CURVE_STYLE('',#62,POSITIVE_LENGTH_MEASURE(2.E-2),#27);
#5868=PRESENTATION_STYLE_ASSIGNMENT((#5867));
#5869=STYLED_ITEM('',(#5868),#5866);
#5870=DIRECTION('',(-8.526530674474E-1,5.224775081977E-1,0.E0));
#5871=VECTOR('',#5870,5.497538244336E-1);
#5872=CARTESIAN_POINT('',(7.331249642372E0,-3.160638326406E0,6.E0));
#5873=LINE('',#5872,#5871);
#5874=CURVE_STYLE('',#62,POSITIVE_LENGTH_MEASURE(2.E-2),#27);
#5875=PRESENTATION_STYLE_ASSIGNMENT((#5874));
#5876=STYLED_ITEM('',(#5875),#5873);
#5877=DIRECTION('',(-9.797707392153E-1,2.001232084928E-1,0.E0));
#5878=VECTOR('',#5877,4.784286148444E-1);
#5879=CARTESIAN_POINT('',(6.862500357628E0,-2.873404318094E0,6.E0));
#5880=LINE('',#5879,#5878);
#5881=CURVE_STYLE('',#62,POSITIVE_LENGTH_MEASURE(2.E-2),#27);
#5882=PRESENTATION_STYLE_ASSIGNMENT((#5881));
#5883=STYLED_ITEM('',(#5882),#5880);
#5884=DIRECTION('',(-1.E0,0.E0,0.E0));
#5885=VECTOR('',#5884,5.625E-1);
#5886=CARTESIAN_POINT('',(6.39375E0,-2.777659648657E0,6.E0));
#5887=LINE('',#5886,#5885);
#5888=CURVE_STYLE('',#62,POSITIVE_LENGTH_MEASURE(2.E-2),#27);
#5889=PRESENTATION_STYLE_ASSIGNMENT((#5888));
#5890=STYLED_ITEM('',(#5889),#5887);
#5891=DIRECTION('',(-9.797707392153E-1,-2.001232084928E-1,0.E0));
#5892=VECTOR('',#5891,4.784286148444E-1);
#5893=CARTESIAN_POINT('',(5.83125E0,-2.777659648657E0,6.E0));
#5894=LINE('',#5893,#5892);
#5895=CURVE_STYLE('',#62,POSITIVE_LENGTH_MEASURE(2.E-2),#27);
#5896=PRESENTATION_STYLE_ASSIGNMENT((#5895));
#5897=STYLED_ITEM('',(#5896),#5894);
#5898=DIRECTION('',(-8.526530674474E-1,-5.224775081977E-1,0.E0));
#5899=VECTOR('',#5898,5.497538244336E-1);
#5900=CARTESIAN_POINT('',(5.362499642372E0,-2.873404318094E0,6.E0));
#5901=LINE('',#5900,#5899);
#5902=CURVE_STYLE('',#62,POSITIVE_LENGTH_MEASURE(2.E-2),#27);
#5903=PRESENTATION_STYLE_ASSIGNMENT((#5902));
#5904=STYLED_ITEM('',(#5903),#5901);
#5905=DIRECTION('',(0.E0,1.E0,0.E0));
#5906=VECTOR('',#5905,1.531914979219E0);
#5907=CARTESIAN_POINT('',(4.893750357628E0,-3.160638326406E0,6.E0));
#5908=LINE('',#5907,#5906);
#5909=CURVE_STYLE('',#62,POSITIVE_LENGTH_MEASURE(2.E-2),#27);
#5910=PRESENTATION_STYLE_ASSIGNMENT((#5909));
#5911=STYLED_ITEM('',(#5910),#5908);
#5912=DIRECTION('',(1.E0,0.E0,0.E0));
#5913=VECTOR('',#5912,2.718749284744E0);
#5914=CARTESIAN_POINT('',(4.893750357628E0,-1.628723347187E0,6.E0));
#5915=LINE('',#5914,#5913);
#5916=CURVE_STYLE('',#62,POSITIVE_LENGTH_MEASURE(2.E-2),#27);
#5917=PRESENTATION_STYLE_ASSIGNMENT((#5916));
#5918=STYLED_ITEM('',(#5917),#5915);
#5919=DIRECTION('',(0.E0,1.E0,0.E0));
#5920=VECTOR('',#5919,4.787233471870E-1);
#5921=CARTESIAN_POINT('',(7.612499642372E0,-1.628723347187E0,6.E0));
#5922=LINE('',#5921,#5920);
#5923=CURVE_STYLE('',#62,POSITIVE_LENGTH_MEASURE(2.E-2),#27);
#5924=PRESENTATION_STYLE_ASSIGNMENT((#5923));
#5925=STYLED_ITEM('',(#5924),#5922);
#5926=DIRECTION('',(-1.E0,0.E0,0.E0));
#5927=VECTOR('',#5926,3.187499642372E0);
#5928=CARTESIAN_POINT('',(7.612499642372E0,-1.15E0,6.E0));
#5929=LINE('',#5928,#5927);
#5930=CURVE_STYLE('',#62,POSITIVE_LENGTH_MEASURE(2.E-2),#27);
#5931=PRESENTATION_STYLE_ASSIGNMENT((#5930));
#5932=STYLED_ITEM('',(#5931),#5929);
#5933=DIRECTION('',(0.E0,-1.E0,0.E0));
#5934=VECTOR('',#5933,2.489361673594E0);
#5935=CARTESIAN_POINT('',(4.425E0,-1.15E0,6.E0));
#5936=LINE('',#5935,#5934);
#5937=CURVE_STYLE('',#62,POSITIVE_LENGTH_MEASURE(2.E-2),#27);
#5938=PRESENTATION_STYLE_ASSIGNMENT((#5937));
#5939=STYLED_ITEM('',(#5938),#5936);
#5940=DIRECTION('',(1.E0,0.E0,0.E0));
#5941=VECTOR('',#5940,6.562496423721E-1);
#5942=CARTESIAN_POINT('',(4.425E0,-3.639361673594E0,6.E0));
#5943=LINE('',#5942,#5941);
#5944=CURVE_STYLE('',#62,POSITIVE_LENGTH_MEASURE(2.E-2),#27);
#5945=PRESENTATION_STYLE_ASSIGNMENT((#5944));
#5946=STYLED_ITEM('',(#5945),#5943);
#5947=CARTESIAN_POINT('',(0.E0,1.819702678853E-14,6.E0));
#5948=DIRECTION('',(0.E0,0.E0,1.E0));
#5949=DIRECTION('',(-1.E0,0.E0,0.E0));
#5950=AXIS2_PLACEMENT_3D('',#5947,#5948,#5949);
#5952=CURVE_STYLE('',#62,POSITIVE_LENGTH_MEASURE(2.E-2),#27);
#5953=PRESENTATION_STYLE_ASSIGNMENT((#5952));
#5954=STYLED_ITEM('',(#5953),#5951);
#5955=CARTESIAN_POINT('',(0.E0,0.E0,6.E0));
#5956=DIRECTION('',(0.E0,0.E0,1.E0));
#5957=DIRECTION('',(1.E0,0.E0,0.E0));
#5958=AXIS2_PLACEMENT_3D('',#5955,#5956,#5957);
#5960=CURVE_STYLE('',#62,POSITIVE_LENGTH_MEASURE(2.E-2),#27);
#5961=PRESENTATION_STYLE_ASSIGNMENT((#5960));
#5962=STYLED_ITEM('',(#5961),#5959);
#5963=DIRECTION('',(0.E0,0.E0,1.E0));
#5964=VECTOR('',#5963,2.E-1);
#5965=CARTESIAN_POINT('',(-7.45E0,5.5E0,6.E0));
#5966=LINE('',#5965,#5964);
#5967=CURVE_STYLE('',#62,POSITIVE_LENGTH_MEASURE(2.E-2),#27);
#5968=PRESENTATION_STYLE_ASSIGNMENT((#5967));
#5969=STYLED_ITEM('',(#5968),#5966);
#5970=DIRECTION('',(0.E0,0.E0,1.E0));
#5971=VECTOR('',#5970,2.E-1);
#5972=CARTESIAN_POINT('',(-5.616666775942E0,0.E0,6.E0));
#5973=LINE('',#5972,#5971);
#5974=CURVE_STYLE('',#62,POSITIVE_LENGTH_MEASURE(2.E-2),#27);
#5975=PRESENTATION_STYLE_ASSIGNMENT((#5974));
#5976=STYLED_ITEM('',(#5975),#5973);
#5977=DIRECTION('',(0.E0,0.E0,1.E0));
#5978=VECTOR('',#5977,2.E-1);
#5979=CARTESIAN_POINT('',(-6.304166775942E0,0.E0,6.E0));
#5980=LINE('',#5979,#5978);
#5981=CURVE_STYLE('',#62,POSITIVE_LENGTH_MEASURE(2.E-2),#27);
#5982=PRESENTATION_STYLE_ASSIGNMENT((#5981));
#5983=STYLED_ITEM('',(#5982),#5980);
#5984=DIRECTION('',(0.E0,0.E0,1.E0));
#5985=VECTOR('',#5984,2.E-1);
#5986=CARTESIAN_POINT('',(-6.7625E0,1.404255315661E0,6.E0));
#5987=LINE('',#5986,#5985);
#5988=CURVE_STYLE('',#62,POSITIVE_LENGTH_MEASURE(2.E-2),#27);
#5989=PRESENTATION_STYLE_ASSIGNMENT((#5988));
#5990=STYLED_ITEM('',(#5989),#5987);
#5991=DIRECTION('',(0.E0,0.E0,1.E0));
#5992=VECTOR('',#5991,2.E-1);
#5993=CARTESIAN_POINT('',(-9.054166693985E0,1.404255315661E0,6.E0));
#5994=LINE('',#5993,#5992);
#5995=CURVE_STYLE('',#62,POSITIVE_LENGTH_MEASURE(2.E-2),#27);
#5996=PRESENTATION_STYLE_ASSIGNMENT((#5995));
#5997=STYLED_ITEM('',(#5996),#5994);
#5998=DIRECTION('',(0.E0,0.E0,1.E0));
#5999=VECTOR('',#5998,2.E-1);
#6000=CARTESIAN_POINT('',(-9.5125E0,0.E0,6.E0));
#6001=LINE('',#6000,#5999);
#6002=CURVE_STYLE('',#62,POSITIVE_LENGTH_MEASURE(2.E-2),#27);
#6003=PRESENTATION_STYLE_ASSIGNMENT((#6002));
#6004=STYLED_ITEM('',(#6003),#6001);
#6005=DIRECTION('',(0.E0,0.E0,1.E0));
#6006=VECTOR('',#6005,2.E-1);
#6007=CARTESIAN_POINT('',(-1.02E1,0.E0,6.E0));
#6008=LINE('',#6007,#6006);
#6009=CURVE_STYLE('',#62,POSITIVE_LENGTH_MEASURE(2.E-2),#27);
#6010=PRESENTATION_STYLE_ASSIGNMENT((#6009));
#6011=STYLED_ITEM('',(#6010),#6008);
#6012=DIRECTION('',(0.E0,0.E0,1.E0));
#6013=VECTOR('',#6012,2.E-1);
#6014=CARTESIAN_POINT('',(-8.366666612029E0,5.5E0,6.E0));
#6015=LINE('',#6014,#6013);
#6016=CURVE_STYLE('',#62,POSITIVE_LENGTH_MEASURE(2.E-2),#27);
#6017=PRESENTATION_STYLE_ASSIGNMENT((#6016));
#6018=STYLED_ITEM('',(#6017),#6015);
#6019=DIRECTION('',(-1.E0,0.E0,0.E0));
#6020=VECTOR('',#6019,9.166666120291E-1);
#6021=CARTESIAN_POINT('',(-7.45E0,5.5E0,6.2E0));
#6022=LINE('',#6021,#6020);
#6023=CURVE_STYLE('',#62,POSITIVE_LENGTH_MEASURE(2.E-2),#27);
#6024=PRESENTATION_STYLE_ASSIGNMENT((#6023));
#6025=STYLED_ITEM('',(#6024),#6022);
#6026=DIRECTION('',(-3.162277490531E-1,9.486833037051E-1,0.E0));
#6027=VECTOR('',#6026,5.797509009086E0);
#6028=CARTESIAN_POINT('',(-5.616666775942E0,0.E0,6.2E0));
#6029=LINE('',#6028,#6027);
#6030=CURVE_STYLE('',#62,POSITIVE_LENGTH_MEASURE(2.E-2),#27);
#6031=PRESENTATION_STYLE_ASSIGNMENT((#6030));
#6032=STYLED_ITEM('',(#6031),#6029);
#6033=DIRECTION('',(1.E0,0.E0,0.E0));
#6034=VECTOR('',#6033,6.875E-1);
#6035=CARTESIAN_POINT('',(-6.304166775942E0,0.E0,6.2E0));
#6036=LINE('',#6035,#6034);
#6037=CURVE_STYLE('',#62,POSITIVE_LENGTH_MEASURE(2.E-2),#27);
#6038=PRESENTATION_STYLE_ASSIGNMENT((#6037));
#6039=STYLED_ITEM('',(#6038),#6036);
#6040=DIRECTION('',(3.102799653834E-1,-9.506452246141E-1,0.E0));
#6041=VECTOR('',#6040,1.477160226867E0);
#6042=CARTESIAN_POINT('',(-6.7625E0,1.404255315661E0,6.2E0));
#6043=LINE('',#6042,#6041);
#6044=CURVE_STYLE('',#62,POSITIVE_LENGTH_MEASURE(2.E-2),#27);
#6045=PRESENTATION_STYLE_ASSIGNMENT((#6044));
#6046=STYLED_ITEM('',(#6045),#6043);
#6047=DIRECTION('',(1.E0,0.E0,0.E0));
#6048=VECTOR('',#6047,2.291666693985E0);
#6049=CARTESIAN_POINT('',(-9.054166693985E0,1.404255315661E0,6.2E0));
#6050=LINE('',#6049,#6048);
#6051=CURVE_STYLE('',#62,POSITIVE_LENGTH_MEASURE(2.E-2),#27);
#6052=PRESENTATION_STYLE_ASSIGNMENT((#6051));
#6053=STYLED_ITEM('',(#6052),#6050);
#6054=DIRECTION('',(3.102800155243E-1,9.506452082487E-1,0.E0));
#6055=VECTOR('',#6054,1.477160252297E0);
#6056=CARTESIAN_POINT('',(-9.5125E0,0.E0,6.2E0));
#6057=LINE('',#6056,#6055);
#6058=CURVE_STYLE('',#62,POSITIVE_LENGTH_MEASURE(2.E-2),#27);
#6059=PRESENTATION_STYLE_ASSIGNMENT((#6058));
#6060=STYLED_ITEM('',(#6059),#6057);
#6061=DIRECTION('',(1.E0,0.E0,0.E0));
#6062=VECTOR('',#6061,6.875E-1);
#6063=CARTESIAN_POINT('',(-1.02E1,0.E0,6.2E0));
#6064=LINE('',#6063,#6062);
#6065=CURVE_STYLE('',#62,POSITIVE_LENGTH_MEASURE(2.E-2),#27);
#6066=PRESENTATION_STYLE_ASSIGNMENT((#6065));
#6067=STYLED_ITEM('',(#6066),#6064);
#6068=DIRECTION('',(-3.162277744987E-1,-9.486832952232E-1,0.E0));
#6069=VECTOR('',#6068,5.797509060920E0);
#6070=CARTESIAN_POINT('',(-8.366666612029E0,5.5E0,6.2E0));
#6071=LINE('',#6070,#6069);
#6072=CURVE_STYLE('',#62,POSITIVE_LENGTH_MEASURE(2.E-2),#27);
#6073=PRESENTATION_STYLE_ASSIGNMENT((#6072));
#6074=STYLED_ITEM('',(#6073),#6071);
#6075=DIRECTION('',(3.102800658973E-1,-9.506451918075E-1,0.E0));
#6076=VECTOR('',#6075,3.323610754466E0);
#6077=CARTESIAN_POINT('',(-7.908333387971E0,5.031914949417E0,6.2E0));
#6078=LINE('',#6077,#6076);
#6079=CURVE_STYLE('',#62,POSITIVE_LENGTH_MEASURE(2.E-2),#27);
#6080=PRESENTATION_STYLE_ASSIGNMENT((#6079));
#6081=STYLED_ITEM('',(#6080),#6078);
#6082=DIRECTION('',(3.102799990428E-1,9.506452136281E-1,0.E0));
#6083=VECTOR('',#6082,3.323610678178E0);
#6084=CARTESIAN_POINT('',(-8.939583306015E0,1.872340366244E0,6.2E0));
#6085=LINE('',#6084,#6083);
#6086=CURVE_STYLE('',#62,POSITIVE_LENGTH_MEASURE(2.E-2),#27);
#6087=PRESENTATION_STYLE_ASSIGNMENT((#6086));
#6088=STYLED_ITEM('',(#6087),#6085);
#6089=DIRECTION('',(-1.E0,0.E0,0.E0));
#6090=VECTOR('',#6089,2.062500081956E0);
#6091=CARTESIAN_POINT('',(-6.877083224058E0,1.872340366244E0,6.2E0));
#6092=LINE('',#6091,#6090);
#6093=CURVE_STYLE('',#62,POSITIVE_LENGTH_MEASURE(2.E-2),#27);
#6094=PRESENTATION_STYLE_ASSIGNMENT((#6093));
#6095=STYLED_ITEM('',(#6094),#6092);
#6096=DIRECTION('',(1.E0,0.E0,0.E0));
#6097=VECTOR('',#6096,6.875E-1);
#6098=CARTESIAN_POINT('',(-1.491666448116E0,4.212766110897E0,6.2E0));
#6099=LINE('',#6098,#6097);
#6100=CURVE_STYLE('',#62,POSITIVE_LENGTH_MEASURE(2.E-2),#27);
#6101=PRESENTATION_STYLE_ASSIGNMENT((#6100));
#6102=STYLED_ITEM('',(#6101),#6099);
#6103=DIRECTION('',(4.397141723527E-1,-8.981377659536E-1,0.E0));
#6104=VECTOR('',#6103,2.605864424852E-1);
#6105=CARTESIAN_POINT('',(-1.60625E0,4.446808636189E0,6.2E0));
#6106=LINE('',#6105,#6104);
#6107=CURVE_STYLE('',#62,POSITIVE_LENGTH_MEASURE(2.E-2),#27);
#6108=PRESENTATION_STYLE_ASSIGNMENT((#6107));
#6109=STYLED_ITEM('',(#6108),#6106);
#6110=DIRECTION('',(6.996244945571E-1,-7.145107183351E-1,0.E0));
#6111=VECTOR('',#6110,3.275563532998E-1);
#6112=CARTESIAN_POINT('',(-1.835416448116E0,4.680851161480E0,6.2E0));
#6113=LINE('',#6112,#6111);
#6114=CURVE_STYLE('',#62,POSITIVE_LENGTH_MEASURE(2.E-2),#27);
#6115=PRESENTATION_STYLE_ASSIGNMENT((#6114));
#6116=STYLED_ITEM('',(#6115),#6113);
#6117=DIRECTION('',(9.466499177700E-1,-3.222637633772E-1,0.E0));
#6118=VECTOR('',#6117,3.631226217288E-1);
#6119=CARTESIAN_POINT('',(-2.179166448116E0,4.797872424126E0,6.2E0));
#6120=LINE('',#6119,#6118);
#6121=CURVE_STYLE('',#62,POSITIVE_LENGTH_MEASURE(2.E-2),#27);
#6122=PRESENTATION_STYLE_ASSIGNMENT((#6121));
#6123=STYLED_ITEM('',(#6122),#6120);
#6124=DIRECTION('',(1.E0,0.E0,0.E0));
#6125=VECTOR('',#6124,6.875E-1);
#6126=CARTESIAN_POINT('',(-2.866666448116E0,4.797872424126E0,6.2E0));
#6127=LINE('',#6126,#6125);
#6128=CURVE_STYLE('',#62,POSITIVE_LENGTH_MEASURE(2.E-2),#27);
#6129=PRESENTATION_STYLE_ASSIGNMENT((#6128));
#6130=STYLED_ITEM('',(#6129),#6127);
#6131=DIRECTION('',(9.466499177700E-1,3.222637633772E-1,0.E0));
#6132=VECTOR('',#6131,3.631226217288E-1);
#6133=CARTESIAN_POINT('',(-3.210416448116E0,4.680851161480E0,6.2E0));
#6134=LINE('',#6133,#6132);
#6135=CURVE_STYLE('',#62,POSITIVE_LENGTH_MEASURE(2.E-2),#27);
#6136=PRESENTATION_STYLE_ASSIGNMENT((#6135));
#6137=STYLED_ITEM('',(#6136),#6134);
#6138=DIRECTION('',(8.265992787996E-1,5.627909312417E-1,0.E0));
#6139=VECTOR('',#6138,4.158605128463E-1);
#6140=CARTESIAN_POINT('',(-3.554166448116E0,4.446808636189E0,6.2E0));
#6141=LINE('',#6140,#6139);
#6142=CURVE_STYLE('',#62,POSITIVE_LENGTH_MEASURE(2.E-2),#27);
#6143=PRESENTATION_STYLE_ASSIGNMENT((#6142));
#6144=STYLED_ITEM('',(#6143),#6141);
#6145=DIRECTION('',(3.102803379578E-1,9.506451030099E-1,0.E0));
#6146=VECTOR('',#6145,3.692904056952E-1);
#6147=CARTESIAN_POINT('',(-3.66875E0,4.095744520426E0,6.2E0));
#6148=LINE('',#6147,#6146);
#6149=CURVE_STYLE('',#62,POSITIVE_LENGTH_MEASURE(2.E-2),#27);
#6150=PRESENTATION_STYLE_ASSIGNMENT((#6149));
#6151=STYLED_ITEM('',(#6150),#6148);
#6152=DIRECTION('',(0.E0,1.E0,0.E0));
#6153=VECTOR('',#6152,2.340425252914E-1);
#6154=CARTESIAN_POINT('',(-3.66875E0,3.861701995134E0,6.2E0));
#6155=LINE('',#6154,#6153);
#6156=CURVE_STYLE('',#62,POSITIVE_LENGTH_MEASURE(2.E-2),#27);
#6157=PRESENTATION_STYLE_ASSIGNMENT((#6156));
#6158=STYLED_ITEM('',(#6157),#6155);
#6159=DIRECTION('',(-3.102805998049E-1,9.506450175458E-1,0.E0));
#6160=VECTOR('',#6159,3.692900940495E-1);
#6161=CARTESIAN_POINT('',(-3.554166448116E0,3.510638207197E0,6.2E0));
#6162=LINE('',#6161,#6160);
#6163=CURVE_STYLE('',#62,POSITIVE_LENGTH_MEASURE(2.E-2),#27);
#6164=PRESENTATION_STYLE_ASSIGNMENT((#6163));
#6165=STYLED_ITEM('',(#6164),#6162);
#6166=DIRECTION('',(-8.265992787996E-1,5.627909312417E-1,0.E0));
#6167=VECTOR('',#6166,4.158605128463E-1);
#6168=CARTESIAN_POINT('',(-3.210416448116E0,3.276595681906E0,6.2E0));
#6169=LINE('',#6168,#6167);
#6170=CURVE_STYLE('',#62,POSITIVE_LENGTH_MEASURE(2.E-2),#27);
#6171=PRESENTATION_STYLE_ASSIGNMENT((#6170));
#6172=STYLED_ITEM('',(#6171),#6169);
#6173=DIRECTION('',(-9.466499177700E-1,3.222637633772E-1,0.E0));
#6174=VECTOR('',#6173,3.631226217288E-1);
#6175=CARTESIAN_POINT('',(-2.866666448116E0,3.159574419260E0,6.2E0));
#6176=LINE('',#6175,#6174);
#6177=CURVE_STYLE('',#62,POSITIVE_LENGTH_MEASURE(2.E-2),#27);
#6178=PRESENTATION_STYLE_ASSIGNMENT((#6177));
#6179=STYLED_ITEM('',(#6178),#6176);
#6180=DIRECTION('',(-1.E0,0.E0,0.E0));
#6181=VECTOR('',#6180,6.875E-1);
#6182=CARTESIAN_POINT('',(-2.179166448116E0,3.159574419260E0,6.2E0));
#6183=LINE('',#6182,#6181);
#6184=CURVE_STYLE('',#62,POSITIVE_LENGTH_MEASURE(2.E-2),#27);
#6185=PRESENTATION_STYLE_ASSIGNMENT((#6184));
#6186=STYLED_ITEM('',(#6185),#6183);
#6187=DIRECTION('',(-9.797706943097E-1,2.001234283435E-1,0.E0));
#6188=VECTOR('',#6187,5.847454424221E-1);
#6189=CARTESIAN_POINT('',(-1.60625E0,3.042553156614E0,6.2E0));
#6190=LINE('',#6189,#6188);
#6191=CURVE_STYLE('',#62,POSITIVE_LENGTH_MEASURE(2.E-2),#27);
#6192=PRESENTATION_STYLE_ASSIGNMENT((#6191));
#6193=STYLED_ITEM('',(#6192),#6190);
#6194=DIRECTION('',(-8.906053746977E-1,4.547769415434E-1,0.E0));
#6195=VECTOR('',#6194,5.146314685550E-1);
#6196=CARTESIAN_POINT('',(-1.147916448116E0,2.808510631323E0,6.2E0));
#6197=LINE('',#6196,#6195);
#6198=CURVE_STYLE('',#62,POSITIVE_LENGTH_MEASURE(2.E-2),#27);
#6199=PRESENTATION_STYLE_ASSIGNMENT((#6198));
#6200=STYLED_ITEM('',(#6199),#6197);
#6201=DIRECTION('',(-6.996244945571E-1,7.145107183351E-1,0.E0));
#6202=VECTOR('',#6201,6.551127065995E-1);
#6203=CARTESIAN_POINT('',(-6.895835518837E-1,2.340425580740E0,6.2E0));
#6204=LINE('',#6203,#6202);
#6205=CURVE_STYLE('',#62,POSITIVE_LENGTH_MEASURE(2.E-2),#27);
#6206=PRESENTATION_STYLE_ASSIGNMENT((#6205));
#6207=STYLED_ITEM('',(#6206),#6204);
#6208=DIRECTION('',(-4.397140481462E-1,8.981378267632E-1,0.E0));
#6209=VECTOR('',#6208,5.211730321866E-1);
#6210=CARTESIAN_POINT('',(-4.604164481163E-1,1.872340366244E0,6.2E0));
#6211=LINE('',#6210,#6209);
#6212=CURVE_STYLE('',#62,POSITIVE_LENGTH_MEASURE(2.E-2),#27);
#6213=PRESENTATION_STYLE_ASSIGNMENT((#6212));
#6214=STYLED_ITEM('',(#6213),#6211);
#6215=DIRECTION('',(0.E0,1.E0,0.E0));
#6216=VECTOR('',#6215,5.851063132286E-1);
#6217=CARTESIAN_POINT('',(-4.604164481163E-1,1.287234053016E0,6.2E0));
#6218=LINE('',#6217,#6216);
#6219=CURVE_STYLE('',#62,POSITIVE_LENGTH_MEASURE(2.E-2),#27);
#6220=PRESENTATION_STYLE_ASSIGNMENT((#6219));
#6221=STYLED_ITEM('',(#6220),#6218);
#6222=DIRECTION('',(4.397141102494E-1,8.981377963584E-1,0.E0));
#6223=VECTOR('',#6222,5.211729585785E-1);
#6224=CARTESIAN_POINT('',(-6.895835518837E-1,8.191489204764E-1,6.2E0));
#6225=LINE('',#6224,#6223);
#6226=CURVE_STYLE('',#62,POSITIVE_LENGTH_MEASURE(2.E-2),#27);
#6227=PRESENTATION_STYLE_ASSIGNMENT((#6226));
#6228=STYLED_ITEM('',(#6227),#6225);
#6229=DIRECTION('',(6.996244632883E-1,7.145107489524E-1,0.E0));
#6230=VECTOR('',#6229,6.551127358789E-1);
#6231=CARTESIAN_POINT('',(-1.147916448116E0,3.510638289154E-1,6.2E0));
#6232=LINE('',#6231,#6230);
#6233=CURVE_STYLE('',#62,POSITIVE_LENGTH_MEASURE(2.E-2),#27);
#6234=PRESENTATION_STYLE_ASSIGNMENT((#6233));
#6235=STYLED_ITEM('',(#6234),#6232);
#6236=DIRECTION('',(8.906053505096E-1,4.547769889117E-1,0.E0));
#6237=VECTOR('',#6236,5.146314825320E-1);
#6238=CARTESIAN_POINT('',(-1.60625E0,1.170212728903E-1,6.2E0));
#6239=LINE('',#6238,#6237);
#6240=CURVE_STYLE('',#62,POSITIVE_LENGTH_MEASURE(2.E-2),#27);
#6241=PRESENTATION_STYLE_ASSIGNMENT((#6240));
#6242=STYLED_ITEM('',(#6241),#6239);
#6243=DIRECTION('',(9.797706908745E-1,2.001234451615E-1,0.E0));
#6244=VECTOR('',#6243,5.847454444723E-1);
#6245=CARTESIAN_POINT('',(-2.179166448116E0,0.E0,6.2E0));
#6246=LINE('',#6245,#6244);
#6247=CURVE_STYLE('',#62,POSITIVE_LENGTH_MEASURE(2.E-2),#27);
#6248=PRESENTATION_STYLE_ASSIGNMENT((#6247));
#6249=STYLED_ITEM('',(#6248),#6246);
#6250=DIRECTION('',(1.E0,0.E0,0.E0));
#6251=VECTOR('',#6250,9.166671037674E-1);
#6252=CARTESIAN_POINT('',(-3.095833551884E0,0.E0,6.2E0));
#6253=LINE('',#6252,#6251);
#6254=CURVE_STYLE('',#62,POSITIVE_LENGTH_MEASURE(2.E-2),#27);
#6255=PRESENTATION_STYLE_ASSIGNMENT((#6254));
#6256=STYLED_ITEM('',(#6255),#6253);
#6257=DIRECTION('',(9.797706908745E-1,-2.001234451615E-1,0.E0));
#6258=VECTOR('',#6257,5.847454444723E-1);
#6259=CARTESIAN_POINT('',(-3.66875E0,1.170212728903E-1,6.2E0));
#6260=LINE('',#6259,#6258);
#6261=CURVE_STYLE('',#62,POSITIVE_LENGTH_MEASURE(2.E-2),#27);
#6262=PRESENTATION_STYLE_ASSIGNMENT((#6261));
#6263=STYLED_ITEM('',(#6262),#6260);
#6264=DIRECTION('',(8.526533134429E-1,-5.224771067470E-1,0.E0));
#6265=VECTOR('',#6264,6.719219160750E-1);
#6266=CARTESIAN_POINT('',(-4.241666448116E0,4.680850915611E-1,6.2E0));
#6267=LINE('',#6266,#6265);
#6268=CURVE_STYLE('',#62,POSITIVE_LENGTH_MEASURE(2.E-2),#27);
#6269=PRESENTATION_STYLE_ASSIGNMENT((#6268));
#6270=STYLED_ITEM('',(#6269),#6267);
#6271=DIRECTION('',(5.065490144015E-1,-8.622111667155E-1,0.E0));
#6272=VECTOR('',#6271,6.786115266775E-1);
#6273=CARTESIAN_POINT('',(-4.585416448116E0,1.053191527724E0,6.2E0));
#6274=LINE('',#6273,#6272);
#6275=CURVE_STYLE('',#62,POSITIVE_LENGTH_MEASURE(2.E-2),#27);
#6276=PRESENTATION_STYLE_ASSIGNMENT((#6275));
#6277=STYLED_ITEM('',(#6276),#6274);
#6278=DIRECTION('',(2.377717803411E-1,-9.713210491251E-1,0.E0));
#6279=VECTOR('',#6278,4.819055975411E-1);
#6280=CARTESIAN_POINT('',(-4.7E0,1.521276578307E0,6.2E0));
#6281=LINE('',#6280,#6279);
#6282=CURVE_STYLE('',#62,POSITIVE_LENGTH_MEASURE(2.E-2),#27);
#6283=PRESENTATION_STYLE_ASSIGNMENT((#6282));
#6284=STYLED_ITEM('',(#6283),#6281);
#6285=DIRECTION('',(-1.E0,0.E0,0.E0));
#6286=VECTOR('',#6285,6.875E-1);
#6287=CARTESIAN_POINT('',(-4.0125E0,1.521276578307E0,6.2E0));
#6288=LINE('',#6287,#6286);
#6289=CURVE_STYLE('',#62,POSITIVE_LENGTH_MEASURE(2.E-2),#27);
#6290=PRESENTATION_STYLE_ASSIGNMENT((#6289));
#6291=STYLED_ITEM('',(#6290),#6288);
#6292=DIRECTION('',(-3.102805998049E-1,9.506450175458E-1,0.E0));
#6293=VECTOR('',#6292,3.692900940495E-1);
#6294=CARTESIAN_POINT('',(-3.897916448116E0,1.170212790370E0,6.2E0));
#6295=LINE('',#6294,#6293);
#6296=CURVE_STYLE('',#62,POSITIVE_LENGTH_MEASURE(2.E-2),#27);
#6297=PRESENTATION_STYLE_ASSIGNMENT((#6296));
#6298=STYLED_ITEM('',(#6297),#6295);
#6299=DIRECTION('',(-6.996247518036E-1,7.145104664480E-1,0.E0));
#6300=VECTOR('',#6299,4.913348178632E-1);
#6301=CARTESIAN_POINT('',(-3.554166448116E0,8.191489204764E-1,6.2E0));
#6302=LINE('',#6301,#6300);
#6303=CURVE_STYLE('',#62,POSITIVE_LENGTH_MEASURE(2.E-2),#27);
#6304=PRESENTATION_STYLE_ASSIGNMENT((#6303));
#6305=STYLED_ITEM('',(#6304),#6302);
#6306=DIRECTION('',(-9.689176611437E-1,2.473834390653E-1,0.E0));
#6307=VECTOR('',#6306,4.730359602400E-1);
#6308=CARTESIAN_POINT('',(-3.095833551884E0,7.021276578307E-1,6.2E0));
#6309=LINE('',#6308,#6307);
#6310=CURVE_STYLE('',#62,POSITIVE_LENGTH_MEASURE(2.E-2),#27);
#6311=PRESENTATION_STYLE_ASSIGNMENT((#6310));
#6312=STYLED_ITEM('',(#6311),#6309);
#6313=DIRECTION('',(-1.E0,0.E0,0.E0));
#6314=VECTOR('',#6313,9.166671037674E-1);
#6315=CARTESIAN_POINT('',(-2.179166448116E0,7.021276578307E-1,6.2E0));
#6316=LINE('',#6315,#6314);
#6317=CURVE_STYLE('',#62,POSITIVE_LENGTH_MEASURE(2.E-2),#27);
#6318=PRESENTATION_STYLE_ASSIGNMENT((#6317));
#6319=STYLED_ITEM('',(#6318),#6316);
#6320=DIRECTION('',(-9.689176611437E-1,-2.473834390653E-1,0.E0));
#6321=VECTOR('',#6320,4.730359602400E-1);
#6322=CARTESIAN_POINT('',(-1.720833551884E0,8.191489204764E-1,6.2E0));
#6323=LINE('',#6322,#6321);
#6324=CURVE_STYLE('',#62,POSITIVE_LENGTH_MEASURE(2.E-2),#27);
#6325=PRESENTATION_STYLE_ASSIGNMENT((#6324));
#6326=STYLED_ITEM('',(#6325),#6323);
#6327=DIRECTION('',(-8.265991871191E-1,-5.627910658975E-1,0.E0));
#6328=VECTOR('',#6327,4.158605589706E-1);
#6329=CARTESIAN_POINT('',(-1.377083551884E0,1.053191527724E0,6.2E0));
#6330=LINE('',#6329,#6328);
#6331=CURVE_STYLE('',#62,POSITIVE_LENGTH_MEASURE(2.E-2),#27);
#6332=PRESENTATION_STYLE_ASSIGNMENT((#6331));
#6333=STYLED_ITEM('',(#6332),#6330);
#6334=DIRECTION('',(-5.466232777014E-1,-8.373786433120E-1,0.E0));
#6335=VECTOR('',#6334,4.192413918615E-1);
#6336=CARTESIAN_POINT('',(-1.147916448116E0,1.404255315661E0,6.2E0));
#6337=LINE('',#6336,#6335);
#6338=CURVE_STYLE('',#62,POSITIVE_LENGTH_MEASURE(2.E-2),#27);
#6339=PRESENTATION_STYLE_ASSIGNMENT((#6338));
#6340=STYLED_ITEM('',(#6339),#6337);
#6341=DIRECTION('',(0.E0,-1.E0,0.E0));
#6342=VECTOR('',#6341,3.510637879372E-1);
#6343=CARTESIAN_POINT('',(-1.147916448116E0,1.755319103599E0,6.2E0));
#6344=LINE('',#6343,#6342);
#6345=CURVE_STYLE('',#62,POSITIVE_LENGTH_MEASURE(2.E-2),#27);
#6346=PRESENTATION_STYLE_ASSIGNMENT((#6345));
#6347=STYLED_ITEM('',(#6346),#6344);
#6348=DIRECTION('',(5.466230987403E-1,-8.373787601340E-1,0.E0));
#6349=VECTOR('',#6348,4.192415291185E-1);
#6350=CARTESIAN_POINT('',(-1.377083551884E0,2.106383055449E0,6.2E0));
#6351=LINE('',#6350,#6349);
#6352=CURVE_STYLE('',#62,POSITIVE_LENGTH_MEASURE(2.E-2),#27);
#6353=PRESENTATION_STYLE_ASSIGNMENT((#6352));
#6354=STYLED_ITEM('',(#6353),#6351);
#6355=DIRECTION('',(8.265992787996E-1,-5.627909312417E-1,0.E0));
#6356=VECTOR('',#6355,4.158605128463E-1);
#6357=CARTESIAN_POINT('',(-1.720833551884E0,2.340425580740E0,6.2E0));
#6358=LINE('',#6357,#6356);
#6359=CURVE_STYLE('',#62,POSITIVE_LENGTH_MEASURE(2.E-2),#27);
#6360=PRESENTATION_STYLE_ASSIGNMENT((#6359));
#6361=STYLED_ITEM('',(#6360),#6358);
#6362=DIRECTION('',(9.689176611437E-1,-2.473834390653E-1,0.E0));
#6363=VECTOR('',#6362,4.730359602400E-1);
#6364=CARTESIAN_POINT('',(-2.179166448116E0,2.457446843386E0,6.2E0));
#6365=LINE('',#6364,#6363);
#6366=CURVE_STYLE('',#62,POSITIVE_LENGTH_MEASURE(2.E-2),#27);
#6367=PRESENTATION_STYLE_ASSIGNMENT((#6366));
#6368=STYLED_ITEM('',(#6367),#6365);
#6369=DIRECTION('',(1.E0,0.E0,0.E0));
#6370=VECTOR('',#6369,6.875E-1);
#6371=CARTESIAN_POINT('',(-2.866666448116E0,2.457446843386E0,6.2E0));
#6372=LINE('',#6371,#6370);
#6373=CURVE_STYLE('',#62,POSITIVE_LENGTH_MEASURE(2.E-2),#27);
#6374=PRESENTATION_STYLE_ASSIGNMENT((#6373));
#6375=STYLED_ITEM('',(#6374),#6372);
#6376=DIRECTION('',(9.689177459678E-1,-2.473831068378E-1,0.E0));
#6377=VECTOR('',#6376,4.730365955119E-1);
#6378=CARTESIAN_POINT('',(-3.325E0,2.574468106031E0,6.2E0));
#6379=LINE('',#6378,#6377);
#6380=CURVE_STYLE('',#62,POSITIVE_LENGTH_MEASURE(2.E-2),#27);
#6381=PRESENTATION_STYLE_ASSIGNMENT((#6380));
#6382=STYLED_ITEM('',(#6381),#6379);
#6383=DIRECTION('',(8.906053746977E-1,-4.547769415434E-1,0.E0));
#6384=VECTOR('',#6383,5.146314685550E-1);
#6385=CARTESIAN_POINT('',(-3.783333551884E0,2.808510631323E0,6.2E0));
#6386=LINE('',#6385,#6384);
#6387=CURVE_STYLE('',#62,POSITIVE_LENGTH_MEASURE(2.E-2),#27);
#6388=PRESENTATION_STYLE_ASSIGNMENT((#6387));
#6389=STYLED_ITEM('',(#6388),#6386);
#6390=DIRECTION('',(6.996244945571E-1,-7.145107183351E-1,0.E0));
#6391=VECTOR('',#6390,6.551127065995E-1);
#6392=CARTESIAN_POINT('',(-4.241666448116E0,3.276595681906E0,6.2E0));
#6393=LINE('',#6392,#6391);
#6394=CURVE_STYLE('',#62,POSITIVE_LENGTH_MEASURE(2.E-2),#27);
#6395=PRESENTATION_STYLE_ASSIGNMENT((#6394));
#6396=STYLED_ITEM('',(#6395),#6393);
#6397=DIRECTION('',(2.377717803411E-1,-9.713210491251E-1,0.E0));
#6398=VECTOR('',#6397,4.819055975411E-1);
#6399=CARTESIAN_POINT('',(-4.35625E0,3.744680732489E0,6.2E0));
#6400=LINE('',#6399,#6398);
#6401=CURVE_STYLE('',#62,POSITIVE_LENGTH_MEASURE(2.E-2),#27);
#6402=PRESENTATION_STYLE_ASSIGNMENT((#6401));
#6403=STYLED_ITEM('',(#6402),#6400);
#6404=DIRECTION('',(0.E0,-1.E0,0.E0));
#6405=VECTOR('',#6404,4.680853784084E-1);
#6406=CARTESIAN_POINT('',(-4.35625E0,4.212766110897E0,6.2E0));
#6407=LINE('',#6406,#6405);
#6408=CURVE_STYLE('',#62,POSITIVE_LENGTH_MEASURE(2.E-2),#27);
#6409=PRESENTATION_STYLE_ASSIGNMENT((#6408));
#6410=STYLED_ITEM('',(#6409),#6407);
#6411=DIRECTION('',(-2.377717803411E-1,-9.713210491251E-1,0.E0));
#6412=VECTOR('',#6411,4.819055975411E-1);
#6413=CARTESIAN_POINT('',(-4.241666448116E0,4.680851161480E0,6.2E0));
#6414=LINE('',#6413,#6412);
#6415=CURVE_STYLE('',#62,POSITIVE_LENGTH_MEASURE(2.E-2),#27);
#6416=PRESENTATION_STYLE_ASSIGNMENT((#6415));
#6417=STYLED_ITEM('',(#6416),#6414);
#6418=DIRECTION('',(-6.996244945571E-1,-7.145107183351E-1,0.E0));
#6419=VECTOR('',#6418,6.551127065995E-1);
#6420=CARTESIAN_POINT('',(-3.783333551884E0,5.148936212063E0,6.2E0));
#6421=LINE('',#6420,#6419);
#6422=CURVE_STYLE('',#62,POSITIVE_LENGTH_MEASURE(2.E-2),#27);
#6423=PRESENTATION_STYLE_ASSIGNMENT((#6422));
#6424=STYLED_ITEM('',(#6423),#6421);
#6425=DIRECTION('',(-8.906053746977E-1,-4.547769415434E-1,0.E0));
#6426=VECTOR('',#6425,5.146314685550E-1);
#6427=CARTESIAN_POINT('',(-3.325E0,5.382978737354E0,6.2E0));
#6428=LINE('',#6427,#6426);
#6429=CURVE_STYLE('',#62,POSITIVE_LENGTH_MEASURE(2.E-2),#27);
#6430=PRESENTATION_STYLE_ASSIGNMENT((#6429));
#6431=STYLED_ITEM('',(#6430),#6428);
#6432=DIRECTION('',(-9.689177459678E-1,-2.473831068378E-1,0.E0));
#6433=VECTOR('',#6432,4.730365955119E-1);
#6434=CARTESIAN_POINT('',(-2.866666448116E0,5.5E0,6.2E0));
#6435=LINE('',#6434,#6433);
#6436=CURVE_STYLE('',#62,POSITIVE_LENGTH_MEASURE(2.E-2),#27);
#6437=PRESENTATION_STYLE_ASSIGNMENT((#6436));
#6438=STYLED_ITEM('',(#6437),#6435);
#6439=DIRECTION('',(-1.E0,0.E0,0.E0));
#6440=VECTOR('',#6439,5.729164481163E-1);
#6441=CARTESIAN_POINT('',(-2.29375E0,5.5E0,6.2E0));
#6442=LINE('',#6441,#6440);
#6443=CURVE_STYLE('',#62,POSITIVE_LENGTH_MEASURE(2.E-2),#27);
#6444=PRESENTATION_STYLE_ASSIGNMENT((#6443));
#6445=STYLED_ITEM('',(#6444),#6442);
#6446=DIRECTION('',(-9.797706943097E-1,2.001234283435E-1,0.E0));
#6447=VECTOR('',#6446,5.847454424221E-1);
#6448=CARTESIAN_POINT('',(-1.720833551884E0,5.382978737354E0,6.2E0));
#6449=LINE('',#6448,#6447);
#6450=CURVE_STYLE('',#62,POSITIVE_LENGTH_MEASURE(2.E-2),#27);
#6451=PRESENTATION_STYLE_ASSIGNMENT((#6450));
#6452=STYLED_ITEM('',(#6451),#6449);
#6453=DIRECTION('',(-7.938783209665E-1,6.080766493621E-1,0.E0));
#6454=VECTOR('',#6453,5.773347624932E-1);
#6455=CARTESIAN_POINT('',(-1.2625E0,5.031914949417E0,6.2E0));
#6456=LINE('',#6455,#6454);
#6457=CURVE_STYLE('',#62,POSITIVE_LENGTH_MEASURE(2.E-2),#27);
#6458=PRESENTATION_STYLE_ASSIGNMENT((#6457));
#6459=STYLED_ITEM('',(#6458),#6456);
#6460=DIRECTION('',(-5.919095487496E-1,8.060043958311E-1,0.E0));
#6461=VECTOR('',#6460,5.807475157753E-1);
#6462=CARTESIAN_POINT('',(-9.1875E-1,4.563829898834E0,6.2E0));
#6463=LINE('',#6462,#6461);
#6464=CURVE_STYLE('',#62,POSITIVE_LENGTH_MEASURE(2.E-2),#27);
#6465=PRESENTATION_STYLE_ASSIGNMENT((#6464));
#6466=STYLED_ITEM('',(#6465),#6463);
#6467=DIRECTION('',(-3.102805998049E-1,9.506450175458E-1,0.E0));
#6468=VECTOR('',#6467,3.692900940495E-1);
#6469=CARTESIAN_POINT('',(-8.041664481163E-1,4.212766110897E0,6.2E0));
#6470=LINE('',#6469,#6468);
#6471=CURVE_STYLE('',#62,POSITIVE_LENGTH_MEASURE(2.E-2),#27);
#6472=PRESENTATION_STYLE_ASSIGNMENT((#6471));
#6473=STYLED_ITEM('',(#6472),#6470);
#6474=DIRECTION('',(-3.102789952956E-1,9.506455412394E-1,0.E0));
#6475=VECTOR('',#6474,3.692898906142E-1);
#6476=CARTESIAN_POINT('',(4.695832896233E0,4.212766110897E0,6.2E0));
#6477=LINE('',#6476,#6475);
#6478=CURVE_STYLE('',#62,POSITIVE_LENGTH_MEASURE(2.E-2),#27);
#6479=PRESENTATION_STYLE_ASSIGNMENT((#6478));
#6480=STYLED_ITEM('',(#6479),#6477);
#6481=DIRECTION('',(0.E0,1.E0,0.E0));
#6482=VECTOR('',#6481,4.680853784084E-1);
#6483=CARTESIAN_POINT('',(4.695832896233E0,3.744680732489E0,6.2E0));
#6484=LINE('',#6483,#6482);
#6485=CURVE_STYLE('',#62,POSITIVE_LENGTH_MEASURE(2.E-2),#27);
#6486=PRESENTATION_STYLE_ASSIGNMENT((#6485));
#6487=STYLED_ITEM('',(#6486),#6484);
#6488=DIRECTION('',(3.102789952956E-1,9.506455412394E-1,0.E0));
#6489=VECTOR('',#6488,3.692898906142E-1);
#6490=CARTESIAN_POINT('',(4.58125E0,3.393616944551E0,6.2E0));
#6491=LINE('',#6490,#6489);
#6492=CURVE_STYLE('',#62,POSITIVE_LENGTH_MEASURE(2.E-2),#27);
#6493=PRESENTATION_STYLE_ASSIGNMENT((#6492));
#6494=STYLED_ITEM('',(#6493),#6491);
#6495=DIRECTION('',(5.919095487496E-1,8.060043958311E-1,0.E0));
#6496=VECTOR('',#6495,5.807475157753E-1);
#6497=CARTESIAN_POINT('',(4.2375E0,2.925531893969E0,6.2E0));
#6498=LINE('',#6497,#6496);
#6499=CURVE_STYLE('',#62,POSITIVE_LENGTH_MEASURE(2.E-2),#27);
#6500=PRESENTATION_STYLE_ASSIGNMENT((#6499));
#6501=STYLED_ITEM('',(#6500),#6498);
#6502=DIRECTION('',(7.938779010506E-1,6.080771975856E-1,0.E0));
#6503=VECTOR('',#6502,5.773342419862E-1);
#6504=CARTESIAN_POINT('',(3.779167103767E0,2.574468106031E0,6.2E0));
#6505=LINE('',#6504,#6503);
#6506=CURVE_STYLE('',#62,POSITIVE_LENGTH_MEASURE(2.E-2),#27);
#6507=PRESENTATION_STYLE_ASSIGNMENT((#6506));
#6508=STYLED_ITEM('',(#6507),#6505);
#6509=DIRECTION('',(9.797707392153E-1,2.001232084928E-1,0.E0));
#6510=VECTOR('',#6509,5.847460848098E-1);
#6511=CARTESIAN_POINT('',(3.20625E0,2.457446843386E0,6.2E0));
#6512=LINE('',#6511,#6510);
#6513=CURVE_STYLE('',#62,POSITIVE_LENGTH_MEASURE(2.E-2),#27);
#6514=PRESENTATION_STYLE_ASSIGNMENT((#6513));
#6515=STYLED_ITEM('',(#6514),#6512);
#6516=DIRECTION('',(1.E0,0.E0,0.E0));
#6517=VECTOR('',#6516,2.0625E0);
#6518=CARTESIAN_POINT('',(1.14375E0,2.457446843386E0,6.2E0));
#6519=LINE('',#6518,#6517);
#6520=CURVE_STYLE('',#62,POSITIVE_LENGTH_MEASURE(2.E-2),#27);
#6521=PRESENTATION_STYLE_ASSIGNMENT((#6520));
#6522=STYLED_ITEM('',(#6521),#6519);
#6523=DIRECTION('',(0.E0,1.E0,0.E0));
#6524=VECTOR('',#6523,2.457446843386E0);
#6525=CARTESIAN_POINT('',(1.14375E0,0.E0,6.2E0));
#6526=LINE('',#6525,#6524);
#6527=CURVE_STYLE('',#62,POSITIVE_LENGTH_MEASURE(2.E-2),#27);
#6528=PRESENTATION_STYLE_ASSIGNMENT((#6527));
#6529=STYLED_ITEM('',(#6528),#6526);
#6530=DIRECTION('',(1.E0,0.E0,0.E0));
#6531=VECTOR('',#6530,6.875E-1);
#6532=CARTESIAN_POINT('',(4.5625E-1,0.E0,6.2E0));
#6533=LINE('',#6532,#6531);
#6534=CURVE_STYLE('',#62,POSITIVE_LENGTH_MEASURE(2.E-2),#27);
#6535=PRESENTATION_STYLE_ASSIGNMENT((#6534));
#6536=STYLED_ITEM('',(#6535),#6533);
#6537=DIRECTION('',(0.E0,-1.E0,0.E0));
#6538=VECTOR('',#6537,5.5E0);
#6539=CARTESIAN_POINT('',(4.5625E-1,5.5E0,6.2E0));
#6540=LINE('',#6539,#6538);
#6541=CURVE_STYLE('',#62,POSITIVE_LENGTH_MEASURE(2.E-2),#27);
#6542=PRESENTATION_STYLE_ASSIGNMENT((#6541));
#6543=STYLED_ITEM('',(#6542),#6540);
#6544=DIRECTION('',(-1.E0,0.E0,0.E0));
#6545=VECTOR('',#6544,2.75E0);
#6546=CARTESIAN_POINT('',(3.20625E0,5.5E0,6.2E0));
#6547=LINE('',#6546,#6545);
#6548=CURVE_STYLE('',#62,POSITIVE_LENGTH_MEASURE(2.E-2),#27);
#6549=PRESENTATION_STYLE_ASSIGNMENT((#6548));
#6550=STYLED_ITEM('',(#6549),#6547);
#6551=DIRECTION('',(-9.797707392153E-1,2.001232084928E-1,0.E0));
#6552=VECTOR('',#6551,5.847460848098E-1);
#6553=CARTESIAN_POINT('',(3.779167103767E0,5.382978737354E0,6.2E0));
#6554=LINE('',#6553,#6552);
#6555=CURVE_STYLE('',#62,POSITIVE_LENGTH_MEASURE(2.E-2),#27);
#6556=PRESENTATION_STYLE_ASSIGNMENT((#6555));
#6557=STYLED_ITEM('',(#6556),#6554);
#6558=DIRECTION('',(-7.938779010506E-1,6.080771975856E-1,0.E0));
#6559=VECTOR('',#6558,5.773342419862E-1);
#6560=CARTESIAN_POINT('',(4.2375E0,5.031914949417E0,6.2E0));
#6561=LINE('',#6560,#6559);
#6562=CURVE_STYLE('',#62,POSITIVE_LENGTH_MEASURE(2.E-2),#27);
#6563=PRESENTATION_STYLE_ASSIGNMENT((#6562));
#6564=STYLED_ITEM('',(#6563),#6561);
#6565=DIRECTION('',(-5.919095487496E-1,8.060043958311E-1,0.E0));
#6566=VECTOR('',#6565,5.807475157753E-1);
#6567=CARTESIAN_POINT('',(4.58125E0,4.563829898834E0,6.2E0));
#6568=LINE('',#6567,#6566);
#6569=CURVE_STYLE('',#62,POSITIVE_LENGTH_MEASURE(2.E-2),#27);
#6570=PRESENTATION_STYLE_ASSIGNMENT((#6569));
#6571=STYLED_ITEM('',(#6570),#6568);
#6572=DIRECTION('',(-1.E0,0.E0,0.E0));
#6573=VECTOR('',#6572,2.177082896233E0);
#6574=CARTESIAN_POINT('',(3.320832896233E0,3.159574419260E0,6.2E0));
#6575=LINE('',#6574,#6573);
#6576=CURVE_STYLE('',#62,POSITIVE_LENGTH_MEASURE(2.E-2),#27);
#6577=PRESENTATION_STYLE_ASSIGNMENT((#6576));
#6578=STYLED_ITEM('',(#6577),#6575);
#6579=DIRECTION('',(-9.466499177700E-1,-3.222637633772E-1,0.E0));
#6580=VECTOR('',#6579,3.631226217288E-1);
#6581=CARTESIAN_POINT('',(3.664582896233E0,3.276595681906E0,6.2E0));
#6582=LINE('',#6581,#6580);
#6583=CURVE_STYLE('',#62,POSITIVE_LENGTH_MEASURE(2.E-2),#27);
#6584=PRESENTATION_STYLE_ASSIGNMENT((#6583));
#6585=STYLED_ITEM('',(#6584),#6582);
#6586=DIRECTION('',(-6.996255164452E-1,-7.145097177357E-1,0.E0));
#6587=VECTOR('',#6586,3.275568120097E-1);
#6588=CARTESIAN_POINT('',(3.89375E0,3.510638207197E0,6.2E0));
#6589=LINE('',#6588,#6587);
#6590=CURVE_STYLE('',#62,POSITIVE_LENGTH_MEASURE(2.E-2),#27);
#6591=PRESENTATION_STYLE_ASSIGNMENT((#6590));
#6592=STYLED_ITEM('',(#6591),#6589);
#6593=DIRECTION('',(-3.102789952956E-1,-9.506455412394E-1,0.E0));
#6594=VECTOR('',#6593,3.692898906142E-1);
#6595=CARTESIAN_POINT('',(4.008332896233E0,3.861701995134E0,6.2E0));
#6596=LINE('',#6595,#6594);
#6597=CURVE_STYLE('',#62,POSITIVE_LENGTH_MEASURE(2.E-2),#27);
#6598=PRESENTATION_STYLE_ASSIGNMENT((#6597));
#6599=STYLED_ITEM('',(#6598),#6596);
#6600=DIRECTION('',(0.E0,-1.E0,0.E0));
#6601=VECTOR('',#6600,3.510641157627E-1);
#6602=CARTESIAN_POINT('',(4.008332896233E0,4.212766110897E0,6.2E0));
#6603=LINE('',#6602,#6601);
#6604=CURVE_STYLE('',#62,POSITIVE_LENGTH_MEASURE(2.E-2),#27);
#6605=PRESENTATION_STYLE_ASSIGNMENT((#6604));
#6606=STYLED_ITEM('',(#6605),#6603);
#6607=DIRECTION('',(3.102789952956E-1,-9.506455412394E-1,0.E0));
#6608=VECTOR('',#6607,3.692898906142E-1);
#6609=CARTESIAN_POINT('',(3.89375E0,4.563829898834E0,6.2E0));
#6610=LINE('',#6609,#6608);
#6611=CURVE_STYLE('',#62,POSITIVE_LENGTH_MEASURE(2.E-2),#27);
#6612=PRESENTATION_STYLE_ASSIGNMENT((#6611));
#6613=STYLED_ITEM('',(#6612),#6610);
#6614=DIRECTION('',(6.996255164452E-1,-7.145097177357E-1,0.E0));
#6615=VECTOR('',#6614,3.275568120097E-1);
#6616=CARTESIAN_POINT('',(3.664582896233E0,4.797872424126E0,6.2E0));
#6617=LINE('',#6616,#6615);
#6618=CURVE_STYLE('',#62,POSITIVE_LENGTH_MEASURE(2.E-2),#27);
#6619=PRESENTATION_STYLE_ASSIGNMENT((#6618));
#6620=STYLED_ITEM('',(#6619),#6617);
#6621=DIRECTION('',(9.466499177700E-1,-3.222637633772E-1,0.E0));
#6622=VECTOR('',#6621,3.631226217288E-1);
#6623=CARTESIAN_POINT('',(3.320832896233E0,4.914893686771E0,6.2E0));
#6624=LINE('',#6623,#6622);
#6625=CURVE_STYLE('',#62,POSITIVE_LENGTH_MEASURE(2.E-2),#27);
#6626=PRESENTATION_STYLE_ASSIGNMENT((#6625));
#6627=STYLED_ITEM('',(#6626),#6624);
#6628=DIRECTION('',(1.E0,0.E0,0.E0));
#6629=VECTOR('',#6628,2.177082896233E0);
#6630=CARTESIAN_POINT('',(1.14375E0,4.914893686771E0,6.2E0));
#6631=LINE('',#6630,#6629);
#6632=CURVE_STYLE('',#62,POSITIVE_LENGTH_MEASURE(2.E-2),#27);
#6633=PRESENTATION_STYLE_ASSIGNMENT((#6632));
#6634=STYLED_ITEM('',(#6633),#6631);
#6635=DIRECTION('',(0.E0,1.E0,0.E0));
#6636=VECTOR('',#6635,1.755319267511E0);
#6637=CARTESIAN_POINT('',(1.14375E0,3.159574419260E0,6.2E0));
#6638=LINE('',#6637,#6636);
#6639=CURVE_STYLE('',#62,POSITIVE_LENGTH_MEASURE(2.E-2),#27);
#6640=PRESENTATION_STYLE_ASSIGNMENT((#6639));
#6641=STYLED_ITEM('',(#6640),#6638);
#6642=DIRECTION('',(-1.E0,0.E0,0.E0));
#6643=VECTOR('',#6642,3.4375E0);
#6644=CARTESIAN_POINT('',(9.7375E0,7.021276578307E-1,6.2E0));
#6645=LINE('',#6644,#6643);
#6646=CURVE_STYLE('',#62,POSITIVE_LENGTH_MEASURE(2.E-2),#27);
#6647=PRESENTATION_STYLE_ASSIGNMENT((#6646));
#6648=STYLED_ITEM('',(#6647),#6645);
#6649=DIRECTION('',(0.E0,1.E0,0.E0));
#6650=VECTOR('',#6649,7.021276578307E-1);
#6651=CARTESIAN_POINT('',(9.7375E0,0.E0,6.2E0));
#6652=LINE('',#6651,#6650);
#6653=CURVE_STYLE('',#62,POSITIVE_LENGTH_MEASURE(2.E-2),#27);
#6654=PRESENTATION_STYLE_ASSIGNMENT((#6653));
#6655=STYLED_ITEM('',(#6654),#6652);
#6656=DIRECTION('',(1.E0,0.E0,0.E0));
#6657=VECTOR('',#6656,4.125E0);
#6658=CARTESIAN_POINT('',(5.6125E0,0.E0,6.2E0));
#6659=LINE('',#6658,#6657);
#6660=CURVE_STYLE('',#62,POSITIVE_LENGTH_MEASURE(2.E-2),#27);
#6661=PRESENTATION_STYLE_ASSIGNMENT((#6660));
#6662=STYLED_ITEM('',(#6661),#6659);
#6663=DIRECTION('',(0.E0,-1.E0,0.E0));
#6664=VECTOR('',#6663,5.5E0);
#6665=CARTESIAN_POINT('',(5.6125E0,5.5E0,6.2E0));
#6666=LINE('',#6665,#6664);
#6667=CURVE_STYLE('',#62,POSITIVE_LENGTH_MEASURE(2.E-2),#27);
#6668=PRESENTATION_STYLE_ASSIGNMENT((#6667));
#6669=STYLED_ITEM('',(#6668),#6666);
#6670=DIRECTION('',(-1.E0,0.E0,0.E0));
#6671=VECTOR('',#6670,4.125E0);
#6672=CARTESIAN_POINT('',(9.7375E0,5.5E0,6.2E0));
#6673=LINE('',#6672,#6671);
#6674=CURVE_STYLE('',#62,POSITIVE_LENGTH_MEASURE(2.E-2),#27);
#6675=PRESENTATION_STYLE_ASSIGNMENT((#6674));
#6676=STYLED_ITEM('',(#6675),#6673);
#6677=DIRECTION('',(0.E0,1.E0,0.E0));
#6678=VECTOR('',#6677,7.021275758743E-1);
#6679=CARTESIAN_POINT('',(9.7375E0,4.797872424126E0,6.2E0));
#6680=LINE('',#6679,#6678);
#6681=CURVE_STYLE('',#62,POSITIVE_LENGTH_MEASURE(2.E-2),#27);
#6682=PRESENTATION_STYLE_ASSIGNMENT((#6681));
#6683=STYLED_ITEM('',(#6682),#6680);
#6684=DIRECTION('',(1.E0,0.E0,0.E0));
#6685=VECTOR('',#6684,3.4375E0);
#6686=CARTESIAN_POINT('',(6.3E0,4.797872424126E0,6.2E0));
#6687=LINE('',#6686,#6685);
#6688=CURVE_STYLE('',#62,POSITIVE_LENGTH_MEASURE(2.E-2),#27);
#6689=PRESENTATION_STYLE_ASSIGNMENT((#6688));
#6690=STYLED_ITEM('',(#6689),#6687);
#6691=DIRECTION('',(0.E0,1.E0,0.E0));
#6692=VECTOR('',#6691,1.521276742220E0);
#6693=CARTESIAN_POINT('',(6.3E0,3.276595681906E0,6.2E0));
#6694=LINE('',#6693,#6692);
#6695=CURVE_STYLE('',#62,POSITIVE_LENGTH_MEASURE(2.E-2),#27);
#6696=PRESENTATION_STYLE_ASSIGNMENT((#6695));
#6697=STYLED_ITEM('',(#6696),#6694);
#6698=DIRECTION('',(-1.E0,0.E0,0.E0));
#6699=VECTOR('',#6698,2.979167103767E0);
#6700=CARTESIAN_POINT('',(9.279167103767E0,3.276595681906E0,6.2E0));
#6701=LINE('',#6700,#6699);
#6702=CURVE_STYLE('',#62,POSITIVE_LENGTH_MEASURE(2.E-2),#27);
#6703=PRESENTATION_STYLE_ASSIGNMENT((#6702));
#6704=STYLED_ITEM('',(#6703),#6701);
#6705=DIRECTION('',(0.E0,1.E0,0.E0));
#6706=VECTOR('',#6705,7.021275758743E-1);
#6707=CARTESIAN_POINT('',(9.279167103767E0,2.574468106031E0,6.2E0));
#6708=LINE('',#6707,#6706);
#6709=CURVE_STYLE('',#62,POSITIVE_LENGTH_MEASURE(2.E-2),#27);
#6710=PRESENTATION_STYLE_ASSIGNMENT((#6709));
#6711=STYLED_ITEM('',(#6710),#6708);
#6712=DIRECTION('',(1.E0,0.E0,0.E0));
#6713=VECTOR('',#6712,2.979167103767E0);
#6714=CARTESIAN_POINT('',(6.3E0,2.574468106031E0,6.2E0));
#6715=LINE('',#6714,#6713);
#6716=CURVE_STYLE('',#62,POSITIVE_LENGTH_MEASURE(2.E-2),#27);
#6717=PRESENTATION_STYLE_ASSIGNMENT((#6716));
#6718=STYLED_ITEM('',(#6717),#6715);
#6719=DIRECTION('',(0.E0,1.E0,0.E0));
#6720=VECTOR('',#6719,1.872340448201E0);
#6721=CARTESIAN_POINT('',(6.3E0,7.021276578307E-1,6.2E0));
#6722=LINE('',#6721,#6720);
#6723=CURVE_STYLE('',#62,POSITIVE_LENGTH_MEASURE(2.E-2),#27);
#6724=PRESENTATION_STYLE_ASSIGNMENT((#6723));
#6725=STYLED_ITEM('',(#6724),#6722);
#6726=DIRECTION('',(0.E0,-1.E0,0.E0));
#6727=VECTOR('',#6726,4.787234142423E-1);
#6728=CARTESIAN_POINT('',(-7.95E0,-5.171276585758E0,6.2E0));
#6729=LINE('',#6728,#6727);
#6730=CURVE_STYLE('',#62,POSITIVE_LENGTH_MEASURE(2.E-2),#27);
#6731=PRESENTATION_STYLE_ASSIGNMENT((#6730));
#6732=STYLED_ITEM('',(#6731),#6729);
#6733=DIRECTION('',(-7.389229549020E-1,-6.737899277363E-1,0.E0));
#6734=VECTOR('',#6733,3.552467673630E0);
#6735=CARTESIAN_POINT('',(-5.325000089407E0,-2.777659648657E0,6.2E0));
#6736=LINE('',#6735,#6734);
#6737=CURVE_STYLE('',#62,POSITIVE_LENGTH_MEASURE(2.E-2),#27);
#6738=PRESENTATION_STYLE_ASSIGNMENT((#6737));
#6739=STYLED_ITEM('',(#6738),#6736);
#6740=DIRECTION('',(-4.397136649566E-1,-8.981380143666E-1,0.E0));
#6741=VECTOR('',#6740,4.264140606716E-1);
#6742=CARTESIAN_POINT('',(-5.1375E0,-2.394680970907E0,6.2E0));
#6743=LINE('',#6742,#6741);
#6744=CURVE_STYLE('',#62,POSITIVE_LENGTH_MEASURE(2.E-2),#27);
#6745=PRESENTATION_STYLE_ASSIGNMENT((#6744));
#6746=STYLED_ITEM('',(#6745),#6743);
#6747=DIRECTION('',(0.E0,-1.E0,0.E0));
#6748=VECTOR('',#6747,1.914896070957E-1);
#6749=CARTESIAN_POINT('',(-5.1375E0,-2.203191363811E0,6.2E0));
#6750=LINE('',#6749,#6748);
#6751=CURVE_STYLE('',#62,POSITIVE_LENGTH_MEASURE(2.E-2),#27);
#6752=PRESENTATION_STYLE_ASSIGNMENT((#6751));
#6753=STYLED_ITEM('',(#6752),#6750);
#6754=DIRECTION('',(5.466227293958E-1,-8.373790012342E-1,0.E0));
#6755=VECTOR('',#6754,3.430155376346E-1);
#6756=CARTESIAN_POINT('',(-5.325000089407E0,-1.915957355499E0,6.2E0));
#6757=LINE('',#6756,#6755);
#6758=CURVE_STYLE('',#62,POSITIVE_LENGTH_MEASURE(2.E-2),#27);
#6759=PRESENTATION_STYLE_ASSIGNMENT((#6758));
#6760=STYLED_ITEM('',(#6759),#6757);
#6761=DIRECTION('',(8.265992787996E-1,-5.627909312417E-1,0.E0));
#6762=VECTOR('',#6761,3.402495105106E-1);
#6763=CARTESIAN_POINT('',(-5.606250089407E0,-1.724468016624E0,6.2E0));
#6764=LINE('',#6763,#6762);
#6765=CURVE_STYLE('',#62,POSITIVE_LENGTH_MEASURE(2.E-2),#27);
#6766=PRESENTATION_STYLE_ASSIGNMENT((#6765));
#6767=STYLED_ITEM('',(#6766),#6764);
#6768=DIRECTION('',(9.797707055361E-1,-2.001233733807E-1,0.E0));
#6769=VECTOR('',#6768,4.784282206519E-1);
#6770=CARTESIAN_POINT('',(-6.075000044703E0,-1.628723347187E0,6.2E0));
#6771=LINE('',#6770,#6769);
#6772=CURVE_STYLE('',#62,POSITIVE_LENGTH_MEASURE(2.E-2),#27);
#6773=PRESENTATION_STYLE_ASSIGNMENT((#6772));
#6774=STYLED_ITEM('',(#6773),#6771);
#6775=DIRECTION('',(1.E0,0.E0,0.E0));
#6776=VECTOR('',#6775,3.749999105930E-1);
#6777=CARTESIAN_POINT('',(-6.449999955297E0,-1.628723347187E0,6.2E0));
#6778=LINE('',#6777,#6776);
#6779=CURVE_STYLE('',#62,POSITIVE_LENGTH_MEASURE(2.E-2),#27);
#6780=PRESENTATION_STYLE_ASSIGNMENT((#6779));
#6781=STYLED_ITEM('',(#6780),#6778);
#6782=DIRECTION('',(9.797707111493E-1,2.001233458994E-1,0.E0));
#6783=VECTOR('',#6782,4.784282863507E-1);
#6784=CARTESIAN_POINT('',(-6.918749977648E0,-1.724468016624E0,6.2E0));
#6785=LINE('',#6784,#6783);
#6786=CURVE_STYLE('',#62,POSITIVE_LENGTH_MEASURE(2.E-2),#27);
#6787=PRESENTATION_STYLE_ASSIGNMENT((#6786));
#6788=STYLED_ITEM('',(#6787),#6785);
#6789=DIRECTION('',(8.265992787996E-1,5.627909312417E-1,0.E0));
#6790=VECTOR('',#6789,3.402495105106E-1);
#6791=CARTESIAN_POINT('',(-7.199999977648E0,-1.915957355499E0,6.2E0));
#6792=LINE('',#6791,#6790);
#6793=CURVE_STYLE('',#62,POSITIVE_LENGTH_MEASURE(2.E-2),#27);
#6794=PRESENTATION_STYLE_ASSIGNMENT((#6793));
#6795=STYLED_ITEM('',(#6794),#6792);
#6796=DIRECTION('',(5.466225923193E-1,8.373790907147E-1,0.E0));
#6797=VECTOR('',#6796,3.430155009807E-1);
#6798=CARTESIAN_POINT('',(-7.3875E0,-2.203191363811E0,6.2E0));
#6799=LINE('',#6798,#6797);
#6800=CURVE_STYLE('',#62,POSITIVE_LENGTH_MEASURE(2.E-2),#27);
#6801=PRESENTATION_STYLE_ASSIGNMENT((#6800));
#6802=STYLED_ITEM('',(#6801),#6799);
#6803=DIRECTION('',(1.E0,0.E0,0.E0));
#6804=VECTOR('',#6803,4.687499972060E-1);
#6805=CARTESIAN_POINT('',(-7.856249997206E0,-2.203191363811E0,6.2E0));
#6806=LINE('',#6805,#6804);
#6807=CURVE_STYLE('',#62,POSITIVE_LENGTH_MEASURE(2.E-2),#27);
#6808=PRESENTATION_STYLE_ASSIGNMENT((#6807));
#6809=STYLED_ITEM('',(#6808),#6806);
#6810=DIRECTION('',(-2.377713591533E-1,-9.713211522284E-1,0.E0));
#6811=VECTOR('',#6810,3.942863561356E-1);
#6812=CARTESIAN_POINT('',(-7.762499994412E0,-1.820212686062E0,6.2E0));
#6813=LINE('',#6812,#6811);
#6814=CURVE_STYLE('',#62,POSITIVE_LENGTH_MEASURE(2.E-2),#27);
#6815=PRESENTATION_STYLE_ASSIGNMENT((#6814));
#6816=STYLED_ITEM('',(#6815),#6813);
#6817=DIRECTION('',(-6.996248298646E-1,-7.145103900133E-1,0.E0));
#6818=VECTOR('',#6817,5.360015516954E-1);
#6819=CARTESIAN_POINT('',(-7.3875E0,-1.437234008312E0,6.2E0));
#6820=LINE('',#6819,#6818);
#6821=CURVE_STYLE('',#62,POSITIVE_LENGTH_MEASURE(2.E-2),#27);
#6822=PRESENTATION_STYLE_ASSIGNMENT((#6821));
#6823=STYLED_ITEM('',(#6822),#6820);
#6824=DIRECTION('',(-8.906052758868E-1,-4.547771350481E-1,0.E0));
#6825=VECTOR('',#6824,4.210619314767E-1);
#6826=CARTESIAN_POINT('',(-7.012500022352E0,-1.245744669437E0,6.2E0));
#6827=LINE('',#6826,#6825);
#6828=CURVE_STYLE('',#62,POSITIVE_LENGTH_MEASURE(2.E-2),#27);
#6829=PRESENTATION_STYLE_ASSIGNMENT((#6828));
#6830=STYLED_ITEM('',(#6829),#6827);
#6831=DIRECTION('',(-9.895240333173E-1,-1.443682357291E-1,0.E0));
#6832=VECTOR('',#6831,6.631976137540E-1);
#6833=CARTESIAN_POINT('',(-6.356250044703E0,-1.15E0,6.2E0));
#6834=LINE('',#6833,#6832);
#6835=CURVE_STYLE('',#62,POSITIVE_LENGTH_MEASURE(2.E-2),#27);
#6836=PRESENTATION_STYLE_ASSIGNMENT((#6835));
#6837=STYLED_ITEM('',(#6836),#6834);
#6838=DIRECTION('',(-1.E0,0.E0,0.E0));
#6839=VECTOR('',#6838,3.750000447035E-1);
#6840=CARTESIAN_POINT('',(-5.98125E0,-1.15E0,6.2E0));
#6841=LINE('',#6840,#6839);
#6842=CURVE_STYLE('',#62,POSITIVE_LENGTH_MEASURE(2.E-2),#27);
#6843=PRESENTATION_STYLE_ASSIGNMENT((#6842));
#6844=STYLED_ITEM('',(#6843),#6841);
#6845=DIRECTION('',(-9.858211730931E-1,1.677993286083E-1,0.E0));
#6846=VECTOR('',#6845,5.705903011143E-1);
#6847=CARTESIAN_POINT('',(-5.41875E0,-1.245744669437E0,6.2E0));
#6848=LINE('',#6847,#6846);
#6849=CURVE_STYLE('',#62,POSITIVE_LENGTH_MEASURE(2.E-2),#27);
#6850=PRESENTATION_STYLE_ASSIGNMENT((#6849));
#6851=STYLED_ITEM('',(#6850),#6848);
#6852=DIRECTION('',(-8.906052429498E-1,4.547771995497E-1,0.E0));
#6853=VECTOR('',#6852,4.210618717570E-1);
#6854=CARTESIAN_POINT('',(-5.043750089407E0,-1.437234008312E0,6.2E0));
#6855=LINE('',#6854,#6853);
#6856=CURVE_STYLE('',#62,POSITIVE_LENGTH_MEASURE(2.E-2),#27);
#6857=PRESENTATION_STYLE_ASSIGNMENT((#6856));
#6858=STYLED_ITEM('',(#6857),#6855);
#6859=DIRECTION('',(-6.996250055017E-1,7.145102180353E-1,0.E0));
#6860=VECTOR('',#6859,5.360016807076E-1);
#6861=CARTESIAN_POINT('',(-4.668749910593E0,-1.820212686062E0,6.2E0));
#6862=LINE('',#6861,#6860);
#6863=CURVE_STYLE('',#62,POSITIVE_LENGTH_MEASURE(2.E-2),#27);
#6864=PRESENTATION_STYLE_ASSIGNMENT((#6863));
#6865=STYLED_ITEM('',(#6864),#6862);
#6866=DIRECTION('',(-2.377711385310E-1,9.713212062349E-1,0.E0));
#6867=VECTOR('',#6866,3.942863342129E-1);
#6868=CARTESIAN_POINT('',(-4.575E0,-2.203191363811E0,6.2E0));
#6869=LINE('',#6868,#6867);
#6870=CURVE_STYLE('',#62,POSITIVE_LENGTH_MEASURE(2.E-2),#27);
#6871=PRESENTATION_STYLE_ASSIGNMENT((#6870));
#6872=STYLED_ITEM('',(#6871),#6869);
#6873=DIRECTION('',(0.E0,1.E0,0.E0));
#6874=VECTOR('',#6873,1.914896070957E-1);
#6875=CARTESIAN_POINT('',(-4.575E0,-2.394680970907E0,6.2E0));
#6876=LINE('',#6875,#6874);
#6877=CURVE_STYLE('',#62,POSITIVE_LENGTH_MEASURE(2.E-2),#27);
#6878=PRESENTATION_STYLE_ASSIGNMENT((#6877));
#6879=STYLED_ITEM('',(#6878),#6876);
#6880=DIRECTION('',(2.377711385310E-1,9.713212062349E-1,0.E0));
#6881=VECTOR('',#6880,3.942863342129E-1);
#6882=CARTESIAN_POINT('',(-4.668749910593E0,-2.777659648657E0,6.2E0));
#6883=LINE('',#6882,#6881);
#6884=CURVE_STYLE('',#62,POSITIVE_LENGTH_MEASURE(2.E-2),#27);
#6885=PRESENTATION_STYLE_ASSIGNMENT((#6884));
#6886=STYLED_ITEM('',(#6885),#6883);
#6887=DIRECTION('',(5.466227293958E-1,8.373790012342E-1,0.E0));
#6888=VECTOR('',#6887,3.430155376346E-1);
#6889=CARTESIAN_POINT('',(-4.85625E0,-3.064893656969E0,6.2E0));
#6890=LINE('',#6889,#6888);
#6891=CURVE_STYLE('',#62,POSITIVE_LENGTH_MEASURE(2.E-2),#27);
#6892=PRESENTATION_STYLE_ASSIGNMENT((#6891));
#6893=STYLED_ITEM('',(#6892),#6890);
#6894=DIRECTION('',(7.437660872566E-1,6.684399804373E-1,0.E0));
#6895=VECTOR('',#6894,3.151192314096E0);
#6896=CARTESIAN_POINT('',(-7.199999977648E0,-5.171276585758E0,6.2E0));
#6897=LINE('',#6896,#6895);
#6898=CURVE_STYLE('',#62,POSITIVE_LENGTH_MEASURE(2.E-2),#27);
#6899=PRESENTATION_STYLE_ASSIGNMENT((#6898));
#6900=STYLED_ITEM('',(#6899),#6897);
#6901=DIRECTION('',(-1.E0,0.E0,0.E0));
#6902=VECTOR('',#6901,2.624999977648E0);
#6903=CARTESIAN_POINT('',(-4.575E0,-5.171276585758E0,6.2E0));
#6904=LINE('',#6903,#6902);
#6905=CURVE_STYLE('',#62,POSITIVE_LENGTH_MEASURE(2.E-2),#27);
#6906=PRESENTATION_STYLE_ASSIGNMENT((#6905));
#6907=STYLED_ITEM('',(#6906),#6904);
#6908=DIRECTION('',(0.E0,1.E0,0.E0));
#6909=VECTOR('',#6908,4.787234142423E-1);
#6910=CARTESIAN_POINT('',(-4.575E0,-5.65E0,6.2E0));
#6911=LINE('',#6910,#6909);
#6912=CURVE_STYLE('',#62,POSITIVE_LENGTH_MEASURE(2.E-2),#27);
#6913=PRESENTATION_STYLE_ASSIGNMENT((#6912));
#6914=STYLED_ITEM('',(#6913),#6911);
#6915=DIRECTION('',(1.E0,0.E0,0.E0));
#6916=VECTOR('',#6915,3.375E0);
#6917=CARTESIAN_POINT('',(-7.95E0,-5.65E0,6.2E0));
#6918=LINE('',#6917,#6916);
#6919=CURVE_STYLE('',#62,POSITIVE_LENGTH_MEASURE(2.E-2),#27);
#6920=PRESENTATION_STYLE_ASSIGNMENT((#6919));
#6921=STYLED_ITEM('',(#6920),#6918);
#6922=DIRECTION('',(0.E0,-1.E0,0.E0));
#6923=VECTOR('',#6922,8.617020249367E-1);
#6924=CARTESIAN_POINT('',(-3.824999910593E0,-2.969148987532E0,6.2E0));
#6925=LINE('',#6924,#6923);
#6926=CURVE_STYLE('',#62,POSITIVE_LENGTH_MEASURE(2.E-2),#27);
#6927=PRESENTATION_STYLE_ASSIGNMENT((#6926));
#6928=STYLED_ITEM('',(#6927),#6925);
#6929=DIRECTION('',(-1.921826769043E-1,-9.813591690599E-1,0.E0));
#6930=VECTOR('',#6929,4.878166549823E-1);
#6931=CARTESIAN_POINT('',(-3.73125E0,-2.490425640345E0,6.2E0));
#6932=LINE('',#6931,#6930);
#6933=CURVE_STYLE('',#62,POSITIVE_LENGTH_MEASURE(2.E-2),#27);
#6934=PRESENTATION_STYLE_ASSIGNMENT((#6933));
#6935=STYLED_ITEM('',(#6934),#6932);
#6936=DIRECTION('',(-3.102795357040E-1,-9.506453648566E-1,0.E0));
#6937=VECTOR('',#6936,3.021466123452E-1);
#6938=CARTESIAN_POINT('',(-3.637500089407E0,-2.203191363811E0,6.2E0));
#6939=LINE('',#6938,#6937);
#6940=CURVE_STYLE('',#62,POSITIVE_LENGTH_MEASURE(2.E-2),#27);
#6941=PRESENTATION_STYLE_ASSIGNMENT((#6940));
#6942=STYLED_ITEM('',(#6941),#6939);
#6943=DIRECTION('',(-4.397136649566E-1,-8.981380143666E-1,0.E0));
#6944=VECTOR('',#6943,4.264140606716E-1);
#6945=CARTESIAN_POINT('',(-3.45E0,-1.820212686062E0,6.2E0));
#6946=LINE('',#6945,#6944);
#6947=CURVE_STYLE('',#62,POSITIVE_LENGTH_MEASURE(2.E-2),#27);
#6948=PRESENTATION_STYLE_ASSIGNMENT((#6947));
#6949=STYLED_ITEM('',(#6948),#6946);
#6950=DIRECTION('',(-6.996248351869E-1,-7.145103848018E-1,0.E0));
#6951=VECTOR('',#6950,4.020011667037E-1);
#6952=CARTESIAN_POINT('',(-3.16875E0,-1.532978677750E0,6.2E0));
#6953=LINE('',#6952,#6951);
#6954=CURVE_STYLE('',#62,POSITIVE_LENGTH_MEASURE(2.E-2),#27);
#6955=PRESENTATION_STYLE_ASSIGNMENT((#6954));
#6956=STYLED_ITEM('',(#6955),#6953);
#6957=DIRECTION('',(-8.526533338197E-1,-5.224770734933E-1,0.E0));
#6958=VECTOR('',#6957,5.497542818324E-1);
#6959=CARTESIAN_POINT('',(-2.700000178814E0,-1.245744669437E0,6.2E0));
#6960=LINE('',#6959,#6958);
#6961=CURVE_STYLE('',#62,POSITIVE_LENGTH_MEASURE(2.E-2),#27);
#6962=PRESENTATION_STYLE_ASSIGNMENT((#6961));
#6963=STYLED_ITEM('',(#6962),#6960);
#6964=DIRECTION('',(-9.858211730931E-1,-1.677993286083E-1,0.E0));
#6965=VECTOR('',#6964,5.705903011143E-1);
#6966=CARTESIAN_POINT('',(-2.137500178814E0,-1.15E0,6.2E0));
#6967=LINE('',#6966,#6965);
#6968=CURVE_STYLE('',#62,POSITIVE_LENGTH_MEASURE(2.E-2),#27);
#6969=PRESENTATION_STYLE_ASSIGNMENT((#6968));
#6970=STYLED_ITEM('',(#6969),#6967);
#6971=DIRECTION('',(-9.858211730931E-1,1.677993286083E-1,0.E0));
#6972=VECTOR('',#6971,5.705903011143E-1);
#6973=CARTESIAN_POINT('',(-1.575000178814E0,-1.245744669437E0,6.2E0));
#6974=LINE('',#6973,#6972);
#6975=CURVE_STYLE('',#62,POSITIVE_LENGTH_MEASURE(2.E-2),#27);
#6976=PRESENTATION_STYLE_ASSIGNMENT((#6975));
#6977=STYLED_ITEM('',(#6976),#6974);
#6978=DIRECTION('',(-8.526536001913E-1,5.224766387895E-1,0.E0));
#6979=VECTOR('',#6978,5.497547392314E-1);
#6980=CARTESIAN_POINT('',(-1.106249821186E0,-1.532978677750E0,6.2E0));
#6981=LINE('',#6980,#6979);
#6982=CURVE_STYLE('',#62,POSITIVE_LENGTH_MEASURE(2.E-2),#27);
#6983=PRESENTATION_STYLE_ASSIGNMENT((#6982));
#6984=STYLED_ITEM('',(#6983),#6981);
#6985=DIRECTION('',(-6.996248351869E-1,7.145103848018E-1,0.E0));
#6986=VECTOR('',#6985,4.020011667037E-1);
#6987=CARTESIAN_POINT('',(-8.249998211861E-1,-1.820212686062E0,6.2E0));
#6988=LINE('',#6987,#6986);
#6989=CURVE_STYLE('',#62,POSITIVE_LENGTH_MEASURE(2.E-2),#27);
#6990=PRESENTATION_STYLE_ASSIGNMENT((#6989));
#6991=STYLED_ITEM('',(#6990),#6988);
#6992=DIRECTION('',(-4.397131575602E-1,8.981382627794E-1,0.E0));
#6993=VECTOR('',#6992,4.264139427313E-1);
#6994=CARTESIAN_POINT('',(-6.375E-1,-2.203191363811E0,6.2E0));
#6995=LINE('',#6994,#6993);
#6996=CURVE_STYLE('',#62,POSITIVE_LENGTH_MEASURE(2.E-2),#27);
#6997=PRESENTATION_STYLE_ASSIGNMENT((#6996));
#6998=STYLED_ITEM('',(#6997),#6995);
#6999=DIRECTION('',(-3.102803379578E-1,9.506451030099E-1,0.E0));
#7000=VECTOR('',#6999,3.021466955688E-1);
#7001=CARTESIAN_POINT('',(-5.437498211861E-1,-2.490425640345E0,6.2E0));
#7002=LINE('',#7001,#7000);
#7003=CURVE_STYLE('',#62,POSITIVE_LENGTH_MEASURE(2.E-2),#27);
#7004=PRESENTATION_STYLE_ASSIGNMENT((#7003));
#7005=STYLED_ITEM('',(#7004),#7002);
#7006=DIRECTION('',(-1.921821473726E-1,9.813592727596E-1,0.E0));
#7007=VECTOR('',#7006,4.878166034350E-1);
#7008=CARTESIAN_POINT('',(-4.500001788139E-1,-2.969148987532E0,6.2E0));
#7009=LINE('',#7008,#7007);
#7010=CURVE_STYLE('',#62,POSITIVE_LENGTH_MEASURE(2.E-2),#27);
#7011=PRESENTATION_STYLE_ASSIGNMENT((#7010));
#7012=STYLED_ITEM('',(#7011),#7009);
#7013=DIRECTION('',(0.E0,1.E0,0.E0));
#7014=VECTOR('',#7013,8.617020249367E-1);
#7015=CARTESIAN_POINT('',(-4.500001788139E-1,-3.830851012468E0,6.2E0));
#7016=LINE('',#7015,#7014);
#7017=CURVE_STYLE('',#62,POSITIVE_LENGTH_MEASURE(2.E-2),#27);
#7018=PRESENTATION_STYLE_ASSIGNMENT((#7017));
#7019=STYLED_ITEM('',(#7018),#7016);
#7020=DIRECTION('',(1.921820955228E-1,9.813592829135E-1,0.E0));
#7021=VECTOR('',#7020,4.878167350455E-1);
#7022=CARTESIAN_POINT('',(-5.437498211861E-1,-4.309574493766E0,6.2E0));
#7023=LINE('',#7022,#7021);
#7024=CURVE_STYLE('',#62,POSITIVE_LENGTH_MEASURE(2.E-2),#27);
#7025=PRESENTATION_STYLE_ASSIGNMENT((#7024));
#7026=STYLED_ITEM('',(#7025),#7023);
#7027=DIRECTION('',(3.102805998049E-1,9.506450175458E-1,0.E0));
#7028=VECTOR('',#7027,3.021464405859E-1);
#7029=CARTESIAN_POINT('',(-6.375E-1,-4.596808502078E0,6.2E0));
#7030=LINE('',#7029,#7028);
#7031=CURVE_STYLE('',#62,POSITIVE_LENGTH_MEASURE(2.E-2),#27);
#7032=PRESENTATION_STYLE_ASSIGNMENT((#7031));
#7033=STYLED_ITEM('',(#7032),#7030);
#7034=DIRECTION('',(4.397130954570E-1,8.981382931841E-1,0.E0));
#7035=VECTOR('',#7034,4.264140029562E-1);
#7036=CARTESIAN_POINT('',(-8.249998211861E-1,-4.979787246883E0,6.2E0));
#7037=LINE('',#7036,#7035);
#7038=CURVE_STYLE('',#62,POSITIVE_LENGTH_MEASURE(2.E-2),#27);
#7039=PRESENTATION_STYLE_ASSIGNMENT((#7038));
#7040=STYLED_ITEM('',(#7039),#7037);
#7041=DIRECTION('',(6.996247934953E-1,7.145104256249E-1,0.E0));
#7042=VECTOR('',#7041,4.020011906595E-1);
#7043=CARTESIAN_POINT('',(-1.106249821186E0,-5.267021288723E0,6.2E0));
#7044=LINE('',#7043,#7042);
#7045=CURVE_STYLE('',#62,POSITIVE_LENGTH_MEASURE(2.E-2),#27);
#7046=PRESENTATION_STYLE_ASSIGNMENT((#7045));
#7047=STYLED_ITEM('',(#7046),#7044);
#7048=DIRECTION('',(8.526535798146E-1,5.224766720432E-1,0.E0));
#7049=VECTOR('',#7048,5.497547523694E-1);
#7050=CARTESIAN_POINT('',(-1.575000178814E0,-5.554255322181E0,6.2E0));
#7051=LINE('',#7050,#7049);
#7052=CURVE_STYLE('',#62,POSITIVE_LENGTH_MEASURE(2.E-2),#27);
#7053=PRESENTATION_STYLE_ASSIGNMENT((#7052));
#7054=STYLED_ITEM('',(#7053),#7051);
#7055=DIRECTION('',(9.858211706631E-1,1.677993428846E-1,0.E0));
#7056=VECTOR('',#7055,5.705903025208E-1);
#7057=CARTESIAN_POINT('',(-2.137500178814E0,-5.65E0,6.2E0));
#7058=LINE('',#7057,#7056);
#7059=CURVE_STYLE('',#62,POSITIVE_LENGTH_MEASURE(2.E-2),#27);
#7060=PRESENTATION_STYLE_ASSIGNMENT((#7059));
#7061=STYLED_ITEM('',(#7060),#7058);
#7062=DIRECTION('',(9.858211706631E-1,-1.677993428846E-1,0.E0));
#7063=VECTOR('',#7062,5.705903025208E-1);
#7064=CARTESIAN_POINT('',(-2.700000178814E0,-5.554255322181E0,6.2E0));
#7065=LINE('',#7064,#7063);
#7066=CURVE_STYLE('',#62,POSITIVE_LENGTH_MEASURE(2.E-2),#27);
#7067=PRESENTATION_STYLE_ASSIGNMENT((#7066));
#7068=STYLED_ITEM('',(#7067),#7065);
#7069=DIRECTION('',(8.526533134429E-1,-5.224771067470E-1,0.E0));
#7070=VECTOR('',#7069,5.497542949705E-1);
#7071=CARTESIAN_POINT('',(-3.16875E0,-5.267021288723E0,6.2E0));
#7072=LINE('',#7071,#7070);
#7073=CURVE_STYLE('',#62,POSITIVE_LENGTH_MEASURE(2.E-2),#27);
#7074=PRESENTATION_STYLE_ASSIGNMENT((#7073));
#7075=STYLED_ITEM('',(#7074),#7072);
#7076=DIRECTION('',(6.996247934953E-1,-7.145104256249E-1,0.E0));
#7077=VECTOR('',#7076,4.020011906595E-1);
#7078=CARTESIAN_POINT('',(-3.45E0,-4.979787246883E0,6.2E0));
#7079=LINE('',#7078,#7077);
#7080=CURVE_STYLE('',#62,POSITIVE_LENGTH_MEASURE(2.E-2),#27);
#7081=PRESENTATION_STYLE_ASSIGNMENT((#7080));
#7082=STYLED_ITEM('',(#7081),#7079);
#7083=DIRECTION('',(4.397136028534E-1,-8.981380447713E-1,0.E0));
#7084=VECTOR('',#7083,4.264141208965E-1);
#7085=CARTESIAN_POINT('',(-3.637500089407E0,-4.596808502078E0,6.2E0));
#7086=LINE('',#7085,#7084);
#7087=CURVE_STYLE('',#62,POSITIVE_LENGTH_MEASURE(2.E-2),#27);
#7088=PRESENTATION_STYLE_ASSIGNMENT((#7087));
#7089=STYLED_ITEM('',(#7088),#7086);
#7090=DIRECTION('',(3.102797975506E-1,-9.506452793929E-1,0.E0));
#7091=VECTOR('',#7090,3.021463573623E-1);
#7092=CARTESIAN_POINT('',(-3.73125E0,-4.309574493766E0,6.2E0));
#7093=LINE('',#7092,#7091);
#7094=CURVE_STYLE('',#62,POSITIVE_LENGTH_MEASURE(2.E-2),#27);
#7095=PRESENTATION_STYLE_ASSIGNMENT((#7094));
#7096=STYLED_ITEM('',(#7095),#7093);
#7097=DIRECTION('',(1.921826250544E-1,-9.813591792138E-1,0.E0));
#7098=VECTOR('',#7097,4.878167865929E-1);
#7099=CARTESIAN_POINT('',(-3.824999910593E0,-3.830851012468E0,6.2E0));
#7100=LINE('',#7099,#7098);
#7101=CURVE_STYLE('',#62,POSITIVE_LENGTH_MEASURE(2.E-2),#27);
#7102=PRESENTATION_STYLE_ASSIGNMENT((#7101));
#7103=STYLED_ITEM('',(#7102),#7100);
#7104=DIRECTION('',(1.610631980374E-1,9.869440947885E-1,0.E0));
#7105=VECTOR('',#7104,5.820674338677E-1);
#7106=CARTESIAN_POINT('',(-3.356249821186E0,-3.064893656969E0,6.2E0));
#7107=LINE('',#7106,#7105);
#7108=CURVE_STYLE('',#62,POSITIVE_LENGTH_MEASURE(2.E-2),#27);
#7109=PRESENTATION_STYLE_ASSIGNMENT((#7108));
#7110=STYLED_ITEM('',(#7109),#7107);
#7111=DIRECTION('',(0.E0,1.E0,0.E0));
#7112=VECTOR('',#7111,6.702126860619E-1);
#7113=CARTESIAN_POINT('',(-3.356249821186E0,-3.735106343031E0,6.2E0));
#7114=LINE('',#7113,#7112);
#7115=CURVE_STYLE('',#62,POSITIVE_LENGTH_MEASURE(2.E-2),#27);
#7116=PRESENTATION_STYLE_ASSIGNMENT((#7115));
#7117=STYLED_ITEM('',(#7116),#7114);
#7118=DIRECTION('',(-1.610631614123E-1,9.869441007655E-1,0.E0));
#7119=VECTOR('',#7118,5.820675662272E-1);
#7120=CARTESIAN_POINT('',(-3.262500178814E0,-4.309574493766E0,6.2E0));
#7121=LINE('',#7120,#7119);
#7122=CURVE_STYLE('',#62,POSITIVE_LENGTH_MEASURE(2.E-2),#27);
#7123=PRESENTATION_STYLE_ASSIGNMENT((#7122));
#7124=STYLED_ITEM('',(#7123),#7121);
#7125=DIRECTION('',(-5.466226846555E-1,8.373790304396E-1,0.E0));
#7126=VECTOR('',#7125,6.860311314198E-1);
#7127=CARTESIAN_POINT('',(-2.8875E0,-4.884042577446E0,6.2E0));
#7128=LINE('',#7127,#7126);
#7129=CURVE_STYLE('',#62,POSITIVE_LENGTH_MEASURE(2.E-2),#27);
#7130=PRESENTATION_STYLE_ASSIGNMENT((#7129));
#7131=STYLED_ITEM('',(#7130),#7128);
#7132=DIRECTION('',(-8.265992787996E-1,5.627909312417E-1,0.E0));
#7133=VECTOR('',#7132,3.402495105106E-1);
#7134=CARTESIAN_POINT('',(-2.60625E0,-5.075531916320E0,6.2E0));
#7135=LINE('',#7134,#7133);
#7136=CURVE_STYLE('',#62,POSITIVE_LENGTH_MEASURE(2.E-2),#27);
#7137=PRESENTATION_STYLE_ASSIGNMENT((#7136));
#7138=STYLED_ITEM('',(#7137),#7135);
#7139=DIRECTION('',(-9.797706943097E-1,2.001234283435E-1,0.E0));
#7140=VECTOR('',#7139,4.784280892544E-1);
#7141=CARTESIAN_POINT('',(-2.137500178814E0,-5.171276585758E0,6.2E0));
#7142=LINE('',#7141,#7140);
#7143=CURVE_STYLE('',#62,POSITIVE_LENGTH_MEASURE(2.E-2),#27);
#7144=PRESENTATION_STYLE_ASSIGNMENT((#7143));
#7145=STYLED_ITEM('',(#7144),#7142);
#7146=DIRECTION('',(-9.797707392153E-1,-2.001232084928E-1,0.E0));
#7147=VECTOR('',#7146,4.784286148444E-1);
#7148=CARTESIAN_POINT('',(-1.668749821186E0,-5.075531916320E0,6.2E0));
#7149=LINE('',#7148,#7147);
#7150=CURVE_STYLE('',#62,POSITIVE_LENGTH_MEASURE(2.E-2),#27);
#7151=PRESENTATION_STYLE_ASSIGNMENT((#7150));
#7152=STYLED_ITEM('',(#7151),#7149);
#7153=DIRECTION('',(-8.265992787996E-1,-5.627909312417E-1,0.E0));
#7154=VECTOR('',#7153,3.402495105106E-1);
#7155=CARTESIAN_POINT('',(-1.387499821186E0,-4.884042577446E0,6.2E0));
#7156=LINE('',#7155,#7154);
#7157=CURVE_STYLE('',#62,POSITIVE_LENGTH_MEASURE(2.E-2),#27);
#7158=PRESENTATION_STYLE_ASSIGNMENT((#7157));
#7159=STYLED_ITEM('',(#7158),#7156);
#7160=DIRECTION('',(-5.466221363492E-1,-8.373793883617E-1,0.E0));
#7161=VECTOR('',#7160,6.860308381887E-1);
#7162=CARTESIAN_POINT('',(-1.012500178814E0,-4.309574493766E0,6.2E0));
#7163=LINE('',#7162,#7161);
#7164=CURVE_STYLE('',#62,POSITIVE_LENGTH_MEASURE(2.E-2),#27);
#7165=PRESENTATION_STYLE_ASSIGNMENT((#7164));
#7166=STYLED_ITEM('',(#7165),#7163);
#7167=DIRECTION('',(-1.610640591185E-1,-9.869439542650E-1,0.E0));
#7168=VECTOR('',#7167,5.820676526285E-1);
#7169=CARTESIAN_POINT('',(-9.1875E-1,-3.735106343031E0,6.2E0));
#7170=LINE('',#7169,#7168);
#7171=CURVE_STYLE('',#62,POSITIVE_LENGTH_MEASURE(2.E-2),#27);
#7172=PRESENTATION_STYLE_ASSIGNMENT((#7171));
#7173=STYLED_ITEM('',(#7172),#7170);
#7174=DIRECTION('',(0.E0,-1.E0,0.E0));
#7175=VECTOR('',#7174,6.702126860619E-1);
#7176=CARTESIAN_POINT('',(-9.1875E-1,-3.064893656969E0,6.2E0));
#7177=LINE('',#7176,#7175);
#7178=CURVE_STYLE('',#62,POSITIVE_LENGTH_MEASURE(2.E-2),#27);
#7179=PRESENTATION_STYLE_ASSIGNMENT((#7178));
#7180=STYLED_ITEM('',(#7179),#7177);
#7181=DIRECTION('',(1.610640957438E-1,-9.869439482880E-1,0.E0));
#7182=VECTOR('',#7181,5.820675202690E-1);
#7183=CARTESIAN_POINT('',(-1.012500178814E0,-2.490425640345E0,6.2E0));
#7184=LINE('',#7183,#7182);
#7185=CURVE_STYLE('',#62,POSITIVE_LENGTH_MEASURE(2.E-2),#27);
#7186=PRESENTATION_STYLE_ASSIGNMENT((#7185));
#7187=STYLED_ITEM('',(#7186),#7184);
#7188=DIRECTION('',(5.466220021285E-1,-8.373794759779E-1,0.E0));
#7189=VECTOR('',#7188,6.860310066407E-1);
#7190=CARTESIAN_POINT('',(-1.387499821186E0,-1.915957355499E0,6.2E0));
#7191=LINE('',#7190,#7189);
#7192=CURVE_STYLE('',#62,POSITIVE_LENGTH_MEASURE(2.E-2),#27);
#7193=PRESENTATION_STYLE_ASSIGNMENT((#7192));
#7194=STYLED_ITEM('',(#7193),#7191);
#7195=DIRECTION('',(8.265992787996E-1,-5.627909312417E-1,0.E0));
#7196=VECTOR('',#7195,3.402495105106E-1);
#7197=CARTESIAN_POINT('',(-1.668749821186E0,-1.724468016624E0,6.2E0));
#7198=LINE('',#7197,#7196);
#7199=CURVE_STYLE('',#62,POSITIVE_LENGTH_MEASURE(2.E-2),#27);
#7200=PRESENTATION_STYLE_ASSIGNMENT((#7199));
#7201=STYLED_ITEM('',(#7200),#7198);
#7202=DIRECTION('',(9.797707392153E-1,-2.001232084928E-1,0.E0));
#7203=VECTOR('',#7202,4.784286148444E-1);
#7204=CARTESIAN_POINT('',(-2.137500178814E0,-1.628723347187E0,6.2E0));
#7205=LINE('',#7204,#7203);
#7206=CURVE_STYLE('',#62,POSITIVE_LENGTH_MEASURE(2.E-2),#27);
#7207=PRESENTATION_STYLE_ASSIGNMENT((#7206));
#7208=STYLED_ITEM('',(#7207),#7205);
#7209=DIRECTION('',(9.797706943097E-1,2.001234283435E-1,0.E0));
#7210=VECTOR('',#7209,4.784280892544E-1);
#7211=CARTESIAN_POINT('',(-2.60625E0,-1.724468016624E0,6.2E0));
#7212=LINE('',#7211,#7210);
#7213=CURVE_STYLE('',#62,POSITIVE_LENGTH_MEASURE(2.E-2),#27);
#7214=PRESENTATION_STYLE_ASSIGNMENT((#7213));
#7215=STYLED_ITEM('',(#7214),#7212);
#7216=DIRECTION('',(8.265992787996E-1,5.627909312417E-1,0.E0));
#7217=VECTOR('',#7216,3.402495105106E-1);
#7218=CARTESIAN_POINT('',(-2.8875E0,-1.915957355499E0,6.2E0));
#7219=LINE('',#7218,#7217);
#7220=CURVE_STYLE('',#62,POSITIVE_LENGTH_MEASURE(2.E-2),#27);
#7221=PRESENTATION_STYLE_ASSIGNMENT((#7220));
#7222=STYLED_ITEM('',(#7221),#7219);
#7223=DIRECTION('',(5.466225504348E-1,8.373791180560E-1,0.E0));
#7224=VECTOR('',#7223,6.860312998717E-1);
#7225=CARTESIAN_POINT('',(-3.262500178814E0,-2.490425640345E0,6.2E0));
#7226=LINE('',#7225,#7224);
#7227=CURVE_STYLE('',#62,POSITIVE_LENGTH_MEASURE(2.E-2),#27);
#7228=PRESENTATION_STYLE_ASSIGNMENT((#7227));
#7229=STYLED_ITEM('',(#7228),#7226);
#7230=DIRECTION('',(0.E0,-1.E0,0.E0));
#7231=VECTOR('',#7230,4.787234142423E-1);
#7232=CARTESIAN_POINT('',(3.000001788139E-1,-5.171276585758E0,6.2E0));
#7233=LINE('',#7232,#7231);
#7234=CURVE_STYLE('',#62,POSITIVE_LENGTH_MEASURE(2.E-2),#27);
#7235=PRESENTATION_STYLE_ASSIGNMENT((#7234));
#7236=STYLED_ITEM('',(#7235),#7233);
#7237=DIRECTION('',(-7.389229891797E-1,-6.737898901451E-1,0.E0));
#7238=VECTOR('',#7237,3.552467871825E0);
#7239=CARTESIAN_POINT('',(2.925000357628E0,-2.777659648657E0,6.2E0));
#7240=LINE('',#7239,#7238);
#7241=CURVE_STYLE('',#62,POSITIVE_LENGTH_MEASURE(2.E-2),#27);
#7242=PRESENTATION_STYLE_ASSIGNMENT((#7241));
#7243=STYLED_ITEM('',(#7242),#7240);
#7244=DIRECTION('',(-4.397121427660E-1,-8.981387596046E-1,0.E0));
#7245=VECTOR('',#7244,4.264137068511E-1);
#7246=CARTESIAN_POINT('',(3.112499642372E0,-2.394680970907E0,6.2E0));
#7247=LINE('',#7246,#7245);
#7248=CURVE_STYLE('',#62,POSITIVE_LENGTH_MEASURE(2.E-2),#27);
#7249=PRESENTATION_STYLE_ASSIGNMENT((#7248));
#7250=STYLED_ITEM('',(#7249),#7247);
#7251=DIRECTION('',(0.E0,-1.E0,0.E0));
#7252=VECTOR('',#7251,1.914896070957E-1);
#7253=CARTESIAN_POINT('',(3.112499642372E0,-2.203191363811E0,6.2E0));
#7254=LINE('',#7253,#7252);
#7255=CURVE_STYLE('',#62,POSITIVE_LENGTH_MEASURE(2.E-2),#27);
#7256=PRESENTATION_STYLE_ASSIGNMENT((#7255));
#7257=STYLED_ITEM('',(#7256),#7254);
#7258=DIRECTION('',(5.466210844748E-1,-8.373800750004E-1,0.E0));
#7259=VECTOR('',#7258,3.430150977883E-1);
#7260=CARTESIAN_POINT('',(2.925000357628E0,-1.915957355499E0,6.2E0));
#7261=LINE('',#7260,#7259);
#7262=CURVE_STYLE('',#62,POSITIVE_LENGTH_MEASURE(2.E-2),#27);
#7263=PRESENTATION_STYLE_ASSIGNMENT((#7262));
#7264=STYLED_ITEM('',(#7263),#7261);
#7265=DIRECTION('',(8.265992787996E-1,-5.627909312417E-1,0.E0));
#7266=VECTOR('',#7265,3.402495105106E-1);
#7267=CARTESIAN_POINT('',(2.643750357628E0,-1.724468016624E0,6.2E0));
#7268=LINE('',#7267,#7266);
#7269=CURVE_STYLE('',#62,POSITIVE_LENGTH_MEASURE(2.E-2),#27);
#7270=PRESENTATION_STYLE_ASSIGNMENT((#7269));
#7271=STYLED_ITEM('',(#7270),#7268);
#7272=DIRECTION('',(9.797707392153E-1,-2.001232084928E-1,0.E0));
#7273=VECTOR('',#7272,4.784286148444E-1);
#7274=CARTESIAN_POINT('',(2.175E0,-1.628723347187E0,6.2E0));
#7275=LINE('',#7274,#7273);
#7276=CURVE_STYLE('',#62,POSITIVE_LENGTH_MEASURE(2.E-2),#27);
#7277=PRESENTATION_STYLE_ASSIGNMENT((#7276));
#7278=STYLED_ITEM('',(#7277),#7275);
#7279=DIRECTION('',(1.E0,0.E0,0.E0));
#7280=VECTOR('',#7279,3.749996423721E-1);
#7281=CARTESIAN_POINT('',(1.800000357628E0,-1.628723347187E0,6.2E0));
#7282=LINE('',#7281,#7280);
#7283=CURVE_STYLE('',#62,POSITIVE_LENGTH_MEASURE(2.E-2),#27);
#7284=PRESENTATION_STYLE_ASSIGNMENT((#7283));
#7285=STYLED_ITEM('',(#7284),#7282);
#7286=DIRECTION('',(9.797707392153E-1,2.001232084928E-1,0.E0));
#7287=VECTOR('',#7286,4.784286148444E-1);
#7288=CARTESIAN_POINT('',(1.33125E0,-1.724468016624E0,6.2E0));
#7289=LINE('',#7288,#7287);
#7290=CURVE_STYLE('',#62,POSITIVE_LENGTH_MEASURE(2.E-2),#27);
#7291=PRESENTATION_STYLE_ASSIGNMENT((#7290));
#7292=STYLED_ITEM('',(#7291),#7289);
#7293=DIRECTION('',(8.265992787996E-1,5.627909312417E-1,0.E0));
#7294=VECTOR('',#7293,3.402495105106E-1);
#7295=CARTESIAN_POINT('',(1.05E0,-1.915957355499E0,6.2E0));
#7296=LINE('',#7295,#7294);
#7297=CURVE_STYLE('',#62,POSITIVE_LENGTH_MEASURE(2.E-2),#27);
#7298=PRESENTATION_STYLE_ASSIGNMENT((#7297));
#7299=STYLED_ITEM('',(#7298),#7296);
#7300=DIRECTION('',(5.466221810895E-1,8.373793591563E-1,0.E0));
#7301=VECTOR('',#7300,3.430153910190E-1);
#7302=CARTESIAN_POINT('',(8.625001788139E-1,-2.203191363811E0,6.2E0));
#7303=LINE('',#7302,#7301);
#7304=CURVE_STYLE('',#62,POSITIVE_LENGTH_MEASURE(2.E-2),#27);
#7305=PRESENTATION_STYLE_ASSIGNMENT((#7304));
#7306=STYLED_ITEM('',(#7305),#7303);
#7307=DIRECTION('',(1.E0,0.E0,0.E0));
#7308=VECTOR('',#7307,4.687503576279E-1);
#7309=CARTESIAN_POINT('',(3.937498211861E-1,-2.203191363811E0,6.2E0));
#7310=LINE('',#7309,#7308);
#7311=CURVE_STYLE('',#62,POSITIVE_LENGTH_MEASURE(2.E-2),#27);
#7312=PRESENTATION_STYLE_ASSIGNMENT((#7311));
#7313=STYLED_ITEM('',(#7312),#7310);
#7314=DIRECTION('',(-2.377717803411E-1,-9.713210491251E-1,0.E0));
#7315=VECTOR('',#7314,3.942863979882E-1);
#7316=CARTESIAN_POINT('',(4.875E-1,-1.820212686062E0,6.2E0));
#7317=LINE('',#7316,#7315);
#7318=CURVE_STYLE('',#62,POSITIVE_LENGTH_MEASURE(2.E-2),#27);
#7319=PRESENTATION_STYLE_ASSIGNMENT((#7318));
#7320=STYLED_ITEM('',(#7319),#7317);
#7321=DIRECTION('',(-6.996250055017E-1,-7.145102180353E-1,0.E0));
#7322=VECTOR('',#7321,5.360016807076E-1);
#7323=CARTESIAN_POINT('',(8.625001788139E-1,-1.437234008312E0,6.2E0));
#7324=LINE('',#7323,#7322);
#7325=CURVE_STYLE('',#62,POSITIVE_LENGTH_MEASURE(2.E-2),#27);
#7326=PRESENTATION_STYLE_ASSIGNMENT((#7325));
#7327=STYLED_ITEM('',(#7326),#7324);
#7328=DIRECTION('',(-8.906053746977E-1,-4.547769415434E-1,0.E0));
#7329=VECTOR('',#7328,4.210621106359E-1);
#7330=CARTESIAN_POINT('',(1.237500357628E0,-1.245744669437E0,6.2E0));
#7331=LINE('',#7330,#7329);
#7332=CURVE_STYLE('',#62,POSITIVE_LENGTH_MEASURE(2.E-2),#27);
#7333=PRESENTATION_STYLE_ASSIGNMENT((#7332));
#7334=STYLED_ITEM('',(#7333),#7331);
#7335=DIRECTION('',(-9.895240227806E-1,-1.443683079492E-1,0.E0));
#7336=VECTOR('',#7335,6.631972819902E-1);
#7337=CARTESIAN_POINT('',(1.89375E0,-1.15E0,6.2E0));
#7338=LINE('',#7337,#7336);
#7339=CURVE_STYLE('',#62,POSITIVE_LENGTH_MEASURE(2.E-2),#27);
#7340=PRESENTATION_STYLE_ASSIGNMENT((#7339));
#7341=STYLED_ITEM('',(#7340),#7338);
#7342=DIRECTION('',(-1.E0,0.E0,0.E0));
#7343=VECTOR('',#7342,3.749996423721E-1);
#7344=CARTESIAN_POINT('',(2.268749642372E0,-1.15E0,6.2E0));
#7345=LINE('',#7344,#7343);
#7346=CURVE_STYLE('',#62,POSITIVE_LENGTH_MEASURE(2.E-2),#27);
#7347=PRESENTATION_STYLE_ASSIGNMENT((#7346));
#7348=STYLED_ITEM('',(#7347),#7345);
#7349=DIRECTION('',(-9.858211730931E-1,1.677993286083E-1,0.E0));
#7350=VECTOR('',#7349,5.705903011143E-1);
#7351=CARTESIAN_POINT('',(2.831249642372E0,-1.245744669437E0,6.2E0));
#7352=LINE('',#7351,#7350);
#7353=CURVE_STYLE('',#62,POSITIVE_LENGTH_MEASURE(2.E-2),#27);
#7354=PRESENTATION_STYLE_ASSIGNMENT((#7353));
#7355=STYLED_ITEM('',(#7354),#7352);
#7356=DIRECTION('',(-8.906056381928E-1,4.547764255314E-1,0.E0));
#7357=VECTOR('',#7356,4.210625883940E-1);
#7358=CARTESIAN_POINT('',(3.206250357628E0,-1.437234008312E0,6.2E0));
#7359=LINE('',#7358,#7357);
#7360=CURVE_STYLE('',#62,POSITIVE_LENGTH_MEASURE(2.E-2),#27);
#7361=PRESENTATION_STYLE_ASSIGNMENT((#7360));
#7362=STYLED_ITEM('',(#7361),#7359);
#7363=DIRECTION('',(-6.996244945571E-1,7.145107183351E-1,0.E0));
#7364=VECTOR('',#7363,5.360013053996E-1);
#7365=CARTESIAN_POINT('',(3.58125E0,-1.820212686062E0,6.2E0));
#7366=LINE('',#7365,#7364);
#7367=CURVE_STYLE('',#62,POSITIVE_LENGTH_MEASURE(2.E-2),#27);
#7368=PRESENTATION_STYLE_ASSIGNMENT((#7367));
#7369=STYLED_ITEM('',(#7368),#7366);
#7370=DIRECTION('',(-2.377704967206E-1,9.713213633444E-1,0.E0));
#7371=VECTOR('',#7370,3.942862704378E-1);
#7372=CARTESIAN_POINT('',(3.674999642372E0,-2.203191363811E0,6.2E0));
#7373=LINE('',#7372,#7371);
#7374=CURVE_STYLE('',#62,POSITIVE_LENGTH_MEASURE(2.E-2),#27);
#7375=PRESENTATION_STYLE_ASSIGNMENT((#7374));
#7376=STYLED_ITEM('',(#7375),#7373);
#7377=DIRECTION('',(0.E0,1.E0,0.E0));
#7378=VECTOR('',#7377,1.914896070957E-1);
#7379=CARTESIAN_POINT('',(3.674999642372E0,-2.394680970907E0,6.2E0));
#7380=LINE('',#7379,#7378);
#7381=CURVE_STYLE('',#62,POSITIVE_LENGTH_MEASURE(2.E-2),#27);
#7382=PRESENTATION_STYLE_ASSIGNMENT((#7381));
#7383=STYLED_ITEM('',(#7382),#7380);
#7384=DIRECTION('',(2.377704967206E-1,9.713213633444E-1,0.E0));
#7385=VECTOR('',#7384,3.942862704378E-1);
#7386=CARTESIAN_POINT('',(3.58125E0,-2.777659648657E0,6.2E0));
#7387=LINE('',#7386,#7385);
#7388=CURVE_STYLE('',#62,POSITIVE_LENGTH_MEASURE(2.E-2),#27);
#7389=PRESENTATION_STYLE_ASSIGNMENT((#7388));
#7390=STYLED_ITEM('',(#7389),#7387);
#7391=DIRECTION('',(5.466232777014E-1,8.373786433120E-1,0.E0));
#7392=VECTOR('',#7391,3.430156842503E-1);
#7393=CARTESIAN_POINT('',(3.393749642372E0,-3.064893656969E0,6.2E0));
#7394=LINE('',#7393,#7392);
#7395=CURVE_STYLE('',#62,POSITIVE_LENGTH_MEASURE(2.E-2),#27);
#7396=PRESENTATION_STYLE_ASSIGNMENT((#7395));
#7397=STYLED_ITEM('',(#7396),#7394);
#7398=DIRECTION('',(7.437660397173E-1,6.684400333338E-1,0.E0));
#7399=VECTOR('',#7398,3.151192064729E0);
#7400=CARTESIAN_POINT('',(1.05E0,-5.171276585758E0,6.2E0));
#7401=LINE('',#7400,#7399);
#7402=CURVE_STYLE('',#62,POSITIVE_LENGTH_MEASURE(2.E-2),#27);
#7403=PRESENTATION_STYLE_ASSIGNMENT((#7402));
#7404=STYLED_ITEM('',(#7403),#7401);
#7405=DIRECTION('',(-1.E0,0.E0,0.E0));
#7406=VECTOR('',#7405,2.624999642372E0);
#7407=CARTESIAN_POINT('',(3.674999642372E0,-5.171276585758E0,6.2E0));
#7408=LINE('',#7407,#7406);
#7409=CURVE_STYLE('',#62,POSITIVE_LENGTH_MEASURE(2.E-2),#27);
#7410=PRESENTATION_STYLE_ASSIGNMENT((#7409));
#7411=STYLED_ITEM('',(#7410),#7408);
#7412=DIRECTION('',(0.E0,1.E0,0.E0));
#7413=VECTOR('',#7412,4.787234142423E-1);
#7414=CARTESIAN_POINT('',(3.674999642372E0,-5.65E0,6.2E0));
#7415=LINE('',#7414,#7413);
#7416=CURVE_STYLE('',#62,POSITIVE_LENGTH_MEASURE(2.E-2),#27);
#7417=PRESENTATION_STYLE_ASSIGNMENT((#7416));
#7418=STYLED_ITEM('',(#7417),#7415);
#7419=DIRECTION('',(1.E0,0.E0,0.E0));
#7420=VECTOR('',#7419,3.374999463558E0);
#7421=CARTESIAN_POINT('',(3.000001788139E-1,-5.65E0,6.2E0));
#7422=LINE('',#7421,#7420);
#7423=CURVE_STYLE('',#62,POSITIVE_LENGTH_MEASURE(2.E-2),#27);
#7424=PRESENTATION_STYLE_ASSIGNMENT((#7423));
#7425=STYLED_ITEM('',(#7424),#7422);
#7426=DIRECTION('',(7.938787408812E-1,6.080761011394E-1,0.E0));
#7427=VECTOR('',#7426,4.723652315459E-1);
#7428=CARTESIAN_POINT('',(5.081249642372E0,-3.639361673594E0,6.2E0));
#7429=LINE('',#7428,#7427);
#7430=CURVE_STYLE('',#62,POSITIVE_LENGTH_MEASURE(2.E-2),#27);
#7431=PRESENTATION_STYLE_ASSIGNMENT((#7430));
#7432=STYLED_ITEM('',(#7431),#7429);
#7433=DIRECTION('',(1.E0,0.E0,0.E0));
#7434=VECTOR('',#7433,6.562496423721E-1);
#7435=CARTESIAN_POINT('',(4.425E0,-3.639361673594E0,6.2E0));
#7436=LINE('',#7435,#7434);
#7437=CURVE_STYLE('',#62,POSITIVE_LENGTH_MEASURE(2.E-2),#27);
#7438=PRESENTATION_STYLE_ASSIGNMENT((#7437));
#7439=STYLED_ITEM('',(#7438),#7436);
#7440=DIRECTION('',(0.E0,-1.E0,0.E0));
#7441=VECTOR('',#7440,2.489361673594E0);
#7442=CARTESIAN_POINT('',(4.425E0,-1.15E0,6.2E0));
#7443=LINE('',#7442,#7441);
#7444=CURVE_STYLE('',#62,POSITIVE_LENGTH_MEASURE(2.E-2),#27);
#7445=PRESENTATION_STYLE_ASSIGNMENT((#7444));
#7446=STYLED_ITEM('',(#7445),#7443);
#7447=DIRECTION('',(-1.E0,0.E0,0.E0));
#7448=VECTOR('',#7447,3.187499642372E0);
#7449=CARTESIAN_POINT('',(7.612499642372E0,-1.15E0,6.2E0));
#7450=LINE('',#7449,#7448);
#7451=CURVE_STYLE('',#62,POSITIVE_LENGTH_MEASURE(2.E-2),#27);
#7452=PRESENTATION_STYLE_ASSIGNMENT((#7451));
#7453=STYLED_ITEM('',(#7452),#7450);
#7454=DIRECTION('',(0.E0,1.E0,0.E0));
#7455=VECTOR('',#7454,4.787233471870E-1);
#7456=CARTESIAN_POINT('',(7.612499642372E0,-1.628723347187E0,6.2E0));
#7457=LINE('',#7456,#7455);
#7458=CURVE_STYLE('',#62,POSITIVE_LENGTH_MEASURE(2.E-2),#27);
#7459=PRESENTATION_STYLE_ASSIGNMENT((#7458));
#7460=STYLED_ITEM('',(#7459),#7457);
#7461=DIRECTION('',(1.E0,0.E0,0.E0));
#7462=VECTOR('',#7461,2.718749284744E0);
#7463=CARTESIAN_POINT('',(4.893750357628E0,-1.628723347187E0,6.2E0));
#7464=LINE('',#7463,#7462);
#7465=CURVE_STYLE('',#62,POSITIVE_LENGTH_MEASURE(2.E-2),#27);
#7466=PRESENTATION_STYLE_ASSIGNMENT((#7465));
#7467=STYLED_ITEM('',(#7466),#7464);
#7468=DIRECTION('',(0.E0,1.E0,0.E0));
#7469=VECTOR('',#7468,1.531914979219E0);
#7470=CARTESIAN_POINT('',(4.893750357628E0,-3.160638326406E0,6.2E0));
#7471=LINE('',#7470,#7469);
#7472=CURVE_STYLE('',#62,POSITIVE_LENGTH_MEASURE(2.E-2),#27);
#7473=PRESENTATION_STYLE_ASSIGNMENT((#7472));
#7474=STYLED_ITEM('',(#7473),#7471);
#7475=DIRECTION('',(-8.526530674474E-1,-5.224775081977E-1,0.E0));
#7476=VECTOR('',#7475,5.497538244336E-1);
#7477=CARTESIAN_POINT('',(5.362499642372E0,-2.873404318094E0,6.2E0));
#7478=LINE('',#7477,#7476);
#7479=CURVE_STYLE('',#62,POSITIVE_LENGTH_MEASURE(2.E-2),#27);
#7480=PRESENTATION_STYLE_ASSIGNMENT((#7479));
#7481=STYLED_ITEM('',(#7480),#7478);
#7482=DIRECTION('',(-9.797707392153E-1,-2.001232084928E-1,0.E0));
#7483=VECTOR('',#7482,4.784286148444E-1);
#7484=CARTESIAN_POINT('',(5.83125E0,-2.777659648657E0,6.2E0));
#7485=LINE('',#7484,#7483);
#7486=CURVE_STYLE('',#62,POSITIVE_LENGTH_MEASURE(2.E-2),#27);
#7487=PRESENTATION_STYLE_ASSIGNMENT((#7486));
#7488=STYLED_ITEM('',(#7487),#7485);
#7489=DIRECTION('',(-1.E0,0.E0,0.E0));
#7490=VECTOR('',#7489,5.625E-1);
#7491=CARTESIAN_POINT('',(6.39375E0,-2.777659648657E0,6.2E0));
#7492=LINE('',#7491,#7490);
#7493=CURVE_STYLE('',#62,POSITIVE_LENGTH_MEASURE(2.E-2),#27);
#7494=PRESENTATION_STYLE_ASSIGNMENT((#7493));
#7495=STYLED_ITEM('',(#7494),#7492);
#7496=DIRECTION('',(-9.797707392153E-1,2.001232084928E-1,0.E0));
#7497=VECTOR('',#7496,4.784286148444E-1);
#7498=CARTESIAN_POINT('',(6.862500357628E0,-2.873404318094E0,6.2E0));
#7499=LINE('',#7498,#7497);
#7500=CURVE_STYLE('',#62,POSITIVE_LENGTH_MEASURE(2.E-2),#27);
#7501=PRESENTATION_STYLE_ASSIGNMENT((#7500));
#7502=STYLED_ITEM('',(#7501),#7499);
#7503=DIRECTION('',(-8.526530674474E-1,5.224775081977E-1,0.E0));
#7504=VECTOR('',#7503,5.497538244336E-1);
#7505=CARTESIAN_POINT('',(7.331249642372E0,-3.160638326406E0,6.2E0));
#7506=LINE('',#7505,#7504);
#7507=CURVE_STYLE('',#62,POSITIVE_LENGTH_MEASURE(2.E-2),#27);
#7508=PRESENTATION_STYLE_ASSIGNMENT((#7507));
#7509=STYLED_ITEM('',(#7508),#7506);
#7510=DIRECTION('',(-5.919095487496E-1,8.060043958311E-1,0.E0));
#7511=VECTOR('',#7510,4.751570583616E-1);
#7512=CARTESIAN_POINT('',(7.612499642372E0,-3.543617004156E0,6.2E0));
#7513=LINE('',#7512,#7511);
#7514=CURVE_STYLE('',#62,POSITIVE_LENGTH_MEASURE(2.E-2),#27);
#7515=PRESENTATION_STYLE_ASSIGNMENT((#7514));
#7516=STYLED_ITEM('',(#7515),#7513);
#7517=DIRECTION('',(-3.646924504120E-1,9.311280344896E-1,0.E0));
#7518=VECTOR('',#7517,5.141328190810E-1);
#7519=CARTESIAN_POINT('',(7.8E0,-4.022340485454E0,6.2E0));
#7520=LINE('',#7519,#7518);
#7521=CURVE_STYLE('',#62,POSITIVE_LENGTH_MEASURE(2.E-2),#27);
#7522=PRESENTATION_STYLE_ASSIGNMENT((#7521));
#7523=STYLED_ITEM('',(#7522),#7520);
#7524=DIRECTION('',(0.E0,1.E0,0.E0));
#7525=VECTOR('',#7524,3.829786777496E-1);
#7526=CARTESIAN_POINT('',(7.8E0,-4.405319163203E0,6.2E0));
#7527=LINE('',#7526,#7525);
#7528=CURVE_STYLE('',#62,POSITIVE_LENGTH_MEASURE(2.E-2),#27);
#7529=PRESENTATION_STYLE_ASSIGNMENT((#7528));
#7530=STYLED_ITEM('',(#7529),#7527);
#7531=DIRECTION('',(3.646924947007E-1,9.311280171432E-1,0.E0));
#7532=VECTOR('',#7531,5.141327566440E-1);
#7533=CARTESIAN_POINT('',(7.612499642372E0,-4.884042577446E0,6.2E0));
#7534=LINE('',#7533,#7532);
#7535=CURVE_STYLE('',#62,POSITIVE_LENGTH_MEASURE(2.E-2),#27);
#7536=PRESENTATION_STYLE_ASSIGNMENT((#7535));
#7537=STYLED_ITEM('',(#7536),#7534);
#7538=DIRECTION('',(5.919095150862E-1,8.060044205527E-1,0.E0));
#7539=VECTOR('',#7538,4.751570853850E-1);
#7540=CARTESIAN_POINT('',(7.331249642372E0,-5.267021288723E0,6.2E0));
#7541=LINE('',#7540,#7539);
#7542=CURVE_STYLE('',#62,POSITIVE_LENGTH_MEASURE(2.E-2),#27);
#7543=PRESENTATION_STYLE_ASSIGNMENT((#7542));
#7544=STYLED_ITEM('',(#7543),#7541);
#7545=DIRECTION('',(8.526530470706E-1,5.224775414514E-1,0.E0));
#7546=VECTOR('',#7545,5.497538375717E-1);
#7547=CARTESIAN_POINT('',(6.862500357628E0,-5.554255322181E0,6.2E0));
#7548=LINE('',#7547,#7546);
#7549=CURVE_STYLE('',#62,POSITIVE_LENGTH_MEASURE(2.E-2),#27);
#7550=PRESENTATION_STYLE_ASSIGNMENT((#7549));
#7551=STYLED_ITEM('',(#7550),#7548);
#7552=DIRECTION('',(9.797707357802E-1,2.001232253108E-1,0.E0));
#7553=VECTOR('',#7552,4.784286165218E-1);
#7554=CARTESIAN_POINT('',(6.39375E0,-5.65E0,6.2E0));
#7555=LINE('',#7554,#7553);
#7556=CURVE_STYLE('',#62,POSITIVE_LENGTH_MEASURE(2.E-2),#27);
#7557=PRESENTATION_STYLE_ASSIGNMENT((#7556));
#7558=STYLED_ITEM('',(#7557),#7555);
#7559=DIRECTION('',(1.E0,0.E0,0.E0));
#7560=VECTOR('',#7559,5.625E-1);
#7561=CARTESIAN_POINT('',(5.83125E0,-5.65E0,6.2E0));
#7562=LINE('',#7561,#7560);
#7563=CURVE_STYLE('',#62,POSITIVE_LENGTH_MEASURE(2.E-2),#27);
#7564=PRESENTATION_STYLE_ASSIGNMENT((#7563));
#7565=STYLED_ITEM('',(#7564),#7562);
#7566=DIRECTION('',(9.797707357802E-1,-2.001232253108E-1,0.E0));
#7567=VECTOR('',#7566,4.784286165218E-1);
#7568=CARTESIAN_POINT('',(5.362499642372E0,-5.554255322181E0,6.2E0));
#7569=LINE('',#7568,#7567);
#7570=CURVE_STYLE('',#62,POSITIVE_LENGTH_MEASURE(2.E-2),#27);
#7571=PRESENTATION_STYLE_ASSIGNMENT((#7570));
#7572=STYLED_ITEM('',(#7571),#7569);
#7573=DIRECTION('',(8.526530470706E-1,-5.224775414514E-1,0.E0));
#7574=VECTOR('',#7573,5.497538375717E-1);
#7575=CARTESIAN_POINT('',(4.893750357628E0,-5.267021288723E0,6.2E0));
#7576=LINE('',#7575,#7574);
#7577=CURVE_STYLE('',#62,POSITIVE_LENGTH_MEASURE(2.E-2),#27);
#7578=PRESENTATION_STYLE_ASSIGNMENT((#7577));
#7579=STYLED_ITEM('',(#7578),#7576);
#7580=DIRECTION('',(5.919095150862E-1,-8.060044205527E-1,0.E0));
#7581=VECTOR('',#7580,4.751570853850E-1);
#7582=CARTESIAN_POINT('',(4.612500357628E0,-4.884042577446E0,6.2E0));
#7583=LINE('',#7582,#7581);
#7584=CURVE_STYLE('',#62,POSITIVE_LENGTH_MEASURE(2.E-2),#27);
#7585=PRESENTATION_STYLE_ASSIGNMENT((#7584));
#7586=STYLED_ITEM('',(#7585),#7583);
#7587=DIRECTION('',(4.397141102494E-1,-8.981377963584E-1,0.E0));
#7588=VECTOR('',#7587,4.264142388369E-1);
#7589=CARTESIAN_POINT('',(4.425E0,-4.501063832641E0,6.2E0));
#7590=LINE('',#7589,#7588);
#7591=CURVE_STYLE('',#62,POSITIVE_LENGTH_MEASURE(2.E-2),#27);
#7592=PRESENTATION_STYLE_ASSIGNMENT((#7591));
#7593=STYLED_ITEM('',(#7592),#7590);
#7594=DIRECTION('',(-1.E0,0.E0,0.E0));
#7595=VECTOR('',#7594,5.625E-1);
#7596=CARTESIAN_POINT('',(4.9875E0,-4.501063832641E0,6.2E0));
#7597=LINE('',#7596,#7595);
#7598=CURVE_STYLE('',#62,POSITIVE_LENGTH_MEASURE(2.E-2),#27);
#7599=PRESENTATION_STYLE_ASSIGNMENT((#7598));
#7600=STYLED_ITEM('',(#7599),#7597);
#7601=DIRECTION('',(-4.397141102494E-1,8.981377963584E-1,0.E0));
#7602=VECTOR('',#7601,4.264142388369E-1);
#7603=CARTESIAN_POINT('',(5.175000357628E0,-4.884042577446E0,6.2E0));
#7604=LINE('',#7603,#7602);
#7605=CURVE_STYLE('',#62,POSITIVE_LENGTH_MEASURE(2.E-2),#27);
#7606=PRESENTATION_STYLE_ASSIGNMENT((#7605));
#7607=STYLED_ITEM('',(#7606),#7604);
#7608=DIRECTION('',(-8.265992787996E-1,5.627909312417E-1,0.E0));
#7609=VECTOR('',#7608,3.402495105106E-1);
#7610=CARTESIAN_POINT('',(5.456250357628E0,-5.075531916320E0,6.2E0));
#7611=LINE('',#7610,#7609);
#7612=CURVE_STYLE('',#62,POSITIVE_LENGTH_MEASURE(2.E-2),#27);
#7613=PRESENTATION_STYLE_ASSIGNMENT((#7612));
#7614=STYLED_ITEM('',(#7613),#7611);
#7615=DIRECTION('',(-9.689176611437E-1,2.473834390653E-1,0.E0));
#7616=VECTOR('',#7615,3.870294220145E-1);
#7617=CARTESIAN_POINT('',(5.83125E0,-5.171276585758E0,6.2E0));
#7618=LINE('',#7617,#7616);
#7619=CURVE_STYLE('',#62,POSITIVE_LENGTH_MEASURE(2.E-2),#27);
#7620=PRESENTATION_STYLE_ASSIGNMENT((#7619));
#7621=STYLED_ITEM('',(#7620),#7618);
#7622=DIRECTION('',(-1.E0,0.E0,0.E0));
#7623=VECTOR('',#7622,5.625E-1);
#7624=CARTESIAN_POINT('',(6.39375E0,-5.171276585758E0,6.2E0));
#7625=LINE('',#7624,#7623);
#7626=CURVE_STYLE('',#62,POSITIVE_LENGTH_MEASURE(2.E-2),#27);
#7627=PRESENTATION_STYLE_ASSIGNMENT((#7626));
#7628=STYLED_ITEM('',(#7627),#7625);
#7629=DIRECTION('',(-9.689176611437E-1,-2.473834390653E-1,0.E0));
#7630=VECTOR('',#7629,3.870294220145E-1);
#7631=CARTESIAN_POINT('',(6.768749642372E0,-5.075531916320E0,6.2E0));
#7632=LINE('',#7631,#7630);
#7633=CURVE_STYLE('',#62,POSITIVE_LENGTH_MEASURE(2.E-2),#27);
#7634=PRESENTATION_STYLE_ASSIGNMENT((#7633));
#7635=STYLED_ITEM('',(#7634),#7632);
#7636=DIRECTION('',(-8.265992787996E-1,-5.627909312417E-1,0.E0));
#7637=VECTOR('',#7636,3.402495105106E-1);
#7638=CARTESIAN_POINT('',(7.049999642372E0,-4.884042577446E0,6.2E0));
#7639=LINE('',#7638,#7637);
#7640=CURVE_STYLE('',#62,POSITIVE_LENGTH_MEASURE(2.E-2),#27);
#7641=PRESENTATION_STYLE_ASSIGNMENT((#7640));
#7642=STYLED_ITEM('',(#7641),#7639);
#7643=DIRECTION('',(-5.466231882208E-1,-8.373787017230E-1,0.E0));
#7644=VECTOR('',#7643,3.430157404009E-1);
#7645=CARTESIAN_POINT('',(7.2375E0,-4.596808502078E0,6.2E0));
#7646=LINE('',#7645,#7644);
#7647=CURVE_STYLE('',#62,POSITIVE_LENGTH_MEASURE(2.E-2),#27);
#7648=PRESENTATION_STYLE_ASSIGNMENT((#7647));
#7649=STYLED_ITEM('',(#7648),#7646);
#7650=DIRECTION('',(-3.102789952956E-1,-9.506455412394E-1,0.E0));
#7651=VECTOR('',#7650,3.021462741389E-1);
#7652=CARTESIAN_POINT('',(7.331249642372E0,-4.309574493766E0,6.2E0));
#7653=LINE('',#7652,#7651);
#7654=CURVE_STYLE('',#62,POSITIVE_LENGTH_MEASURE(2.E-2),#27);
#7655=PRESENTATION_STYLE_ASSIGNMENT((#7654));
#7656=STYLED_ITEM('',(#7655),#7653);
#7657=DIRECTION('',(0.E0,-1.E0,0.E0));
#7658=VECTOR('',#7657,1.914893388748E-1);
#7659=CARTESIAN_POINT('',(7.331249642372E0,-4.118085154891E0,6.2E0));
#7660=LINE('',#7659,#7658);
#7661=CURVE_STYLE('',#62,POSITIVE_LENGTH_MEASURE(2.E-2),#27);
#7662=PRESENTATION_STYLE_ASSIGNMENT((#7661));
#7663=STYLED_ITEM('',(#7662),#7660);
#7664=DIRECTION('',(3.102788643726E-1,-9.506455839711E-1,0.E0));
#7665=VECTOR('',#7664,3.021464016304E-1);
#7666=CARTESIAN_POINT('',(7.2375E0,-3.830851012468E0,6.2E0));
#7667=LINE('',#7666,#7665);
#7668=CURVE_STYLE('',#62,POSITIVE_LENGTH_MEASURE(2.E-2),#27);
#7669=PRESENTATION_STYLE_ASSIGNMENT((#7668));
#7670=STYLED_ITEM('',(#7669),#7667);
#7671=DIRECTION('',(5.466232777014E-1,-8.373786433120E-1,0.E0));
#7672=VECTOR('',#7671,3.430156842503E-1);
#7673=CARTESIAN_POINT('',(7.049999642372E0,-3.543617004156E0,6.2E0));
#7674=LINE('',#7673,#7672);
#7675=CURVE_STYLE('',#62,POSITIVE_LENGTH_MEASURE(2.E-2),#27);
#7676=PRESENTATION_STYLE_ASSIGNMENT((#7675));
#7677=STYLED_ITEM('',(#7676),#7674);
#7678=DIRECTION('',(8.265992787996E-1,-5.627909312417E-1,0.E0));
#7679=VECTOR('',#7678,3.402495105106E-1);
#7680=CARTESIAN_POINT('',(6.768749642372E0,-3.352127665281E0,6.2E0));
#7681=LINE('',#7680,#7679);
#7682=CURVE_STYLE('',#62,POSITIVE_LENGTH_MEASURE(2.E-2),#27);
#7683=PRESENTATION_STYLE_ASSIGNMENT((#7682));
#7684=STYLED_ITEM('',(#7683),#7681);
#7685=DIRECTION('',(9.689176611437E-1,-2.473834390653E-1,0.E0));
#7686=VECTOR('',#7685,3.870294220145E-1);
#7687=CARTESIAN_POINT('',(6.39375E0,-3.256382995844E0,6.2E0));
#7688=LINE('',#7687,#7686);
#7689=CURVE_STYLE('',#62,POSITIVE_LENGTH_MEASURE(2.E-2),#27);
#7690=PRESENTATION_STYLE_ASSIGNMENT((#7689));
#7691=STYLED_ITEM('',(#7690),#7688);
#7692=DIRECTION('',(1.E0,0.E0,0.E0));
#7693=VECTOR('',#7692,5.625E-1);
#7694=CARTESIAN_POINT('',(5.83125E0,-3.256382995844E0,6.2E0));
#7695=LINE('',#7694,#7693);
#7696=CURVE_STYLE('',#62,POSITIVE_LENGTH_MEASURE(2.E-2),#27);
#7697=PRESENTATION_STYLE_ASSIGNMENT((#7696));
#7698=STYLED_ITEM('',(#7697),#7695);
#7699=DIRECTION('',(9.689176611437E-1,2.473834390653E-1,0.E0));
#7700=VECTOR('',#7699,3.870294220145E-1);
#7701=CARTESIAN_POINT('',(5.456250357628E0,-3.352127665281E0,6.2E0));
#7702=LINE('',#7701,#7700);
#7703=CURVE_STYLE('',#62,POSITIVE_LENGTH_MEASURE(2.E-2),#27);
#7704=PRESENTATION_STYLE_ASSIGNMENT((#7703));
#7705=STYLED_ITEM('',(#7704),#7702);
#7706=DIRECTION('',(0.E0,0.E0,1.E0));
#7707=VECTOR('',#7706,2.E-1);
#7708=CARTESIAN_POINT('',(-7.908333387971E0,5.031914949417E0,6.E0));
#7709=LINE('',#7708,#7707);
#7710=CURVE_STYLE('',#62,POSITIVE_LENGTH_MEASURE(2.E-2),#27);
#7711=PRESENTATION_STYLE_ASSIGNMENT((#7710));
#7712=STYLED_ITEM('',(#7711),#7709);
#7713=DIRECTION('',(0.E0,0.E0,1.E0));
#7714=VECTOR('',#7713,2.E-1);
#7715=CARTESIAN_POINT('',(-8.939583306015E0,1.872340366244E0,6.E0));
#7716=LINE('',#7715,#7714);
#7717=CURVE_STYLE('',#62,POSITIVE_LENGTH_MEASURE(2.E-2),#27);
#7718=PRESENTATION_STYLE_ASSIGNMENT((#7717));
#7719=STYLED_ITEM('',(#7718),#7716);
#7720=DIRECTION('',(0.E0,0.E0,1.E0));
#7721=VECTOR('',#7720,2.E-1);
#7722=CARTESIAN_POINT('',(-6.877083224058E0,1.872340366244E0,6.E0));
#7723=LINE('',#7722,#7721);
#7724=CURVE_STYLE('',#62,POSITIVE_LENGTH_MEASURE(2.E-2),#27);
#7725=PRESENTATION_STYLE_ASSIGNMENT((#7724));
#7726=STYLED_ITEM('',(#7725),#7723);
#7727=DIRECTION('',(0.E0,0.E0,1.E0));
#7728=VECTOR('',#7727,2.E-1);
#7729=CARTESIAN_POINT('',(-1.491666448116E0,4.212766110897E0,6.E0));
#7730=LINE('',#7729,#7728);
#7731=CURVE_STYLE('',#62,POSITIVE_LENGTH_MEASURE(2.E-2),#27);
#7732=PRESENTATION_STYLE_ASSIGNMENT((#7731));
#7733=STYLED_ITEM('',(#7732),#7730);
#7734=DIRECTION('',(0.E0,0.E0,1.E0));
#7735=VECTOR('',#7734,2.E-1);
#7736=CARTESIAN_POINT('',(-1.60625E0,4.446808636189E0,6.E0));
#7737=LINE('',#7736,#7735);
#7738=CURVE_STYLE('',#62,POSITIVE_LENGTH_MEASURE(2.E-2),#27);
#7739=PRESENTATION_STYLE_ASSIGNMENT((#7738));
#7740=STYLED_ITEM('',(#7739),#7737);
#7741=DIRECTION('',(0.E0,0.E0,1.E0));
#7742=VECTOR('',#7741,2.E-1);
#7743=CARTESIAN_POINT('',(-1.835416448116E0,4.680851161480E0,6.E0));
#7744=LINE('',#7743,#7742);
#7745=CURVE_STYLE('',#62,POSITIVE_LENGTH_MEASURE(2.E-2),#27);
#7746=PRESENTATION_STYLE_ASSIGNMENT((#7745));
#7747=STYLED_ITEM('',(#7746),#7744);
#7748=DIRECTION('',(0.E0,0.E0,1.E0));
#7749=VECTOR('',#7748,2.E-1);
#7750=CARTESIAN_POINT('',(-2.179166448116E0,4.797872424126E0,6.E0));
#7751=LINE('',#7750,#7749);
#7752=CURVE_STYLE('',#62,POSITIVE_LENGTH_MEASURE(2.E-2),#27);
#7753=PRESENTATION_STYLE_ASSIGNMENT((#7752));
#7754=STYLED_ITEM('',(#7753),#7751);
#7755=DIRECTION('',(0.E0,0.E0,1.E0));
#7756=VECTOR('',#7755,2.E-1);
#7757=CARTESIAN_POINT('',(-2.866666448116E0,4.797872424126E0,6.E0));
#7758=LINE('',#7757,#7756);
#7759=CURVE_STYLE('',#62,POSITIVE_LENGTH_MEASURE(2.E-2),#27);
#7760=PRESENTATION_STYLE_ASSIGNMENT((#7759));
#7761=STYLED_ITEM('',(#7760),#7758);
#7762=DIRECTION('',(0.E0,0.E0,1.E0));
#7763=VECTOR('',#7762,2.E-1);
#7764=CARTESIAN_POINT('',(-3.210416448116E0,4.680851161480E0,6.E0));
#7765=LINE('',#7764,#7763);
#7766=CURVE_STYLE('',#62,POSITIVE_LENGTH_MEASURE(2.E-2),#27);
#7767=PRESENTATION_STYLE_ASSIGNMENT((#7766));
#7768=STYLED_ITEM('',(#7767),#7765);
#7769=DIRECTION('',(0.E0,0.E0,1.E0));
#7770=VECTOR('',#7769,2.E-1);
#7771=CARTESIAN_POINT('',(-3.554166448116E0,4.446808636189E0,6.E0));
#7772=LINE('',#7771,#7770);
#7773=CURVE_STYLE('',#62,POSITIVE_LENGTH_MEASURE(2.E-2),#27);
#7774=PRESENTATION_STYLE_ASSIGNMENT((#7773));
#7775=STYLED_ITEM('',(#7774),#7772);
#7776=DIRECTION('',(0.E0,0.E0,1.E0));
#7777=VECTOR('',#7776,2.E-1);
#7778=CARTESIAN_POINT('',(-3.66875E0,4.095744520426E0,6.E0));
#7779=LINE('',#7778,#7777);
#7780=CURVE_STYLE('',#62,POSITIVE_LENGTH_MEASURE(2.E-2),#27);
#7781=PRESENTATION_STYLE_ASSIGNMENT((#7780));
#7782=STYLED_ITEM('',(#7781),#7779);
#7783=DIRECTION('',(0.E0,0.E0,1.E0));
#7784=VECTOR('',#7783,2.E-1);
#7785=CARTESIAN_POINT('',(-3.66875E0,3.861701995134E0,6.E0));
#7786=LINE('',#7785,#7784);
#7787=CURVE_STYLE('',#62,POSITIVE_LENGTH_MEASURE(2.E-2),#27);
#7788=PRESENTATION_STYLE_ASSIGNMENT((#7787));
#7789=STYLED_ITEM('',(#7788),#7786);
#7790=DIRECTION('',(0.E0,0.E0,1.E0));
#7791=VECTOR('',#7790,2.E-1);
#7792=CARTESIAN_POINT('',(-3.554166448116E0,3.510638207197E0,6.E0));
#7793=LINE('',#7792,#7791);
#7794=CURVE_STYLE('',#62,POSITIVE_LENGTH_MEASURE(2.E-2),#27);
#7795=PRESENTATION_STYLE_ASSIGNMENT((#7794));
#7796=STYLED_ITEM('',(#7795),#7793);
#7797=DIRECTION('',(0.E0,0.E0,1.E0));
#7798=VECTOR('',#7797,2.E-1);
#7799=CARTESIAN_POINT('',(-3.210416448116E0,3.276595681906E0,6.E0));
#7800=LINE('',#7799,#7798);
#7801=CURVE_STYLE('',#62,POSITIVE_LENGTH_MEASURE(2.E-2),#27);
#7802=PRESENTATION_STYLE_ASSIGNMENT((#7801));
#7803=STYLED_ITEM('',(#7802),#7800);
#7804=DIRECTION('',(0.E0,0.E0,1.E0));
#7805=VECTOR('',#7804,2.E-1);
#7806=CARTESIAN_POINT('',(-2.866666448116E0,3.159574419260E0,6.E0));
#7807=LINE('',#7806,#7805);
#7808=CURVE_STYLE('',#62,POSITIVE_LENGTH_MEASURE(2.E-2),#27);
#7809=PRESENTATION_STYLE_ASSIGNMENT((#7808));
#7810=STYLED_ITEM('',(#7809),#7807);
#7811=DIRECTION('',(0.E0,0.E0,1.E0));
#7812=VECTOR('',#7811,2.E-1);
#7813=CARTESIAN_POINT('',(-2.179166448116E0,3.159574419260E0,6.E0));
#7814=LINE('',#7813,#7812);
#7815=CURVE_STYLE('',#62,POSITIVE_LENGTH_MEASURE(2.E-2),#27);
#7816=PRESENTATION_STYLE_ASSIGNMENT((#7815));
#7817=STYLED_ITEM('',(#7816),#7814);
#7818=DIRECTION('',(0.E0,0.E0,1.E0));
#7819=VECTOR('',#7818,2.E-1);
#7820=CARTESIAN_POINT('',(-1.60625E0,3.042553156614E0,6.E0));
#7821=LINE('',#7820,#7819);
#7822=CURVE_STYLE('',#62,POSITIVE_LENGTH_MEASURE(2.E-2),#27);
#7823=PRESENTATION_STYLE_ASSIGNMENT((#7822));
#7824=STYLED_ITEM('',(#7823),#7821);
#7825=DIRECTION('',(0.E0,0.E0,1.E0));
#7826=VECTOR('',#7825,2.E-1);
#7827=CARTESIAN_POINT('',(-1.147916448116E0,2.808510631323E0,6.E0));
#7828=LINE('',#7827,#7826);
#7829=CURVE_STYLE('',#62,POSITIVE_LENGTH_MEASURE(2.E-2),#27);
#7830=PRESENTATION_STYLE_ASSIGNMENT((#7829));
#7831=STYLED_ITEM('',(#7830),#7828);
#7832=DIRECTION('',(0.E0,0.E0,1.E0));
#7833=VECTOR('',#7832,2.E-1);
#7834=CARTESIAN_POINT('',(-6.895835518837E-1,2.340425580740E0,6.E0));
#7835=LINE('',#7834,#7833);
#7836=CURVE_STYLE('',#62,POSITIVE_LENGTH_MEASURE(2.E-2),#27);
#7837=PRESENTATION_STYLE_ASSIGNMENT((#7836));
#7838=STYLED_ITEM('',(#7837),#7835);
#7839=DIRECTION('',(0.E0,0.E0,1.E0));
#7840=VECTOR('',#7839,2.E-1);
#7841=CARTESIAN_POINT('',(-4.604164481163E-1,1.872340366244E0,6.E0));
#7842=LINE('',#7841,#7840);
#7843=CURVE_STYLE('',#62,POSITIVE_LENGTH_MEASURE(2.E-2),#27);
#7844=PRESENTATION_STYLE_ASSIGNMENT((#7843));
#7845=STYLED_ITEM('',(#7844),#7842);
#7846=DIRECTION('',(0.E0,0.E0,1.E0));
#7847=VECTOR('',#7846,2.E-1);
#7848=CARTESIAN_POINT('',(-4.604164481163E-1,1.287234053016E0,6.E0));
#7849=LINE('',#7848,#7847);
#7850=CURVE_STYLE('',#62,POSITIVE_LENGTH_MEASURE(2.E-2),#27);
#7851=PRESENTATION_STYLE_ASSIGNMENT((#7850));
#7852=STYLED_ITEM('',(#7851),#7849);
#7853=DIRECTION('',(0.E0,0.E0,1.E0));
#7854=VECTOR('',#7853,2.E-1);
#7855=CARTESIAN_POINT('',(-6.895835518837E-1,8.191489204764E-1,6.E0));
#7856=LINE('',#7855,#7854);
#7857=CURVE_STYLE('',#62,POSITIVE_LENGTH_MEASURE(2.E-2),#27);
#7858=PRESENTATION_STYLE_ASSIGNMENT((#7857));
#7859=STYLED_ITEM('',(#7858),#7856);
#7860=DIRECTION('',(0.E0,0.E0,1.E0));
#7861=VECTOR('',#7860,2.E-1);
#7862=CARTESIAN_POINT('',(-1.147916448116E0,3.510638289154E-1,6.E0));
#7863=LINE('',#7862,#7861);
#7864=CURVE_STYLE('',#62,POSITIVE_LENGTH_MEASURE(2.E-2),#27);
#7865=PRESENTATION_STYLE_ASSIGNMENT((#7864));
#7866=STYLED_ITEM('',(#7865),#7863);
#7867=DIRECTION('',(0.E0,0.E0,1.E0));
#7868=VECTOR('',#7867,2.E-1);
#7869=CARTESIAN_POINT('',(-1.60625E0,1.170212728903E-1,6.E0));
#7870=LINE('',#7869,#7868);
#7871=CURVE_STYLE('',#62,POSITIVE_LENGTH_MEASURE(2.E-2),#27);
#7872=PRESENTATION_STYLE_ASSIGNMENT((#7871));
#7873=STYLED_ITEM('',(#7872),#7870);
#7874=DIRECTION('',(0.E0,0.E0,1.E0));
#7875=VECTOR('',#7874,2.E-1);
#7876=CARTESIAN_POINT('',(-2.179166448116E0,0.E0,6.E0));
#7877=LINE('',#7876,#7875);
#7878=CURVE_STYLE('',#62,POSITIVE_LENGTH_MEASURE(2.E-2),#27);
#7879=PRESENTATION_STYLE_ASSIGNMENT((#7878));
#7880=STYLED_ITEM('',(#7879),#7877);
#7881=DIRECTION('',(0.E0,0.E0,1.E0));
#7882=VECTOR('',#7881,2.E-1);
#7883=CARTESIAN_POINT('',(-3.095833551884E0,0.E0,6.E0));
#7884=LINE('',#7883,#7882);
#7885=CURVE_STYLE('',#62,POSITIVE_LENGTH_MEASURE(2.E-2),#27);
#7886=PRESENTATION_STYLE_ASSIGNMENT((#7885));
#7887=STYLED_ITEM('',(#7886),#7884);
#7888=DIRECTION('',(0.E0,0.E0,1.E0));
#7889=VECTOR('',#7888,2.E-1);
#7890=CARTESIAN_POINT('',(-3.66875E0,1.170212728903E-1,6.E0));
#7891=LINE('',#7890,#7889);
#7892=CURVE_STYLE('',#62,POSITIVE_LENGTH_MEASURE(2.E-2),#27);
#7893=PRESENTATION_STYLE_ASSIGNMENT((#7892));
#7894=STYLED_ITEM('',(#7893),#7891);
#7895=DIRECTION('',(0.E0,0.E0,1.E0));
#7896=VECTOR('',#7895,2.E-1);
#7897=CARTESIAN_POINT('',(-4.241666448116E0,4.680850915611E-1,6.E0));
#7898=LINE('',#7897,#7896);
#7899=CURVE_STYLE('',#62,POSITIVE_LENGTH_MEASURE(2.E-2),#27);
#7900=PRESENTATION_STYLE_ASSIGNMENT((#7899));
#7901=STYLED_ITEM('',(#7900),#7898);
#7902=DIRECTION('',(0.E0,0.E0,1.E0));
#7903=VECTOR('',#7902,2.E-1);
#7904=CARTESIAN_POINT('',(-4.585416448116E0,1.053191527724E0,6.E0));
#7905=LINE('',#7904,#7903);
#7906=CURVE_STYLE('',#62,POSITIVE_LENGTH_MEASURE(2.E-2),#27);
#7907=PRESENTATION_STYLE_ASSIGNMENT((#7906));
#7908=STYLED_ITEM('',(#7907),#7905);
#7909=DIRECTION('',(0.E0,0.E0,1.E0));
#7910=VECTOR('',#7909,2.E-1);
#7911=CARTESIAN_POINT('',(-4.7E0,1.521276578307E0,6.E0));
#7912=LINE('',#7911,#7910);
#7913=CURVE_STYLE('',#62,POSITIVE_LENGTH_MEASURE(2.E-2),#27);
#7914=PRESENTATION_STYLE_ASSIGNMENT((#7913));
#7915=STYLED_ITEM('',(#7914),#7912);
#7916=DIRECTION('',(0.E0,0.E0,1.E0));
#7917=VECTOR('',#7916,2.E-1);
#7918=CARTESIAN_POINT('',(-4.0125E0,1.521276578307E0,6.E0));
#7919=LINE('',#7918,#7917);
#7920=CURVE_STYLE('',#62,POSITIVE_LENGTH_MEASURE(2.E-2),#27);
#7921=PRESENTATION_STYLE_ASSIGNMENT((#7920));
#7922=STYLED_ITEM('',(#7921),#7919);
#7923=DIRECTION('',(0.E0,0.E0,1.E0));
#7924=VECTOR('',#7923,2.E-1);
#7925=CARTESIAN_POINT('',(-3.897916448116E0,1.170212790370E0,6.E0));
#7926=LINE('',#7925,#7924);
#7927=CURVE_STYLE('',#62,POSITIVE_LENGTH_MEASURE(2.E-2),#27);
#7928=PRESENTATION_STYLE_ASSIGNMENT((#7927));
#7929=STYLED_ITEM('',(#7928),#7926);
#7930=DIRECTION('',(0.E0,0.E0,1.E0));
#7931=VECTOR('',#7930,2.E-1);
#7932=CARTESIAN_POINT('',(-3.554166448116E0,8.191489204764E-1,6.E0));
#7933=LINE('',#7932,#7931);
#7934=CURVE_STYLE('',#62,POSITIVE_LENGTH_MEASURE(2.E-2),#27);
#7935=PRESENTATION_STYLE_ASSIGNMENT((#7934));
#7936=STYLED_ITEM('',(#7935),#7933);
#7937=DIRECTION('',(0.E0,0.E0,1.E0));
#7938=VECTOR('',#7937,2.E-1);
#7939=CARTESIAN_POINT('',(-3.095833551884E0,7.021276578307E-1,6.E0));
#7940=LINE('',#7939,#7938);
#7941=CURVE_STYLE('',#62,POSITIVE_LENGTH_MEASURE(2.E-2),#27);
#7942=PRESENTATION_STYLE_ASSIGNMENT((#7941));
#7943=STYLED_ITEM('',(#7942),#7940);
#7944=DIRECTION('',(0.E0,0.E0,1.E0));
#7945=VECTOR('',#7944,2.E-1);
#7946=CARTESIAN_POINT('',(-2.179166448116E0,7.021276578307E-1,6.E0));
#7947=LINE('',#7946,#7945);
#7948=CURVE_STYLE('',#62,POSITIVE_LENGTH_MEASURE(2.E-2),#27);
#7949=PRESENTATION_STYLE_ASSIGNMENT((#7948));
#7950=STYLED_ITEM('',(#7949),#7947);
#7951=DIRECTION('',(0.E0,0.E0,1.E0));
#7952=VECTOR('',#7951,2.E-1);
#7953=CARTESIAN_POINT('',(-1.720833551884E0,8.191489204764E-1,6.E0));
#7954=LINE('',#7953,#7952);
#7955=CURVE_STYLE('',#62,POSITIVE_LENGTH_MEASURE(2.E-2),#27);
#7956=PRESENTATION_STYLE_ASSIGNMENT((#7955));
#7957=STYLED_ITEM('',(#7956),#7954);
#7958=DIRECTION('',(0.E0,0.E0,1.E0));
#7959=VECTOR('',#7958,2.E-1);
#7960=CARTESIAN_POINT('',(-1.377083551884E0,1.053191527724E0,6.E0));
#7961=LINE('',#7960,#7959);
#7962=CURVE_STYLE('',#62,POSITIVE_LENGTH_MEASURE(2.E-2),#27);
#7963=PRESENTATION_STYLE_ASSIGNMENT((#7962));
#7964=STYLED_ITEM('',(#7963),#7961);
#7965=DIRECTION('',(0.E0,0.E0,1.E0));
#7966=VECTOR('',#7965,2.E-1);
#7967=CARTESIAN_POINT('',(-1.147916448116E0,1.404255315661E0,6.E0));
#7968=LINE('',#7967,#7966);
#7969=CURVE_STYLE('',#62,POSITIVE_LENGTH_MEASURE(2.E-2),#27);
#7970=PRESENTATION_STYLE_ASSIGNMENT((#7969));
#7971=STYLED_ITEM('',(#7970),#7968);
#7972=DIRECTION('',(0.E0,0.E0,1.E0));
#7973=VECTOR('',#7972,2.E-1);
#7974=CARTESIAN_POINT('',(-1.147916448116E0,1.755319103599E0,6.E0));
#7975=LINE('',#7974,#7973);
#7976=CURVE_STYLE('',#62,POSITIVE_LENGTH_MEASURE(2.E-2),#27);
#7977=PRESENTATION_STYLE_ASSIGNMENT((#7976));
#7978=STYLED_ITEM('',(#7977),#7975);
#7979=DIRECTION('',(0.E0,0.E0,1.E0));
#7980=VECTOR('',#7979,2.E-1);
#7981=CARTESIAN_POINT('',(-1.377083551884E0,2.106383055449E0,6.E0));
#7982=LINE('',#7981,#7980);
#7983=CURVE_STYLE('',#62,POSITIVE_LENGTH_MEASURE(2.E-2),#27);
#7984=PRESENTATION_STYLE_ASSIGNMENT((#7983));
#7985=STYLED_ITEM('',(#7984),#7982);
#7986=DIRECTION('',(0.E0,0.E0,1.E0));
#7987=VECTOR('',#7986,2.E-1);
#7988=CARTESIAN_POINT('',(-1.720833551884E0,2.340425580740E0,6.E0));
#7989=LINE('',#7988,#7987);
#7990=CURVE_STYLE('',#62,POSITIVE_LENGTH_MEASURE(2.E-2),#27);
#7991=PRESENTATION_STYLE_ASSIGNMENT((#7990));
#7992=STYLED_ITEM('',(#7991),#7989);
#7993=DIRECTION('',(0.E0,0.E0,1.E0));
#7994=VECTOR('',#7993,2.E-1);
#7995=CARTESIAN_POINT('',(-2.179166448116E0,2.457446843386E0,6.E0));
#7996=LINE('',#7995,#7994);
#7997=CURVE_STYLE('',#62,POSITIVE_LENGTH_MEASURE(2.E-2),#27);
#7998=PRESENTATION_STYLE_ASSIGNMENT((#7997));
#7999=STYLED_ITEM('',(#7998),#7996);
#8000=DIRECTION('',(0.E0,0.E0,1.E0));
#8001=VECTOR('',#8000,2.E-1);
#8002=CARTESIAN_POINT('',(-2.866666448116E0,2.457446843386E0,6.E0));
#8003=LINE('',#8002,#8001);
#8004=CURVE_STYLE('',#62,POSITIVE_LENGTH_MEASURE(2.E-2),#27);
#8005=PRESENTATION_STYLE_ASSIGNMENT((#8004));
#8006=STYLED_ITEM('',(#8005),#8003);
#8007=DIRECTION('',(0.E0,0.E0,1.E0));
#8008=VECTOR('',#8007,2.E-1);
#8009=CARTESIAN_POINT('',(-3.325E0,2.574468106031E0,6.E0));
#8010=LINE('',#8009,#8008);
#8011=CURVE_STYLE('',#62,POSITIVE_LENGTH_MEASURE(2.E-2),#27);
#8012=PRESENTATION_STYLE_ASSIGNMENT((#8011));
#8013=STYLED_ITEM('',(#8012),#8010);
#8014=DIRECTION('',(0.E0,0.E0,1.E0));
#8015=VECTOR('',#8014,2.E-1);
#8016=CARTESIAN_POINT('',(-3.783333551884E0,2.808510631323E0,6.E0));
#8017=LINE('',#8016,#8015);
#8018=CURVE_STYLE('',#62,POSITIVE_LENGTH_MEASURE(2.E-2),#27);
#8019=PRESENTATION_STYLE_ASSIGNMENT((#8018));
#8020=STYLED_ITEM('',(#8019),#8017);
#8021=DIRECTION('',(0.E0,0.E0,1.E0));
#8022=VECTOR('',#8021,2.E-1);
#8023=CARTESIAN_POINT('',(-4.241666448116E0,3.276595681906E0,6.E0));
#8024=LINE('',#8023,#8022);
#8025=CURVE_STYLE('',#62,POSITIVE_LENGTH_MEASURE(2.E-2),#27);
#8026=PRESENTATION_STYLE_ASSIGNMENT((#8025));
#8027=STYLED_ITEM('',(#8026),#8024);
#8028=DIRECTION('',(0.E0,0.E0,1.E0));
#8029=VECTOR('',#8028,2.E-1);
#8030=CARTESIAN_POINT('',(-4.35625E0,3.744680732489E0,6.E0));
#8031=LINE('',#8030,#8029);
#8032=CURVE_STYLE('',#62,POSITIVE_LENGTH_MEASURE(2.E-2),#27);
#8033=PRESENTATION_STYLE_ASSIGNMENT((#8032));
#8034=STYLED_ITEM('',(#8033),#8031);
#8035=DIRECTION('',(0.E0,0.E0,1.E0));
#8036=VECTOR('',#8035,2.E-1);
#8037=CARTESIAN_POINT('',(-4.35625E0,4.212766110897E0,6.E0));
#8038=LINE('',#8037,#8036);
#8039=CURVE_STYLE('',#62,POSITIVE_LENGTH_MEASURE(2.E-2),#27);
#8040=PRESENTATION_STYLE_ASSIGNMENT((#8039));
#8041=STYLED_ITEM('',(#8040),#8038);
#8042=DIRECTION('',(0.E0,0.E0,1.E0));
#8043=VECTOR('',#8042,2.E-1);
#8044=CARTESIAN_POINT('',(-4.241666448116E0,4.680851161480E0,6.E0));
#8045=LINE('',#8044,#8043);
#8046=CURVE_STYLE('',#62,POSITIVE_LENGTH_MEASURE(2.E-2),#27);
#8047=PRESENTATION_STYLE_ASSIGNMENT((#8046));
#8048=STYLED_ITEM('',(#8047),#8045);
#8049=DIRECTION('',(0.E0,0.E0,1.E0));
#8050=VECTOR('',#8049,2.E-1);
#8051=CARTESIAN_POINT('',(-3.783333551884E0,5.148936212063E0,6.E0));
#8052=LINE('',#8051,#8050);
#8053=CURVE_STYLE('',#62,POSITIVE_LENGTH_MEASURE(2.E-2),#27);
#8054=PRESENTATION_STYLE_ASSIGNMENT((#8053));
#8055=STYLED_ITEM('',(#8054),#8052);
#8056=DIRECTION('',(0.E0,0.E0,1.E0));
#8057=VECTOR('',#8056,2.E-1);
#8058=CARTESIAN_POINT('',(-3.325E0,5.382978737354E0,6.E0));
#8059=LINE('',#8058,#8057);
#8060=CURVE_STYLE('',#62,POSITIVE_LENGTH_MEASURE(2.E-2),#27);
#8061=PRESENTATION_STYLE_ASSIGNMENT((#8060));
#8062=STYLED_ITEM('',(#8061),#8059);
#8063=DIRECTION('',(0.E0,0.E0,1.E0));
#8064=VECTOR('',#8063,2.E-1);
#8065=CARTESIAN_POINT('',(-2.866666448116E0,5.5E0,6.E0));
#8066=LINE('',#8065,#8064);
#8067=CURVE_STYLE('',#62,POSITIVE_LENGTH_MEASURE(2.E-2),#27);
#8068=PRESENTATION_STYLE_ASSIGNMENT((#8067));
#8069=STYLED_ITEM('',(#8068),#8066);
#8070=DIRECTION('',(0.E0,0.E0,1.E0));
#8071=VECTOR('',#8070,2.E-1);
#8072=CARTESIAN_POINT('',(-2.29375E0,5.5E0,6.E0));
#8073=LINE('',#8072,#8071);
#8074=CURVE_STYLE('',#62,POSITIVE_LENGTH_MEASURE(2.E-2),#27);
#8075=PRESENTATION_STYLE_ASSIGNMENT((#8074));
#8076=STYLED_ITEM('',(#8075),#8073);
#8077=DIRECTION('',(0.E0,0.E0,1.E0));
#8078=VECTOR('',#8077,2.E-1);
#8079=CARTESIAN_POINT('',(-1.720833551884E0,5.382978737354E0,6.E0));
#8080=LINE('',#8079,#8078);
#8081=CURVE_STYLE('',#62,POSITIVE_LENGTH_MEASURE(2.E-2),#27);
#8082=PRESENTATION_STYLE_ASSIGNMENT((#8081));
#8083=STYLED_ITEM('',(#8082),#8080);
#8084=DIRECTION('',(0.E0,0.E0,1.E0));
#8085=VECTOR('',#8084,2.E-1);
#8086=CARTESIAN_POINT('',(-1.2625E0,5.031914949417E0,6.E0));
#8087=LINE('',#8086,#8085);
#8088=CURVE_STYLE('',#62,POSITIVE_LENGTH_MEASURE(2.E-2),#27);
#8089=PRESENTATION_STYLE_ASSIGNMENT((#8088));
#8090=STYLED_ITEM('',(#8089),#8087);
#8091=DIRECTION('',(0.E0,0.E0,1.E0));
#8092=VECTOR('',#8091,2.E-1);
#8093=CARTESIAN_POINT('',(-9.1875E-1,4.563829898834E0,6.E0));
#8094=LINE('',#8093,#8092);
#8095=CURVE_STYLE('',#62,POSITIVE_LENGTH_MEASURE(2.E-2),#27);
#8096=PRESENTATION_STYLE_ASSIGNMENT((#8095));
#8097=STYLED_ITEM('',(#8096),#8094);
#8098=DIRECTION('',(0.E0,0.E0,1.E0));
#8099=VECTOR('',#8098,2.E-1);
#8100=CARTESIAN_POINT('',(-8.041664481163E-1,4.212766110897E0,6.E0));
#8101=LINE('',#8100,#8099);
#8102=CURVE_STYLE('',#62,POSITIVE_LENGTH_MEASURE(2.E-2),#27);
#8103=PRESENTATION_STYLE_ASSIGNMENT((#8102));
#8104=STYLED_ITEM('',(#8103),#8101);
#8105=DIRECTION('',(0.E0,0.E0,1.E0));
#8106=VECTOR('',#8105,2.E-1);
#8107=CARTESIAN_POINT('',(4.695832896233E0,4.212766110897E0,6.E0));
#8108=LINE('',#8107,#8106);
#8109=CURVE_STYLE('',#62,POSITIVE_LENGTH_MEASURE(2.E-2),#27);
#8110=PRESENTATION_STYLE_ASSIGNMENT((#8109));
#8111=STYLED_ITEM('',(#8110),#8108);
#8112=DIRECTION('',(0.E0,0.E0,1.E0));
#8113=VECTOR('',#8112,2.E-1);
#8114=CARTESIAN_POINT('',(4.695832896233E0,3.744680732489E0,6.E0));
#8115=LINE('',#8114,#8113);
#8116=CURVE_STYLE('',#62,POSITIVE_LENGTH_MEASURE(2.E-2),#27);
#8117=PRESENTATION_STYLE_ASSIGNMENT((#8116));
#8118=STYLED_ITEM('',(#8117),#8115);
#8119=DIRECTION('',(0.E0,0.E0,1.E0));
#8120=VECTOR('',#8119,2.E-1);
#8121=CARTESIAN_POINT('',(4.58125E0,3.393616944551E0,6.E0));
#8122=LINE('',#8121,#8120);
#8123=CURVE_STYLE('',#62,POSITIVE_LENGTH_MEASURE(2.E-2),#27);
#8124=PRESENTATION_STYLE_ASSIGNMENT((#8123));
#8125=STYLED_ITEM('',(#8124),#8122);
#8126=DIRECTION('',(0.E0,0.E0,1.E0));
#8127=VECTOR('',#8126,2.E-1);
#8128=CARTESIAN_POINT('',(4.2375E0,2.925531893969E0,6.E0));
#8129=LINE('',#8128,#8127);
#8130=CURVE_STYLE('',#62,POSITIVE_LENGTH_MEASURE(2.E-2),#27);
#8131=PRESENTATION_STYLE_ASSIGNMENT((#8130));
#8132=STYLED_ITEM('',(#8131),#8129);
#8133=DIRECTION('',(0.E0,0.E0,1.E0));
#8134=VECTOR('',#8133,2.E-1);
#8135=CARTESIAN_POINT('',(3.779167103767E0,2.574468106031E0,6.E0));
#8136=LINE('',#8135,#8134);
#8137=CURVE_STYLE('',#62,POSITIVE_LENGTH_MEASURE(2.E-2),#27);
#8138=PRESENTATION_STYLE_ASSIGNMENT((#8137));
#8139=STYLED_ITEM('',(#8138),#8136);
#8140=DIRECTION('',(0.E0,0.E0,1.E0));
#8141=VECTOR('',#8140,2.E-1);
#8142=CARTESIAN_POINT('',(3.20625E0,2.457446843386E0,6.E0));
#8143=LINE('',#8142,#8141);
#8144=CURVE_STYLE('',#62,POSITIVE_LENGTH_MEASURE(2.E-2),#27);
#8145=PRESENTATION_STYLE_ASSIGNMENT((#8144));
#8146=STYLED_ITEM('',(#8145),#8143);
#8147=DIRECTION('',(0.E0,0.E0,1.E0));
#8148=VECTOR('',#8147,2.E-1);
#8149=CARTESIAN_POINT('',(1.14375E0,2.457446843386E0,6.E0));
#8150=LINE('',#8149,#8148);
#8151=CURVE_STYLE('',#62,POSITIVE_LENGTH_MEASURE(2.E-2),#27);
#8152=PRESENTATION_STYLE_ASSIGNMENT((#8151));
#8153=STYLED_ITEM('',(#8152),#8150);
#8154=DIRECTION('',(0.E0,0.E0,1.E0));
#8155=VECTOR('',#8154,2.E-1);
#8156=CARTESIAN_POINT('',(1.14375E0,0.E0,6.E0));
#8157=LINE('',#8156,#8155);
#8158=CURVE_STYLE('',#62,POSITIVE_LENGTH_MEASURE(2.E-2),#27);
#8159=PRESENTATION_STYLE_ASSIGNMENT((#8158));
#8160=STYLED_ITEM('',(#8159),#8157);
#8161=DIRECTION('',(0.E0,0.E0,1.E0));
#8162=VECTOR('',#8161,2.E-1);
#8163=CARTESIAN_POINT('',(4.5625E-1,0.E0,6.E0));
#8164=LINE('',#8163,#8162);
#8165=CURVE_STYLE('',#62,POSITIVE_LENGTH_MEASURE(2.E-2),#27);
#8166=PRESENTATION_STYLE_ASSIGNMENT((#8165));
#8167=STYLED_ITEM('',(#8166),#8164);
#8168=DIRECTION('',(0.E0,0.E0,1.E0));
#8169=VECTOR('',#8168,2.E-1);
#8170=CARTESIAN_POINT('',(4.5625E-1,5.5E0,6.E0));
#8171=LINE('',#8170,#8169);
#8172=CURVE_STYLE('',#62,POSITIVE_LENGTH_MEASURE(2.E-2),#27);
#8173=PRESENTATION_STYLE_ASSIGNMENT((#8172));
#8174=STYLED_ITEM('',(#8173),#8171);
#8175=DIRECTION('',(0.E0,0.E0,1.E0));
#8176=VECTOR('',#8175,2.E-1);
#8177=CARTESIAN_POINT('',(3.20625E0,5.5E0,6.E0));
#8178=LINE('',#8177,#8176);
#8179=CURVE_STYLE('',#62,POSITIVE_LENGTH_MEASURE(2.E-2),#27);
#8180=PRESENTATION_STYLE_ASSIGNMENT((#8179));
#8181=STYLED_ITEM('',(#8180),#8178);
#8182=DIRECTION('',(0.E0,0.E0,1.E0));
#8183=VECTOR('',#8182,2.E-1);
#8184=CARTESIAN_POINT('',(3.779167103767E0,5.382978737354E0,6.E0));
#8185=LINE('',#8184,#8183);
#8186=CURVE_STYLE('',#62,POSITIVE_LENGTH_MEASURE(2.E-2),#27);
#8187=PRESENTATION_STYLE_ASSIGNMENT((#8186));
#8188=STYLED_ITEM('',(#8187),#8185);
#8189=DIRECTION('',(0.E0,0.E0,1.E0));
#8190=VECTOR('',#8189,2.E-1);
#8191=CARTESIAN_POINT('',(4.2375E0,5.031914949417E0,6.E0));
#8192=LINE('',#8191,#8190);
#8193=CURVE_STYLE('',#62,POSITIVE_LENGTH_MEASURE(2.E-2),#27);
#8194=PRESENTATION_STYLE_ASSIGNMENT((#8193));
#8195=STYLED_ITEM('',(#8194),#8192);
#8196=DIRECTION('',(0.E0,0.E0,1.E0));
#8197=VECTOR('',#8196,2.E-1);
#8198=CARTESIAN_POINT('',(4.58125E0,4.563829898834E0,6.E0));
#8199=LINE('',#8198,#8197);
#8200=CURVE_STYLE('',#62,POSITIVE_LENGTH_MEASURE(2.E-2),#27);
#8201=PRESENTATION_STYLE_ASSIGNMENT((#8200));
#8202=STYLED_ITEM('',(#8201),#8199);
#8203=DIRECTION('',(0.E0,0.E0,1.E0));
#8204=VECTOR('',#8203,2.E-1);
#8205=CARTESIAN_POINT('',(3.320832896233E0,3.159574419260E0,6.E0));
#8206=LINE('',#8205,#8204);
#8207=CURVE_STYLE('',#62,POSITIVE_LENGTH_MEASURE(2.E-2),#27);
#8208=PRESENTATION_STYLE_ASSIGNMENT((#8207));
#8209=STYLED_ITEM('',(#8208),#8206);
#8210=DIRECTION('',(0.E0,0.E0,1.E0));
#8211=VECTOR('',#8210,2.E-1);
#8212=CARTESIAN_POINT('',(3.664582896233E0,3.276595681906E0,6.E0));
#8213=LINE('',#8212,#8211);
#8214=CURVE_STYLE('',#62,POSITIVE_LENGTH_MEASURE(2.E-2),#27);
#8215=PRESENTATION_STYLE_ASSIGNMENT((#8214));
#8216=STYLED_ITEM('',(#8215),#8213);
#8217=DIRECTION('',(0.E0,0.E0,1.E0));
#8218=VECTOR('',#8217,2.E-1);
#8219=CARTESIAN_POINT('',(3.89375E0,3.510638207197E0,6.E0));
#8220=LINE('',#8219,#8218);
#8221=CURVE_STYLE('',#62,POSITIVE_LENGTH_MEASURE(2.E-2),#27);
#8222=PRESENTATION_STYLE_ASSIGNMENT((#8221));
#8223=STYLED_ITEM('',(#8222),#8220);
#8224=DIRECTION('',(0.E0,0.E0,1.E0));
#8225=VECTOR('',#8224,2.E-1);
#8226=CARTESIAN_POINT('',(4.008332896233E0,3.861701995134E0,6.E0));
#8227=LINE('',#8226,#8225);
#8228=CURVE_STYLE('',#62,POSITIVE_LENGTH_MEASURE(2.E-2),#27);
#8229=PRESENTATION_STYLE_ASSIGNMENT((#8228));
#8230=STYLED_ITEM('',(#8229),#8227);
#8231=DIRECTION('',(0.E0,0.E0,1.E0));
#8232=VECTOR('',#8231,2.E-1);
#8233=CARTESIAN_POINT('',(4.008332896233E0,4.212766110897E0,6.E0));
#8234=LINE('',#8233,#8232);
#8235=CURVE_STYLE('',#62,POSITIVE_LENGTH_MEASURE(2.E-2),#27);
#8236=PRESENTATION_STYLE_ASSIGNMENT((#8235));
#8237=STYLED_ITEM('',(#8236),#8234);
#8238=DIRECTION('',(0.E0,0.E0,1.E0));
#8239=VECTOR('',#8238,2.E-1);
#8240=CARTESIAN_POINT('',(3.89375E0,4.563829898834E0,6.E0));
#8241=LINE('',#8240,#8239);
#8242=CURVE_STYLE('',#62,POSITIVE_LENGTH_MEASURE(2.E-2),#27);
#8243=PRESENTATION_STYLE_ASSIGNMENT((#8242));
#8244=STYLED_ITEM('',(#8243),#8241);
#8245=DIRECTION('',(0.E0,0.E0,1.E0));
#8246=VECTOR('',#8245,2.E-1);
#8247=CARTESIAN_POINT('',(3.664582896233E0,4.797872424126E0,6.E0));
#8248=LINE('',#8247,#8246);
#8249=CURVE_STYLE('',#62,POSITIVE_LENGTH_MEASURE(2.E-2),#27);
#8250=PRESENTATION_STYLE_ASSIGNMENT((#8249));
#8251=STYLED_ITEM('',(#8250),#8248);
#8252=DIRECTION('',(0.E0,0.E0,1.E0));
#8253=VECTOR('',#8252,2.E-1);
#8254=CARTESIAN_POINT('',(3.320832896233E0,4.914893686771E0,6.E0));
#8255=LINE('',#8254,#8253);
#8256=CURVE_STYLE('',#62,POSITIVE_LENGTH_MEASURE(2.E-2),#27);
#8257=PRESENTATION_STYLE_ASSIGNMENT((#8256));
#8258=STYLED_ITEM('',(#8257),#8255);
#8259=DIRECTION('',(0.E0,0.E0,1.E0));
#8260=VECTOR('',#8259,2.E-1);
#8261=CARTESIAN_POINT('',(1.14375E0,4.914893686771E0,6.E0));
#8262=LINE('',#8261,#8260);
#8263=CURVE_STYLE('',#62,POSITIVE_LENGTH_MEASURE(2.E-2),#27);
#8264=PRESENTATION_STYLE_ASSIGNMENT((#8263));
#8265=STYLED_ITEM('',(#8264),#8262);
#8266=DIRECTION('',(0.E0,0.E0,1.E0));
#8267=VECTOR('',#8266,2.E-1);
#8268=CARTESIAN_POINT('',(1.14375E0,3.159574419260E0,6.E0));
#8269=LINE('',#8268,#8267);
#8270=CURVE_STYLE('',#62,POSITIVE_LENGTH_MEASURE(2.E-2),#27);
#8271=PRESENTATION_STYLE_ASSIGNMENT((#8270));
#8272=STYLED_ITEM('',(#8271),#8269);
#8273=DIRECTION('',(0.E0,0.E0,1.E0));
#8274=VECTOR('',#8273,2.E-1);
#8275=CARTESIAN_POINT('',(9.7375E0,7.021276578307E-1,6.E0));
#8276=LINE('',#8275,#8274);
#8277=CURVE_STYLE('',#62,POSITIVE_LENGTH_MEASURE(2.E-2),#27);
#8278=PRESENTATION_STYLE_ASSIGNMENT((#8277));
#8279=STYLED_ITEM('',(#8278),#8276);
#8280=DIRECTION('',(0.E0,0.E0,1.E0));
#8281=VECTOR('',#8280,2.E-1);
#8282=CARTESIAN_POINT('',(9.7375E0,0.E0,6.E0));
#8283=LINE('',#8282,#8281);
#8284=CURVE_STYLE('',#62,POSITIVE_LENGTH_MEASURE(2.E-2),#27);
#8285=PRESENTATION_STYLE_ASSIGNMENT((#8284));
#8286=STYLED_ITEM('',(#8285),#8283);
#8287=DIRECTION('',(0.E0,0.E0,1.E0));
#8288=VECTOR('',#8287,2.E-1);
#8289=CARTESIAN_POINT('',(5.6125E0,0.E0,6.E0));
#8290=LINE('',#8289,#8288);
#8291=CURVE_STYLE('',#62,POSITIVE_LENGTH_MEASURE(2.E-2),#27);
#8292=PRESENTATION_STYLE_ASSIGNMENT((#8291));
#8293=STYLED_ITEM('',(#8292),#8290);
#8294=DIRECTION('',(0.E0,0.E0,1.E0));
#8295=VECTOR('',#8294,2.E-1);
#8296=CARTESIAN_POINT('',(5.6125E0,5.5E0,6.E0));
#8297=LINE('',#8296,#8295);
#8298=CURVE_STYLE('',#62,POSITIVE_LENGTH_MEASURE(2.E-2),#27);
#8299=PRESENTATION_STYLE_ASSIGNMENT((#8298));
#8300=STYLED_ITEM('',(#8299),#8297);
#8301=DIRECTION('',(0.E0,0.E0,1.E0));
#8302=VECTOR('',#8301,2.E-1);
#8303=CARTESIAN_POINT('',(9.7375E0,5.5E0,6.E0));
#8304=LINE('',#8303,#8302);
#8305=CURVE_STYLE('',#62,POSITIVE_LENGTH_MEASURE(2.E-2),#27);
#8306=PRESENTATION_STYLE_ASSIGNMENT((#8305));
#8307=STYLED_ITEM('',(#8306),#8304);
#8308=DIRECTION('',(0.E0,0.E0,1.E0));
#8309=VECTOR('',#8308,2.E-1);
#8310=CARTESIAN_POINT('',(9.7375E0,4.797872424126E0,6.E0));
#8311=LINE('',#8310,#8309);
#8312=CURVE_STYLE('',#62,POSITIVE_LENGTH_MEASURE(2.E-2),#27);
#8313=PRESENTATION_STYLE_ASSIGNMENT((#8312));
#8314=STYLED_ITEM('',(#8313),#8311);
#8315=DIRECTION('',(0.E0,0.E0,1.E0));
#8316=VECTOR('',#8315,2.E-1);
#8317=CARTESIAN_POINT('',(6.3E0,4.797872424126E0,6.E0));
#8318=LINE('',#8317,#8316);
#8319=CURVE_STYLE('',#62,POSITIVE_LENGTH_MEASURE(2.E-2),#27);
#8320=PRESENTATION_STYLE_ASSIGNMENT((#8319));
#8321=STYLED_ITEM('',(#8320),#8318);
#8322=DIRECTION('',(0.E0,0.E0,1.E0));
#8323=VECTOR('',#8322,2.E-1);
#8324=CARTESIAN_POINT('',(6.3E0,3.276595681906E0,6.E0));
#8325=LINE('',#8324,#8323);
#8326=CURVE_STYLE('',#62,POSITIVE_LENGTH_MEASURE(2.E-2),#27);
#8327=PRESENTATION_STYLE_ASSIGNMENT((#8326));
#8328=STYLED_ITEM('',(#8327),#8325);
#8329=DIRECTION('',(0.E0,0.E0,1.E0));
#8330=VECTOR('',#8329,2.E-1);
#8331=CARTESIAN_POINT('',(9.279167103767E0,3.276595681906E0,6.E0));
#8332=LINE('',#8331,#8330);
#8333=CURVE_STYLE('',#62,POSITIVE_LENGTH_MEASURE(2.E-2),#27);
#8334=PRESENTATION_STYLE_ASSIGNMENT((#8333));
#8335=STYLED_ITEM('',(#8334),#8332);
#8336=DIRECTION('',(0.E0,0.E0,1.E0));
#8337=VECTOR('',#8336,2.E-1);
#8338=CARTESIAN_POINT('',(9.279167103767E0,2.574468106031E0,6.E0));
#8339=LINE('',#8338,#8337);
#8340=CURVE_STYLE('',#62,POSITIVE_LENGTH_MEASURE(2.E-2),#27);
#8341=PRESENTATION_STYLE_ASSIGNMENT((#8340));
#8342=STYLED_ITEM('',(#8341),#8339);
#8343=DIRECTION('',(0.E0,0.E0,1.E0));
#8344=VECTOR('',#8343,2.E-1);
#8345=CARTESIAN_POINT('',(6.3E0,2.574468106031E0,6.E0));
#8346=LINE('',#8345,#8344);
#8347=CURVE_STYLE('',#62,POSITIVE_LENGTH_MEASURE(2.E-2),#27);
#8348=PRESENTATION_STYLE_ASSIGNMENT((#8347));
#8349=STYLED_ITEM('',(#8348),#8346);
#8350=DIRECTION('',(0.E0,0.E0,1.E0));
#8351=VECTOR('',#8350,2.E-1);
#8352=CARTESIAN_POINT('',(6.3E0,7.021276578307E-1,6.E0));
#8353=LINE('',#8352,#8351);
#8354=CURVE_STYLE('',#62,POSITIVE_LENGTH_MEASURE(2.E-2),#27);
#8355=PRESENTATION_STYLE_ASSIGNMENT((#8354));
#8356=STYLED_ITEM('',(#8355),#8353);
#8357=DIRECTION('',(0.E0,0.E0,1.E0));
#8358=VECTOR('',#8357,2.E-1);
#8359=CARTESIAN_POINT('',(-7.95E0,-5.171276585758E0,6.E0));
#8360=LINE('',#8359,#8358);
#8361=CURVE_STYLE('',#62,POSITIVE_LENGTH_MEASURE(2.E-2),#27);
#8362=PRESENTATION_STYLE_ASSIGNMENT((#8361));
#8363=STYLED_ITEM('',(#8362),#8360);
#8364=DIRECTION('',(0.E0,0.E0,1.E0));
#8365=VECTOR('',#8364,2.E-1);
#8366=CARTESIAN_POINT('',(-5.325000089407E0,-2.777659648657E0,6.E0));
#8367=LINE('',#8366,#8365);
#8368=CURVE_STYLE('',#62,POSITIVE_LENGTH_MEASURE(2.E-2),#27);
#8369=PRESENTATION_STYLE_ASSIGNMENT((#8368));
#8370=STYLED_ITEM('',(#8369),#8367);
#8371=DIRECTION('',(0.E0,0.E0,1.E0));
#8372=VECTOR('',#8371,2.E-1);
#8373=CARTESIAN_POINT('',(-5.1375E0,-2.394680970907E0,6.E0));
#8374=LINE('',#8373,#8372);
#8375=CURVE_STYLE('',#62,POSITIVE_LENGTH_MEASURE(2.E-2),#27);
#8376=PRESENTATION_STYLE_ASSIGNMENT((#8375));
#8377=STYLED_ITEM('',(#8376),#8374);
#8378=DIRECTION('',(0.E0,0.E0,1.E0));
#8379=VECTOR('',#8378,2.E-1);
#8380=CARTESIAN_POINT('',(-5.1375E0,-2.203191363811E0,6.E0));
#8381=LINE('',#8380,#8379);
#8382=CURVE_STYLE('',#62,POSITIVE_LENGTH_MEASURE(2.E-2),#27);
#8383=PRESENTATION_STYLE_ASSIGNMENT((#8382));
#8384=STYLED_ITEM('',(#8383),#8381);
#8385=DIRECTION('',(0.E0,0.E0,1.E0));
#8386=VECTOR('',#8385,2.E-1);
#8387=CARTESIAN_POINT('',(-5.325000089407E0,-1.915957355499E0,6.E0));
#8388=LINE('',#8387,#8386);
#8389=CURVE_STYLE('',#62,POSITIVE_LENGTH_MEASURE(2.E-2),#27);
#8390=PRESENTATION_STYLE_ASSIGNMENT((#8389));
#8391=STYLED_ITEM('',(#8390),#8388);
#8392=DIRECTION('',(0.E0,0.E0,1.E0));
#8393=VECTOR('',#8392,2.E-1);
#8394=CARTESIAN_POINT('',(-5.606250089407E0,-1.724468016624E0,6.E0));
#8395=LINE('',#8394,#8393);
#8396=CURVE_STYLE('',#62,POSITIVE_LENGTH_MEASURE(2.E-2),#27);
#8397=PRESENTATION_STYLE_ASSIGNMENT((#8396));
#8398=STYLED_ITEM('',(#8397),#8395);
#8399=DIRECTION('',(0.E0,0.E0,1.E0));
#8400=VECTOR('',#8399,2.E-1);
#8401=CARTESIAN_POINT('',(-6.075000044703E0,-1.628723347187E0,6.E0));
#8402=LINE('',#8401,#8400);
#8403=CURVE_STYLE('',#62,POSITIVE_LENGTH_MEASURE(2.E-2),#27);
#8404=PRESENTATION_STYLE_ASSIGNMENT((#8403));
#8405=STYLED_ITEM('',(#8404),#8402);
#8406=DIRECTION('',(0.E0,0.E0,1.E0));
#8407=VECTOR('',#8406,2.E-1);
#8408=CARTESIAN_POINT('',(-6.449999955297E0,-1.628723347187E0,6.E0));
#8409=LINE('',#8408,#8407);
#8410=CURVE_STYLE('',#62,POSITIVE_LENGTH_MEASURE(2.E-2),#27);
#8411=PRESENTATION_STYLE_ASSIGNMENT((#8410));
#8412=STYLED_ITEM('',(#8411),#8409);
#8413=DIRECTION('',(0.E0,0.E0,1.E0));
#8414=VECTOR('',#8413,2.E-1);
#8415=CARTESIAN_POINT('',(-6.918749977648E0,-1.724468016624E0,6.E0));
#8416=LINE('',#8415,#8414);
#8417=CURVE_STYLE('',#62,POSITIVE_LENGTH_MEASURE(2.E-2),#27);
#8418=PRESENTATION_STYLE_ASSIGNMENT((#8417));
#8419=STYLED_ITEM('',(#8418),#8416);
#8420=DIRECTION('',(0.E0,0.E0,1.E0));
#8421=VECTOR('',#8420,2.E-1);
#8422=CARTESIAN_POINT('',(-7.199999977648E0,-1.915957355499E0,6.E0));
#8423=LINE('',#8422,#8421);
#8424=CURVE_STYLE('',#62,POSITIVE_LENGTH_MEASURE(2.E-2),#27);
#8425=PRESENTATION_STYLE_ASSIGNMENT((#8424));
#8426=STYLED_ITEM('',(#8425),#8423);
#8427=DIRECTION('',(0.E0,0.E0,1.E0));
#8428=VECTOR('',#8427,2.E-1);
#8429=CARTESIAN_POINT('',(-7.3875E0,-2.203191363811E0,6.E0));
#8430=LINE('',#8429,#8428);
#8431=CURVE_STYLE('',#62,POSITIVE_LENGTH_MEASURE(2.E-2),#27);
#8432=PRESENTATION_STYLE_ASSIGNMENT((#8431));
#8433=STYLED_ITEM('',(#8432),#8430);
#8434=DIRECTION('',(0.E0,0.E0,1.E0));
#8435=VECTOR('',#8434,2.E-1);
#8436=CARTESIAN_POINT('',(-7.856249997206E0,-2.203191363811E0,6.E0));
#8437=LINE('',#8436,#8435);
#8438=CURVE_STYLE('',#62,POSITIVE_LENGTH_MEASURE(2.E-2),#27);
#8439=PRESENTATION_STYLE_ASSIGNMENT((#8438));
#8440=STYLED_ITEM('',(#8439),#8437);
#8441=DIRECTION('',(0.E0,0.E0,1.E0));
#8442=VECTOR('',#8441,2.E-1);
#8443=CARTESIAN_POINT('',(-7.762499994412E0,-1.820212686062E0,6.E0));
#8444=LINE('',#8443,#8442);
#8445=CURVE_STYLE('',#62,POSITIVE_LENGTH_MEASURE(2.E-2),#27);
#8446=PRESENTATION_STYLE_ASSIGNMENT((#8445));
#8447=STYLED_ITEM('',(#8446),#8444);
#8448=DIRECTION('',(0.E0,0.E0,1.E0));
#8449=VECTOR('',#8448,2.E-1);
#8450=CARTESIAN_POINT('',(-7.3875E0,-1.437234008312E0,6.E0));
#8451=LINE('',#8450,#8449);
#8452=CURVE_STYLE('',#62,POSITIVE_LENGTH_MEASURE(2.E-2),#27);
#8453=PRESENTATION_STYLE_ASSIGNMENT((#8452));
#8454=STYLED_ITEM('',(#8453),#8451);
#8455=DIRECTION('',(0.E0,0.E0,1.E0));
#8456=VECTOR('',#8455,2.E-1);
#8457=CARTESIAN_POINT('',(-7.012500022352E0,-1.245744669437E0,6.E0));
#8458=LINE('',#8457,#8456);
#8459=CURVE_STYLE('',#62,POSITIVE_LENGTH_MEASURE(2.E-2),#27);
#8460=PRESENTATION_STYLE_ASSIGNMENT((#8459));
#8461=STYLED_ITEM('',(#8460),#8458);
#8462=DIRECTION('',(0.E0,0.E0,1.E0));
#8463=VECTOR('',#8462,2.E-1);
#8464=CARTESIAN_POINT('',(-6.356250044703E0,-1.15E0,6.E0));
#8465=LINE('',#8464,#8463);
#8466=CURVE_STYLE('',#62,POSITIVE_LENGTH_MEASURE(2.E-2),#27);
#8467=PRESENTATION_STYLE_ASSIGNMENT((#8466));
#8468=STYLED_ITEM('',(#8467),#8465);
#8469=DIRECTION('',(0.E0,0.E0,1.E0));
#8470=VECTOR('',#8469,2.E-1);
#8471=CARTESIAN_POINT('',(-5.98125E0,-1.15E0,6.E0));
#8472=LINE('',#8471,#8470);
#8473=CURVE_STYLE('',#62,POSITIVE_LENGTH_MEASURE(2.E-2),#27);
#8474=PRESENTATION_STYLE_ASSIGNMENT((#8473));
#8475=STYLED_ITEM('',(#8474),#8472);
#8476=DIRECTION('',(0.E0,0.E0,1.E0));
#8477=VECTOR('',#8476,2.E-1);
#8478=CARTESIAN_POINT('',(-5.41875E0,-1.245744669437E0,6.E0));
#8479=LINE('',#8478,#8477);
#8480=CURVE_STYLE('',#62,POSITIVE_LENGTH_MEASURE(2.E-2),#27);
#8481=PRESENTATION_STYLE_ASSIGNMENT((#8480));
#8482=STYLED_ITEM('',(#8481),#8479);
#8483=DIRECTION('',(0.E0,0.E0,1.E0));
#8484=VECTOR('',#8483,2.E-1);
#8485=CARTESIAN_POINT('',(-5.043750089407E0,-1.437234008312E0,6.E0));
#8486=LINE('',#8485,#8484);
#8487=CURVE_STYLE('',#62,POSITIVE_LENGTH_MEASURE(2.E-2),#27);
#8488=PRESENTATION_STYLE_ASSIGNMENT((#8487));
#8489=STYLED_ITEM('',(#8488),#8486);
#8490=DIRECTION('',(0.E0,0.E0,1.E0));
#8491=VECTOR('',#8490,2.E-1);
#8492=CARTESIAN_POINT('',(-4.668749910593E0,-1.820212686062E0,6.E0));
#8493=LINE('',#8492,#8491);
#8494=CURVE_STYLE('',#62,POSITIVE_LENGTH_MEASURE(2.E-2),#27);
#8495=PRESENTATION_STYLE_ASSIGNMENT((#8494));
#8496=STYLED_ITEM('',(#8495),#8493);
#8497=DIRECTION('',(0.E0,0.E0,1.E0));
#8498=VECTOR('',#8497,2.E-1);
#8499=CARTESIAN_POINT('',(-4.575E0,-2.203191363811E0,6.E0));
#8500=LINE('',#8499,#8498);
#8501=CURVE_STYLE('',#62,POSITIVE_LENGTH_MEASURE(2.E-2),#27);
#8502=PRESENTATION_STYLE_ASSIGNMENT((#8501));
#8503=STYLED_ITEM('',(#8502),#8500);
#8504=DIRECTION('',(0.E0,0.E0,1.E0));
#8505=VECTOR('',#8504,2.E-1);
#8506=CARTESIAN_POINT('',(-4.575E0,-2.394680970907E0,6.E0));
#8507=LINE('',#8506,#8505);
#8508=CURVE_STYLE('',#62,POSITIVE_LENGTH_MEASURE(2.E-2),#27);
#8509=PRESENTATION_STYLE_ASSIGNMENT((#8508));
#8510=STYLED_ITEM('',(#8509),#8507);
#8511=DIRECTION('',(0.E0,0.E0,1.E0));
#8512=VECTOR('',#8511,2.E-1);
#8513=CARTESIAN_POINT('',(-4.668749910593E0,-2.777659648657E0,6.E0));
#8514=LINE('',#8513,#8512);
#8515=CURVE_STYLE('',#62,POSITIVE_LENGTH_MEASURE(2.E-2),#27);
#8516=PRESENTATION_STYLE_ASSIGNMENT((#8515));
#8517=STYLED_ITEM('',(#8516),#8514);
#8518=DIRECTION('',(0.E0,0.E0,1.E0));
#8519=VECTOR('',#8518,2.E-1);
#8520=CARTESIAN_POINT('',(-4.85625E0,-3.064893656969E0,6.E0));
#8521=LINE('',#8520,#8519);
#8522=CURVE_STYLE('',#62,POSITIVE_LENGTH_MEASURE(2.E-2),#27);
#8523=PRESENTATION_STYLE_ASSIGNMENT((#8522));
#8524=STYLED_ITEM('',(#8523),#8521);
#8525=DIRECTION('',(0.E0,0.E0,1.E0));
#8526=VECTOR('',#8525,2.E-1);
#8527=CARTESIAN_POINT('',(-7.199999977648E0,-5.171276585758E0,6.E0));
#8528=LINE('',#8527,#8526);
#8529=CURVE_STYLE('',#62,POSITIVE_LENGTH_MEASURE(2.E-2),#27);
#8530=PRESENTATION_STYLE_ASSIGNMENT((#8529));
#8531=STYLED_ITEM('',(#8530),#8528);
#8532=DIRECTION('',(0.E0,0.E0,1.E0));
#8533=VECTOR('',#8532,2.E-1);
#8534=CARTESIAN_POINT('',(-4.575E0,-5.171276585758E0,6.E0));
#8535=LINE('',#8534,#8533);
#8536=CURVE_STYLE('',#62,POSITIVE_LENGTH_MEASURE(2.E-2),#27);
#8537=PRESENTATION_STYLE_ASSIGNMENT((#8536));
#8538=STYLED_ITEM('',(#8537),#8535);
#8539=DIRECTION('',(0.E0,0.E0,1.E0));
#8540=VECTOR('',#8539,2.E-1);
#8541=CARTESIAN_POINT('',(-4.575E0,-5.65E0,6.E0));
#8542=LINE('',#8541,#8540);
#8543=CURVE_STYLE('',#62,POSITIVE_LENGTH_MEASURE(2.E-2),#27);
#8544=PRESENTATION_STYLE_ASSIGNMENT((#8543));
#8545=STYLED_ITEM('',(#8544),#8542);
#8546=DIRECTION('',(0.E0,0.E0,1.E0));
#8547=VECTOR('',#8546,2.E-1);
#8548=CARTESIAN_POINT('',(-7.95E0,-5.65E0,6.E0));
#8549=LINE('',#8548,#8547);
#8550=CURVE_STYLE('',#62,POSITIVE_LENGTH_MEASURE(2.E-2),#27);
#8551=PRESENTATION_STYLE_ASSIGNMENT((#8550));
#8552=STYLED_ITEM('',(#8551),#8549);
#8553=DIRECTION('',(0.E0,0.E0,1.E0));
#8554=VECTOR('',#8553,2.E-1);
#8555=CARTESIAN_POINT('',(-3.824999910593E0,-2.969148987532E0,6.E0));
#8556=LINE('',#8555,#8554);
#8557=CURVE_STYLE('',#62,POSITIVE_LENGTH_MEASURE(2.E-2),#27);
#8558=PRESENTATION_STYLE_ASSIGNMENT((#8557));
#8559=STYLED_ITEM('',(#8558),#8556);
#8560=DIRECTION('',(0.E0,0.E0,1.E0));
#8561=VECTOR('',#8560,2.E-1);
#8562=CARTESIAN_POINT('',(-3.73125E0,-2.490425640345E0,6.E0));
#8563=LINE('',#8562,#8561);
#8564=CURVE_STYLE('',#62,POSITIVE_LENGTH_MEASURE(2.E-2),#27);
#8565=PRESENTATION_STYLE_ASSIGNMENT((#8564));
#8566=STYLED_ITEM('',(#8565),#8563);
#8567=DIRECTION('',(0.E0,0.E0,1.E0));
#8568=VECTOR('',#8567,2.E-1);
#8569=CARTESIAN_POINT('',(-3.637500089407E0,-2.203191363811E0,6.E0));
#8570=LINE('',#8569,#8568);
#8571=CURVE_STYLE('',#62,POSITIVE_LENGTH_MEASURE(2.E-2),#27);
#8572=PRESENTATION_STYLE_ASSIGNMENT((#8571));
#8573=STYLED_ITEM('',(#8572),#8570);
#8574=DIRECTION('',(0.E0,0.E0,1.E0));
#8575=VECTOR('',#8574,2.E-1);
#8576=CARTESIAN_POINT('',(-3.45E0,-1.820212686062E0,6.E0));
#8577=LINE('',#8576,#8575);
#8578=CURVE_STYLE('',#62,POSITIVE_LENGTH_MEASURE(2.E-2),#27);
#8579=PRESENTATION_STYLE_ASSIGNMENT((#8578));
#8580=STYLED_ITEM('',(#8579),#8577);
#8581=DIRECTION('',(0.E0,0.E0,1.E0));
#8582=VECTOR('',#8581,2.E-1);
#8583=CARTESIAN_POINT('',(-3.16875E0,-1.532978677750E0,6.E0));
#8584=LINE('',#8583,#8582);
#8585=CURVE_STYLE('',#62,POSITIVE_LENGTH_MEASURE(2.E-2),#27);
#8586=PRESENTATION_STYLE_ASSIGNMENT((#8585));
#8587=STYLED_ITEM('',(#8586),#8584);
#8588=DIRECTION('',(0.E0,0.E0,1.E0));
#8589=VECTOR('',#8588,2.E-1);
#8590=CARTESIAN_POINT('',(-2.700000178814E0,-1.245744669437E0,6.E0));
#8591=LINE('',#8590,#8589);
#8592=CURVE_STYLE('',#62,POSITIVE_LENGTH_MEASURE(2.E-2),#27);
#8593=PRESENTATION_STYLE_ASSIGNMENT((#8592));
#8594=STYLED_ITEM('',(#8593),#8591);
#8595=DIRECTION('',(0.E0,0.E0,1.E0));
#8596=VECTOR('',#8595,2.E-1);
#8597=CARTESIAN_POINT('',(-2.137500178814E0,-1.15E0,6.E0));
#8598=LINE('',#8597,#8596);
#8599=CURVE_STYLE('',#62,POSITIVE_LENGTH_MEASURE(2.E-2),#27);
#8600=PRESENTATION_STYLE_ASSIGNMENT((#8599));
#8601=STYLED_ITEM('',(#8600),#8598);
#8602=DIRECTION('',(0.E0,0.E0,1.E0));
#8603=VECTOR('',#8602,2.E-1);
#8604=CARTESIAN_POINT('',(-1.575000178814E0,-1.245744669437E0,6.E0));
#8605=LINE('',#8604,#8603);
#8606=CURVE_STYLE('',#62,POSITIVE_LENGTH_MEASURE(2.E-2),#27);
#8607=PRESENTATION_STYLE_ASSIGNMENT((#8606));
#8608=STYLED_ITEM('',(#8607),#8605);
#8609=DIRECTION('',(0.E0,0.E0,1.E0));
#8610=VECTOR('',#8609,2.E-1);
#8611=CARTESIAN_POINT('',(-1.106249821186E0,-1.532978677750E0,6.E0));
#8612=LINE('',#8611,#8610);
#8613=CURVE_STYLE('',#62,POSITIVE_LENGTH_MEASURE(2.E-2),#27);
#8614=PRESENTATION_STYLE_ASSIGNMENT((#8613));
#8615=STYLED_ITEM('',(#8614),#8612);
#8616=DIRECTION('',(0.E0,0.E0,1.E0));
#8617=VECTOR('',#8616,2.E-1);
#8618=CARTESIAN_POINT('',(-8.249998211861E-1,-1.820212686062E0,6.E0));
#8619=LINE('',#8618,#8617);
#8620=CURVE_STYLE('',#62,POSITIVE_LENGTH_MEASURE(2.E-2),#27);
#8621=PRESENTATION_STYLE_ASSIGNMENT((#8620));
#8622=STYLED_ITEM('',(#8621),#8619);
#8623=DIRECTION('',(0.E0,0.E0,1.E0));
#8624=VECTOR('',#8623,2.E-1);
#8625=CARTESIAN_POINT('',(-6.375E-1,-2.203191363811E0,6.E0));
#8626=LINE('',#8625,#8624);
#8627=CURVE_STYLE('',#62,POSITIVE_LENGTH_MEASURE(2.E-2),#27);
#8628=PRESENTATION_STYLE_ASSIGNMENT((#8627));
#8629=STYLED_ITEM('',(#8628),#8626);
#8630=DIRECTION('',(0.E0,0.E0,1.E0));
#8631=VECTOR('',#8630,2.E-1);
#8632=CARTESIAN_POINT('',(-5.437498211861E-1,-2.490425640345E0,6.E0));
#8633=LINE('',#8632,#8631);
#8634=CURVE_STYLE('',#62,POSITIVE_LENGTH_MEASURE(2.E-2),#27);
#8635=PRESENTATION_STYLE_ASSIGNMENT((#8634));
#8636=STYLED_ITEM('',(#8635),#8633);
#8637=DIRECTION('',(0.E0,0.E0,1.E0));
#8638=VECTOR('',#8637,2.E-1);
#8639=CARTESIAN_POINT('',(-4.500001788139E-1,-2.969148987532E0,6.E0));
#8640=LINE('',#8639,#8638);
#8641=CURVE_STYLE('',#62,POSITIVE_LENGTH_MEASURE(2.E-2),#27);
#8642=PRESENTATION_STYLE_ASSIGNMENT((#8641));
#8643=STYLED_ITEM('',(#8642),#8640);
#8644=DIRECTION('',(0.E0,0.E0,1.E0));
#8645=VECTOR('',#8644,2.E-1);
#8646=CARTESIAN_POINT('',(-4.500001788139E-1,-3.830851012468E0,6.E0));
#8647=LINE('',#8646,#8645);
#8648=CURVE_STYLE('',#62,POSITIVE_LENGTH_MEASURE(2.E-2),#27);
#8649=PRESENTATION_STYLE_ASSIGNMENT((#8648));
#8650=STYLED_ITEM('',(#8649),#8647);
#8651=DIRECTION('',(0.E0,0.E0,1.E0));
#8652=VECTOR('',#8651,2.E-1);
#8653=CARTESIAN_POINT('',(-5.437498211861E-1,-4.309574493766E0,6.E0));
#8654=LINE('',#8653,#8652);
#8655=CURVE_STYLE('',#62,POSITIVE_LENGTH_MEASURE(2.E-2),#27);
#8656=PRESENTATION_STYLE_ASSIGNMENT((#8655));
#8657=STYLED_ITEM('',(#8656),#8654);
#8658=DIRECTION('',(0.E0,0.E0,1.E0));
#8659=VECTOR('',#8658,2.E-1);
#8660=CARTESIAN_POINT('',(-6.375E-1,-4.596808502078E0,6.E0));
#8661=LINE('',#8660,#8659);
#8662=CURVE_STYLE('',#62,POSITIVE_LENGTH_MEASURE(2.E-2),#27);
#8663=PRESENTATION_STYLE_ASSIGNMENT((#8662));
#8664=STYLED_ITEM('',(#8663),#8661);
#8665=DIRECTION('',(0.E0,0.E0,1.E0));
#8666=VECTOR('',#8665,2.E-1);
#8667=CARTESIAN_POINT('',(-8.249998211861E-1,-4.979787246883E0,6.E0));
#8668=LINE('',#8667,#8666);
#8669=CURVE_STYLE('',#62,POSITIVE_LENGTH_MEASURE(2.E-2),#27);
#8670=PRESENTATION_STYLE_ASSIGNMENT((#8669));
#8671=STYLED_ITEM('',(#8670),#8668);
#8672=DIRECTION('',(0.E0,0.E0,1.E0));
#8673=VECTOR('',#8672,2.E-1);
#8674=CARTESIAN_POINT('',(-1.106249821186E0,-5.267021288723E0,6.E0));
#8675=LINE('',#8674,#8673);
#8676=CURVE_STYLE('',#62,POSITIVE_LENGTH_MEASURE(2.E-2),#27);
#8677=PRESENTATION_STYLE_ASSIGNMENT((#8676));
#8678=STYLED_ITEM('',(#8677),#8675);
#8679=DIRECTION('',(0.E0,0.E0,1.E0));
#8680=VECTOR('',#8679,2.E-1);
#8681=CARTESIAN_POINT('',(-1.575000178814E0,-5.554255322181E0,6.E0));
#8682=LINE('',#8681,#8680);
#8683=CURVE_STYLE('',#62,POSITIVE_LENGTH_MEASURE(2.E-2),#27);
#8684=PRESENTATION_STYLE_ASSIGNMENT((#8683));
#8685=STYLED_ITEM('',(#8684),#8682);
#8686=DIRECTION('',(0.E0,0.E0,1.E0));
#8687=VECTOR('',#8686,2.E-1);
#8688=CARTESIAN_POINT('',(-2.137500178814E0,-5.65E0,6.E0));
#8689=LINE('',#8688,#8687);
#8690=CURVE_STYLE('',#62,POSITIVE_LENGTH_MEASURE(2.E-2),#27);
#8691=PRESENTATION_STYLE_ASSIGNMENT((#8690));
#8692=STYLED_ITEM('',(#8691),#8689);
#8693=DIRECTION('',(0.E0,0.E0,1.E0));
#8694=VECTOR('',#8693,2.E-1);
#8695=CARTESIAN_POINT('',(-2.700000178814E0,-5.554255322181E0,6.E0));
#8696=LINE('',#8695,#8694);
#8697=CURVE_STYLE('',#62,POSITIVE_LENGTH_MEASURE(2.E-2),#27);
#8698=PRESENTATION_STYLE_ASSIGNMENT((#8697));
#8699=STYLED_ITEM('',(#8698),#8696);
#8700=DIRECTION('',(0.E0,0.E0,1.E0));
#8701=VECTOR('',#8700,2.E-1);
#8702=CARTESIAN_POINT('',(-3.16875E0,-5.267021288723E0,6.E0));
#8703=LINE('',#8702,#8701);
#8704=CURVE_STYLE('',#62,POSITIVE_LENGTH_MEASURE(2.E-2),#27);
#8705=PRESENTATION_STYLE_ASSIGNMENT((#8704));
#8706=STYLED_ITEM('',(#8705),#8703);
#8707=DIRECTION('',(0.E0,0.E0,1.E0));
#8708=VECTOR('',#8707,2.E-1);
#8709=CARTESIAN_POINT('',(-3.45E0,-4.979787246883E0,6.E0));
#8710=LINE('',#8709,#8708);
#8711=CURVE_STYLE('',#62,POSITIVE_LENGTH_MEASURE(2.E-2),#27);
#8712=PRESENTATION_STYLE_ASSIGNMENT((#8711));
#8713=STYLED_ITEM('',(#8712),#8710);
#8714=DIRECTION('',(0.E0,0.E0,1.E0));
#8715=VECTOR('',#8714,2.E-1);
#8716=CARTESIAN_POINT('',(-3.637500089407E0,-4.596808502078E0,6.E0));
#8717=LINE('',#8716,#8715);
#8718=CURVE_STYLE('',#62,POSITIVE_LENGTH_MEASURE(2.E-2),#27);
#8719=PRESENTATION_STYLE_ASSIGNMENT((#8718));
#8720=STYLED_ITEM('',(#8719),#8717);
#8721=DIRECTION('',(0.E0,0.E0,1.E0));
#8722=VECTOR('',#8721,2.E-1);
#8723=CARTESIAN_POINT('',(-3.73125E0,-4.309574493766E0,6.E0));
#8724=LINE('',#8723,#8722);
#8725=CURVE_STYLE('',#62,POSITIVE_LENGTH_MEASURE(2.E-2),#27);
#8726=PRESENTATION_STYLE_ASSIGNMENT((#8725));
#8727=STYLED_ITEM('',(#8726),#8724);
#8728=DIRECTION('',(0.E0,0.E0,1.E0));
#8729=VECTOR('',#8728,2.E-1);
#8730=CARTESIAN_POINT('',(-3.824999910593E0,-3.830851012468E0,6.E0));
#8731=LINE('',#8730,#8729);
#8732=CURVE_STYLE('',#62,POSITIVE_LENGTH_MEASURE(2.E-2),#27);
#8733=PRESENTATION_STYLE_ASSIGNMENT((#8732));
#8734=STYLED_ITEM('',(#8733),#8731);
#8735=DIRECTION('',(0.E0,0.E0,1.E0));
#8736=VECTOR('',#8735,2.E-1);
#8737=CARTESIAN_POINT('',(-3.356249821186E0,-3.064893656969E0,6.E0));
#8738=LINE('',#8737,#8736);
#8739=CURVE_STYLE('',#62,POSITIVE_LENGTH_MEASURE(2.E-2),#27);
#8740=PRESENTATION_STYLE_ASSIGNMENT((#8739));
#8741=STYLED_ITEM('',(#8740),#8738);
#8742=DIRECTION('',(0.E0,0.E0,1.E0));
#8743=VECTOR('',#8742,2.E-1);
#8744=CARTESIAN_POINT('',(-3.356249821186E0,-3.735106343031E0,6.E0));
#8745=LINE('',#8744,#8743);
#8746=CURVE_STYLE('',#62,POSITIVE_LENGTH_MEASURE(2.E-2),#27);
#8747=PRESENTATION_STYLE_ASSIGNMENT((#8746));
#8748=STYLED_ITEM('',(#8747),#8745);
#8749=DIRECTION('',(0.E0,0.E0,1.E0));
#8750=VECTOR('',#8749,2.E-1);
#8751=CARTESIAN_POINT('',(-3.262500178814E0,-4.309574493766E0,6.E0));
#8752=LINE('',#8751,#8750);
#8753=CURVE_STYLE('',#62,POSITIVE_LENGTH_MEASURE(2.E-2),#27);
#8754=PRESENTATION_STYLE_ASSIGNMENT((#8753));
#8755=STYLED_ITEM('',(#8754),#8752);
#8756=DIRECTION('',(0.E0,0.E0,1.E0));
#8757=VECTOR('',#8756,2.E-1);
#8758=CARTESIAN_POINT('',(-2.8875E0,-4.884042577446E0,6.E0));
#8759=LINE('',#8758,#8757);
#8760=CURVE_STYLE('',#62,POSITIVE_LENGTH_MEASURE(2.E-2),#27);
#8761=PRESENTATION_STYLE_ASSIGNMENT((#8760));
#8762=STYLED_ITEM('',(#8761),#8759);
#8763=DIRECTION('',(0.E0,0.E0,1.E0));
#8764=VECTOR('',#8763,2.E-1);
#8765=CARTESIAN_POINT('',(-2.60625E0,-5.075531916320E0,6.E0));
#8766=LINE('',#8765,#8764);
#8767=CURVE_STYLE('',#62,POSITIVE_LENGTH_MEASURE(2.E-2),#27);
#8768=PRESENTATION_STYLE_ASSIGNMENT((#8767));
#8769=STYLED_ITEM('',(#8768),#8766);
#8770=DIRECTION('',(0.E0,0.E0,1.E0));
#8771=VECTOR('',#8770,2.E-1);
#8772=CARTESIAN_POINT('',(-2.137500178814E0,-5.171276585758E0,6.E0));
#8773=LINE('',#8772,#8771);
#8774=CURVE_STYLE('',#62,POSITIVE_LENGTH_MEASURE(2.E-2),#27);
#8775=PRESENTATION_STYLE_ASSIGNMENT((#8774));
#8776=STYLED_ITEM('',(#8775),#8773);
#8777=DIRECTION('',(0.E0,0.E0,1.E0));
#8778=VECTOR('',#8777,2.E-1);
#8779=CARTESIAN_POINT('',(-1.668749821186E0,-5.075531916320E0,6.E0));
#8780=LINE('',#8779,#8778);
#8781=CURVE_STYLE('',#62,POSITIVE_LENGTH_MEASURE(2.E-2),#27);
#8782=PRESENTATION_STYLE_ASSIGNMENT((#8781));
#8783=STYLED_ITEM('',(#8782),#8780);
#8784=DIRECTION('',(0.E0,0.E0,1.E0));
#8785=VECTOR('',#8784,2.E-1);
#8786=CARTESIAN_POINT('',(-1.387499821186E0,-4.884042577446E0,6.E0));
#8787=LINE('',#8786,#8785);
#8788=CURVE_STYLE('',#62,POSITIVE_LENGTH_MEASURE(2.E-2),#27);
#8789=PRESENTATION_STYLE_ASSIGNMENT((#8788));
#8790=STYLED_ITEM('',(#8789),#8787);
#8791=DIRECTION('',(0.E0,0.E0,1.E0));
#8792=VECTOR('',#8791,2.E-1);
#8793=CARTESIAN_POINT('',(-1.012500178814E0,-4.309574493766E0,6.E0));
#8794=LINE('',#8793,#8792);
#8795=CURVE_STYLE('',#62,POSITIVE_LENGTH_MEASURE(2.E-2),#27);
#8796=PRESENTATION_STYLE_ASSIGNMENT((#8795));
#8797=STYLED_ITEM('',(#8796),#8794);
#8798=DIRECTION('',(0.E0,0.E0,1.E0));
#8799=VECTOR('',#8798,2.E-1);
#8800=CARTESIAN_POINT('',(-9.1875E-1,-3.735106343031E0,6.E0));
#8801=LINE('',#8800,#8799);
#8802=CURVE_STYLE('',#62,POSITIVE_LENGTH_MEASURE(2.E-2),#27);
#8803=PRESENTATION_STYLE_ASSIGNMENT((#8802));
#8804=STYLED_ITEM('',(#8803),#8801);
#8805=DIRECTION('',(0.E0,0.E0,1.E0));
#8806=VECTOR('',#8805,2.E-1);
#8807=CARTESIAN_POINT('',(-9.1875E-1,-3.064893656969E0,6.E0));
#8808=LINE('',#8807,#8806);
#8809=CURVE_STYLE('',#62,POSITIVE_LENGTH_MEASURE(2.E-2),#27);
#8810=PRESENTATION_STYLE_ASSIGNMENT((#8809));
#8811=STYLED_ITEM('',(#8810),#8808);
#8812=DIRECTION('',(0.E0,0.E0,1.E0));
#8813=VECTOR('',#8812,2.E-1);
#8814=CARTESIAN_POINT('',(-1.012500178814E0,-2.490425640345E0,6.E0));
#8815=LINE('',#8814,#8813);
#8816=CURVE_STYLE('',#62,POSITIVE_LENGTH_MEASURE(2.E-2),#27);
#8817=PRESENTATION_STYLE_ASSIGNMENT((#8816));
#8818=STYLED_ITEM('',(#8817),#8815);
#8819=DIRECTION('',(0.E0,0.E0,1.E0));
#8820=VECTOR('',#8819,2.E-1);
#8821=CARTESIAN_POINT('',(-1.387499821186E0,-1.915957355499E0,6.E0));
#8822=LINE('',#8821,#8820);
#8823=CURVE_STYLE('',#62,POSITIVE_LENGTH_MEASURE(2.E-2),#27);
#8824=PRESENTATION_STYLE_ASSIGNMENT((#8823));
#8825=STYLED_ITEM('',(#8824),#8822);
#8826=DIRECTION('',(0.E0,0.E0,1.E0));
#8827=VECTOR('',#8826,2.E-1);
#8828=CARTESIAN_POINT('',(-1.668749821186E0,-1.724468016624E0,6.E0));
#8829=LINE('',#8828,#8827);
#8830=CURVE_STYLE('',#62,POSITIVE_LENGTH_MEASURE(2.E-2),#27);
#8831=PRESENTATION_STYLE_ASSIGNMENT((#8830));
#8832=STYLED_ITEM('',(#8831),#8829);
#8833=DIRECTION('',(0.E0,0.E0,1.E0));
#8834=VECTOR('',#8833,2.E-1);
#8835=CARTESIAN_POINT('',(-2.137500178814E0,-1.628723347187E0,6.E0));
#8836=LINE('',#8835,#8834);
#8837=CURVE_STYLE('',#62,POSITIVE_LENGTH_MEASURE(2.E-2),#27);
#8838=PRESENTATION_STYLE_ASSIGNMENT((#8837));
#8839=STYLED_ITEM('',(#8838),#8836);
#8840=DIRECTION('',(0.E0,0.E0,1.E0));
#8841=VECTOR('',#8840,2.E-1);
#8842=CARTESIAN_POINT('',(-2.60625E0,-1.724468016624E0,6.E0));
#8843=LINE('',#8842,#8841);
#8844=CURVE_STYLE('',#62,POSITIVE_LENGTH_MEASURE(2.E-2),#27);
#8845=PRESENTATION_STYLE_ASSIGNMENT((#8844));
#8846=STYLED_ITEM('',(#8845),#8843);
#8847=DIRECTION('',(0.E0,0.E0,1.E0));
#8848=VECTOR('',#8847,2.E-1);
#8849=CARTESIAN_POINT('',(-2.8875E0,-1.915957355499E0,6.E0));
#8850=LINE('',#8849,#8848);
#8851=CURVE_STYLE('',#62,POSITIVE_LENGTH_MEASURE(2.E-2),#27);
#8852=PRESENTATION_STYLE_ASSIGNMENT((#8851));
#8853=STYLED_ITEM('',(#8852),#8850);
#8854=DIRECTION('',(0.E0,0.E0,1.E0));
#8855=VECTOR('',#8854,2.E-1);
#8856=CARTESIAN_POINT('',(-3.262500178814E0,-2.490425640345E0,6.E0));
#8857=LINE('',#8856,#8855);
#8858=CURVE_STYLE('',#62,POSITIVE_LENGTH_MEASURE(2.E-2),#27);
#8859=PRESENTATION_STYLE_ASSIGNMENT((#8858));
#8860=STYLED_ITEM('',(#8859),#8857);
#8861=DIRECTION('',(0.E0,0.E0,1.E0));
#8862=VECTOR('',#8861,2.E-1);
#8863=CARTESIAN_POINT('',(3.000001788139E-1,-5.171276585758E0,6.E0));
#8864=LINE('',#8863,#8862);
#8865=CURVE_STYLE('',#62,POSITIVE_LENGTH_MEASURE(2.E-2),#27);
#8866=PRESENTATION_STYLE_ASSIGNMENT((#8865));
#8867=STYLED_ITEM('',(#8866),#8864);
#8868=DIRECTION('',(0.E0,0.E0,1.E0));
#8869=VECTOR('',#8868,2.E-1);
#8870=CARTESIAN_POINT('',(2.925000357628E0,-2.777659648657E0,6.E0));
#8871=LINE('',#8870,#8869);
#8872=CURVE_STYLE('',#62,POSITIVE_LENGTH_MEASURE(2.E-2),#27);
#8873=PRESENTATION_STYLE_ASSIGNMENT((#8872));
#8874=STYLED_ITEM('',(#8873),#8871);
#8875=DIRECTION('',(0.E0,0.E0,1.E0));
#8876=VECTOR('',#8875,2.E-1);
#8877=CARTESIAN_POINT('',(3.112499642372E0,-2.394680970907E0,6.E0));
#8878=LINE('',#8877,#8876);
#8879=CURVE_STYLE('',#62,POSITIVE_LENGTH_MEASURE(2.E-2),#27);
#8880=PRESENTATION_STYLE_ASSIGNMENT((#8879));
#8881=STYLED_ITEM('',(#8880),#8878);
#8882=DIRECTION('',(0.E0,0.E0,1.E0));
#8883=VECTOR('',#8882,2.E-1);
#8884=CARTESIAN_POINT('',(3.112499642372E0,-2.203191363811E0,6.E0));
#8885=LINE('',#8884,#8883);
#8886=CURVE_STYLE('',#62,POSITIVE_LENGTH_MEASURE(2.E-2),#27);
#8887=PRESENTATION_STYLE_ASSIGNMENT((#8886));
#8888=STYLED_ITEM('',(#8887),#8885);
#8889=DIRECTION('',(0.E0,0.E0,1.E0));
#8890=VECTOR('',#8889,2.E-1);
#8891=CARTESIAN_POINT('',(2.925000357628E0,-1.915957355499E0,6.E0));
#8892=LINE('',#8891,#8890);
#8893=CURVE_STYLE('',#62,POSITIVE_LENGTH_MEASURE(2.E-2),#27);
#8894=PRESENTATION_STYLE_ASSIGNMENT((#8893));
#8895=STYLED_ITEM('',(#8894),#8892);
#8896=DIRECTION('',(0.E0,0.E0,1.E0));
#8897=VECTOR('',#8896,2.E-1);
#8898=CARTESIAN_POINT('',(2.643750357628E0,-1.724468016624E0,6.E0));
#8899=LINE('',#8898,#8897);
#8900=CURVE_STYLE('',#62,POSITIVE_LENGTH_MEASURE(2.E-2),#27);
#8901=PRESENTATION_STYLE_ASSIGNMENT((#8900));
#8902=STYLED_ITEM('',(#8901),#8899);
#8903=DIRECTION('',(0.E0,0.E0,1.E0));
#8904=VECTOR('',#8903,2.E-1);
#8905=CARTESIAN_POINT('',(2.175E0,-1.628723347187E0,6.E0));
#8906=LINE('',#8905,#8904);
#8907=CURVE_STYLE('',#62,POSITIVE_LENGTH_MEASURE(2.E-2),#27);
#8908=PRESENTATION_STYLE_ASSIGNMENT((#8907));
#8909=STYLED_ITEM('',(#8908),#8906);
#8910=DIRECTION('',(0.E0,0.E0,1.E0));
#8911=VECTOR('',#8910,2.E-1);
#8912=CARTESIAN_POINT('',(1.800000357628E0,-1.628723347187E0,6.E0));
#8913=LINE('',#8912,#8911);
#8914=CURVE_STYLE('',#62,POSITIVE_LENGTH_MEASURE(2.E-2),#27);
#8915=PRESENTATION_STYLE_ASSIGNMENT((#8914));
#8916=STYLED_ITEM('',(#8915),#8913);
#8917=DIRECTION('',(0.E0,0.E0,1.E0));
#8918=VECTOR('',#8917,2.E-1);
#8919=CARTESIAN_POINT('',(1.33125E0,-1.724468016624E0,6.E0));
#8920=LINE('',#8919,#8918);
#8921=CURVE_STYLE('',#62,POSITIVE_LENGTH_MEASURE(2.E-2),#27);
#8922=PRESENTATION_STYLE_ASSIGNMENT((#8921));
#8923=STYLED_ITEM('',(#8922),#8920);
#8924=DIRECTION('',(0.E0,0.E0,1.E0));
#8925=VECTOR('',#8924,2.E-1);
#8926=CARTESIAN_POINT('',(1.05E0,-1.915957355499E0,6.E0));
#8927=LINE('',#8926,#8925);
#8928=CURVE_STYLE('',#62,POSITIVE_LENGTH_MEASURE(2.E-2),#27);
#8929=PRESENTATION_STYLE_ASSIGNMENT((#8928));
#8930=STYLED_ITEM('',(#8929),#8927);
#8931=DIRECTION('',(0.E0,0.E0,1.E0));
#8932=VECTOR('',#8931,2.E-1);
#8933=CARTESIAN_POINT('',(8.625001788139E-1,-2.203191363811E0,6.E0));
#8934=LINE('',#8933,#8932);
#8935=CURVE_STYLE('',#62,POSITIVE_LENGTH_MEASURE(2.E-2),#27);
#8936=PRESENTATION_STYLE_ASSIGNMENT((#8935));
#8937=STYLED_ITEM('',(#8936),#8934);
#8938=DIRECTION('',(0.E0,0.E0,1.E0));
#8939=VECTOR('',#8938,2.E-1);
#8940=CARTESIAN_POINT('',(3.937498211861E-1,-2.203191363811E0,6.E0));
#8941=LINE('',#8940,#8939);
#8942=CURVE_STYLE('',#62,POSITIVE_LENGTH_MEASURE(2.E-2),#27);
#8943=PRESENTATION_STYLE_ASSIGNMENT((#8942));
#8944=STYLED_ITEM('',(#8943),#8941);
#8945=DIRECTION('',(0.E0,0.E0,1.E0));
#8946=VECTOR('',#8945,2.E-1);
#8947=CARTESIAN_POINT('',(4.875E-1,-1.820212686062E0,6.E0));
#8948=LINE('',#8947,#8946);
#8949=CURVE_STYLE('',#62,POSITIVE_LENGTH_MEASURE(2.E-2),#27);
#8950=PRESENTATION_STYLE_ASSIGNMENT((#8949));
#8951=STYLED_ITEM('',(#8950),#8948);
#8952=DIRECTION('',(0.E0,0.E0,1.E0));
#8953=VECTOR('',#8952,2.E-1);
#8954=CARTESIAN_POINT('',(8.625001788139E-1,-1.437234008312E0,6.E0));
#8955=LINE('',#8954,#8953);
#8956=CURVE_STYLE('',#62,POSITIVE_LENGTH_MEASURE(2.E-2),#27);
#8957=PRESENTATION_STYLE_ASSIGNMENT((#8956));
#8958=STYLED_ITEM('',(#8957),#8955);
#8959=DIRECTION('',(0.E0,0.E0,1.E0));
#8960=VECTOR('',#8959,2.E-1);
#8961=CARTESIAN_POINT('',(1.237500357628E0,-1.245744669437E0,6.E0));
#8962=LINE('',#8961,#8960);
#8963=CURVE_STYLE('',#62,POSITIVE_LENGTH_MEASURE(2.E-2),#27);
#8964=PRESENTATION_STYLE_ASSIGNMENT((#8963));
#8965=STYLED_ITEM('',(#8964),#8962);
#8966=DIRECTION('',(0.E0,0.E0,1.E0));
#8967=VECTOR('',#8966,2.E-1);
#8968=CARTESIAN_POINT('',(1.89375E0,-1.15E0,6.E0));
#8969=LINE('',#8968,#8967);
#8970=CURVE_STYLE('',#62,POSITIVE_LENGTH_MEASURE(2.E-2),#27);
#8971=PRESENTATION_STYLE_ASSIGNMENT((#8970));
#8972=STYLED_ITEM('',(#8971),#8969);
#8973=DIRECTION('',(0.E0,0.E0,1.E0));
#8974=VECTOR('',#8973,2.E-1);
#8975=CARTESIAN_POINT('',(2.268749642372E0,-1.15E0,6.E0));
#8976=LINE('',#8975,#8974);
#8977=CURVE_STYLE('',#62,POSITIVE_LENGTH_MEASURE(2.E-2),#27);
#8978=PRESENTATION_STYLE_ASSIGNMENT((#8977));
#8979=STYLED_ITEM('',(#8978),#8976);
#8980=DIRECTION('',(0.E0,0.E0,1.E0));
#8981=VECTOR('',#8980,2.E-1);
#8982=CARTESIAN_POINT('',(2.831249642372E0,-1.245744669437E0,6.E0));
#8983=LINE('',#8982,#8981);
#8984=CURVE_STYLE('',#62,POSITIVE_LENGTH_MEASURE(2.E-2),#27);
#8985=PRESENTATION_STYLE_ASSIGNMENT((#8984));
#8986=STYLED_ITEM('',(#8985),#8983);
#8987=DIRECTION('',(0.E0,0.E0,1.E0));
#8988=VECTOR('',#8987,2.E-1);
#8989=CARTESIAN_POINT('',(3.206250357628E0,-1.437234008312E0,6.E0));
#8990=LINE('',#8989,#8988);
#8991=CURVE_STYLE('',#62,POSITIVE_LENGTH_MEASURE(2.E-2),#27);
#8992=PRESENTATION_STYLE_ASSIGNMENT((#8991));
#8993=STYLED_ITEM('',(#8992),#8990);
#8994=DIRECTION('',(0.E0,0.E0,1.E0));
#8995=VECTOR('',#8994,2.E-1);
#8996=CARTESIAN_POINT('',(3.58125E0,-1.820212686062E0,6.E0));
#8997=LINE('',#8996,#8995);
#8998=CURVE_STYLE('',#62,POSITIVE_LENGTH_MEASURE(2.E-2),#27);
#8999=PRESENTATION_STYLE_ASSIGNMENT((#8998));
#9000=STYLED_ITEM('',(#8999),#8997);
#9001=DIRECTION('',(0.E0,0.E0,1.E0));
#9002=VECTOR('',#9001,2.E-1);
#9003=CARTESIAN_POINT('',(3.674999642372E0,-2.203191363811E0,6.E0));
#9004=LINE('',#9003,#9002);
#9005=CURVE_STYLE('',#62,POSITIVE_LENGTH_MEASURE(2.E-2),#27);
#9006=PRESENTATION_STYLE_ASSIGNMENT((#9005));
#9007=STYLED_ITEM('',(#9006),#9004);
#9008=DIRECTION('',(0.E0,0.E0,1.E0));
#9009=VECTOR('',#9008,2.E-1);
#9010=CARTESIAN_POINT('',(3.674999642372E0,-2.394680970907E0,6.E0));
#9011=LINE('',#9010,#9009);
#9012=CURVE_STYLE('',#62,POSITIVE_LENGTH_MEASURE(2.E-2),#27);
#9013=PRESENTATION_STYLE_ASSIGNMENT((#9012));
#9014=STYLED_ITEM('',(#9013),#9011);
#9015=DIRECTION('',(0.E0,0.E0,1.E0));
#9016=VECTOR('',#9015,2.E-1);
#9017=CARTESIAN_POINT('',(3.58125E0,-2.777659648657E0,6.E0));
#9018=LINE('',#9017,#9016);
#9019=CURVE_STYLE('',#62,POSITIVE_LENGTH_MEASURE(2.E-2),#27);
#9020=PRESENTATION_STYLE_ASSIGNMENT((#9019));
#9021=STYLED_ITEM('',(#9020),#9018);
#9022=DIRECTION('',(0.E0,0.E0,1.E0));
#9023=VECTOR('',#9022,2.E-1);
#9024=CARTESIAN_POINT('',(3.393749642372E0,-3.064893656969E0,6.E0));
#9025=LINE('',#9024,#9023);
#9026=CURVE_STYLE('',#62,POSITIVE_LENGTH_MEASURE(2.E-2),#27);
#9027=PRESENTATION_STYLE_ASSIGNMENT((#9026));
#9028=STYLED_ITEM('',(#9027),#9025);
#9029=DIRECTION('',(0.E0,0.E0,1.E0));
#9030=VECTOR('',#9029,2.E-1);
#9031=CARTESIAN_POINT('',(1.05E0,-5.171276585758E0,6.E0));
#9032=LINE('',#9031,#9030);
#9033=CURVE_STYLE('',#62,POSITIVE_LENGTH_MEASURE(2.E-2),#27);
#9034=PRESENTATION_STYLE_ASSIGNMENT((#9033));
#9035=STYLED_ITEM('',(#9034),#9032);
#9036=DIRECTION('',(0.E0,0.E0,1.E0));
#9037=VECTOR('',#9036,2.E-1);
#9038=CARTESIAN_POINT('',(3.674999642372E0,-5.171276585758E0,6.E0));
#9039=LINE('',#9038,#9037);
#9040=CURVE_STYLE('',#62,POSITIVE_LENGTH_MEASURE(2.E-2),#27);
#9041=PRESENTATION_STYLE_ASSIGNMENT((#9040));
#9042=STYLED_ITEM('',(#9041),#9039);
#9043=DIRECTION('',(0.E0,0.E0,1.E0));
#9044=VECTOR('',#9043,2.E-1);
#9045=CARTESIAN_POINT('',(3.674999642372E0,-5.65E0,6.E0));
#9046=LINE('',#9045,#9044);
#9047=CURVE_STYLE('',#62,POSITIVE_LENGTH_MEASURE(2.E-2),#27);
#9048=PRESENTATION_STYLE_ASSIGNMENT((#9047));
#9049=STYLED_ITEM('',(#9048),#9046);
#9050=DIRECTION('',(0.E0,0.E0,1.E0));
#9051=VECTOR('',#9050,2.E-1);
#9052=CARTESIAN_POINT('',(3.000001788139E-1,-5.65E0,6.E0));
#9053=LINE('',#9052,#9051);
#9054=CURVE_STYLE('',#62,POSITIVE_LENGTH_MEASURE(2.E-2),#27);
#9055=PRESENTATION_STYLE_ASSIGNMENT((#9054));
#9056=STYLED_ITEM('',(#9055),#9053);
#9057=DIRECTION('',(0.E0,0.E0,1.E0));
#9058=VECTOR('',#9057,2.E-1);
#9059=CARTESIAN_POINT('',(5.081249642372E0,-3.639361673594E0,6.E0));
#9060=LINE('',#9059,#9058);
#9061=CURVE_STYLE('',#62,POSITIVE_LENGTH_MEASURE(2.E-2),#27);
#9062=PRESENTATION_STYLE_ASSIGNMENT((#9061));
#9063=STYLED_ITEM('',(#9062),#9060);
#9064=DIRECTION('',(0.E0,0.E0,1.E0));
#9065=VECTOR('',#9064,2.E-1);
#9066=CARTESIAN_POINT('',(4.425E0,-3.639361673594E0,6.E0));
#9067=LINE('',#9066,#9065);
#9068=CURVE_STYLE('',#62,POSITIVE_LENGTH_MEASURE(2.E-2),#27);
#9069=PRESENTATION_STYLE_ASSIGNMENT((#9068));
#9070=STYLED_ITEM('',(#9069),#9067);
#9071=DIRECTION('',(0.E0,0.E0,1.E0));
#9072=VECTOR('',#9071,2.E-1);
#9073=CARTESIAN_POINT('',(4.425E0,-1.15E0,6.E0));
#9074=LINE('',#9073,#9072);
#9075=CURVE_STYLE('',#62,POSITIVE_LENGTH_MEASURE(2.E-2),#27);
#9076=PRESENTATION_STYLE_ASSIGNMENT((#9075));
#9077=STYLED_ITEM('',(#9076),#9074);
#9078=DIRECTION('',(0.E0,0.E0,1.E0));
#9079=VECTOR('',#9078,2.E-1);
#9080=CARTESIAN_POINT('',(7.612499642372E0,-1.15E0,6.E0));
#9081=LINE('',#9080,#9079);
#9082=CURVE_STYLE('',#62,POSITIVE_LENGTH_MEASURE(2.E-2),#27);
#9083=PRESENTATION_STYLE_ASSIGNMENT((#9082));
#9084=STYLED_ITEM('',(#9083),#9081);
#9085=DIRECTION('',(0.E0,0.E0,1.E0));
#9086=VECTOR('',#9085,2.E-1);
#9087=CARTESIAN_POINT('',(7.612499642372E0,-1.628723347187E0,6.E0));
#9088=LINE('',#9087,#9086);
#9089=CURVE_STYLE('',#62,POSITIVE_LENGTH_MEASURE(2.E-2),#27);
#9090=PRESENTATION_STYLE_ASSIGNMENT((#9089));
#9091=STYLED_ITEM('',(#9090),#9088);
#9092=DIRECTION('',(0.E0,0.E0,1.E0));
#9093=VECTOR('',#9092,2.E-1);
#9094=CARTESIAN_POINT('',(4.893750357628E0,-1.628723347187E0,6.E0));
#9095=LINE('',#9094,#9093);
#9096=CURVE_STYLE('',#62,POSITIVE_LENGTH_MEASURE(2.E-2),#27);
#9097=PRESENTATION_STYLE_ASSIGNMENT((#9096));
#9098=STYLED_ITEM('',(#9097),#9095);
#9099=DIRECTION('',(0.E0,0.E0,1.E0));
#9100=VECTOR('',#9099,2.E-1);
#9101=CARTESIAN_POINT('',(4.893750357628E0,-3.160638326406E0,6.E0));
#9102=LINE('',#9101,#9100);
#9103=CURVE_STYLE('',#62,POSITIVE_LENGTH_MEASURE(2.E-2),#27);
#9104=PRESENTATION_STYLE_ASSIGNMENT((#9103));
#9105=STYLED_ITEM('',(#9104),#9102);
#9106=DIRECTION('',(0.E0,0.E0,1.E0));
#9107=VECTOR('',#9106,2.E-1);
#9108=CARTESIAN_POINT('',(5.362499642372E0,-2.873404318094E0,6.E0));
#9109=LINE('',#9108,#9107);
#9110=CURVE_STYLE('',#62,POSITIVE_LENGTH_MEASURE(2.E-2),#27);
#9111=PRESENTATION_STYLE_ASSIGNMENT((#9110));
#9112=STYLED_ITEM('',(#9111),#9109);
#9113=DIRECTION('',(0.E0,0.E0,1.E0));
#9114=VECTOR('',#9113,2.E-1);
#9115=CARTESIAN_POINT('',(5.83125E0,-2.777659648657E0,6.E0));
#9116=LINE('',#9115,#9114);
#9117=CURVE_STYLE('',#62,POSITIVE_LENGTH_MEASURE(2.E-2),#27);
#9118=PRESENTATION_STYLE_ASSIGNMENT((#9117));
#9119=STYLED_ITEM('',(#9118),#9116);
#9120=DIRECTION('',(0.E0,0.E0,1.E0));
#9121=VECTOR('',#9120,2.E-1);
#9122=CARTESIAN_POINT('',(6.39375E0,-2.777659648657E0,6.E0));
#9123=LINE('',#9122,#9121);
#9124=CURVE_STYLE('',#62,POSITIVE_LENGTH_MEASURE(2.E-2),#27);
#9125=PRESENTATION_STYLE_ASSIGNMENT((#9124));
#9126=STYLED_ITEM('',(#9125),#9123);
#9127=DIRECTION('',(0.E0,0.E0,1.E0));
#9128=VECTOR('',#9127,2.E-1);
#9129=CARTESIAN_POINT('',(6.862500357628E0,-2.873404318094E0,6.E0));
#9130=LINE('',#9129,#9128);
#9131=CURVE_STYLE('',#62,POSITIVE_LENGTH_MEASURE(2.E-2),#27);
#9132=PRESENTATION_STYLE_ASSIGNMENT((#9131));
#9133=STYLED_ITEM('',(#9132),#9130);
#9134=DIRECTION('',(0.E0,0.E0,1.E0));
#9135=VECTOR('',#9134,2.E-1);
#9136=CARTESIAN_POINT('',(7.331249642372E0,-3.160638326406E0,6.E0));
#9137=LINE('',#9136,#9135);
#9138=CURVE_STYLE('',#62,POSITIVE_LENGTH_MEASURE(2.E-2),#27);
#9139=PRESENTATION_STYLE_ASSIGNMENT((#9138));
#9140=STYLED_ITEM('',(#9139),#9137);
#9141=DIRECTION('',(0.E0,0.E0,1.E0));
#9142=VECTOR('',#9141,2.E-1);
#9143=CARTESIAN_POINT('',(7.612499642372E0,-3.543617004156E0,6.E0));
#9144=LINE('',#9143,#9142);
#9145=CURVE_STYLE('',#62,POSITIVE_LENGTH_MEASURE(2.E-2),#27);
#9146=PRESENTATION_STYLE_ASSIGNMENT((#9145));
#9147=STYLED_ITEM('',(#9146),#9144);
#9148=DIRECTION('',(0.E0,0.E0,1.E0));
#9149=VECTOR('',#9148,2.E-1);
#9150=CARTESIAN_POINT('',(7.8E0,-4.022340485454E0,6.E0));
#9151=LINE('',#9150,#9149);
#9152=CURVE_STYLE('',#62,POSITIVE_LENGTH_MEASURE(2.E-2),#27);
#9153=PRESENTATION_STYLE_ASSIGNMENT((#9152));
#9154=STYLED_ITEM('',(#9153),#9151);
#9155=DIRECTION('',(0.E0,0.E0,1.E0));
#9156=VECTOR('',#9155,2.E-1);
#9157=CARTESIAN_POINT('',(7.8E0,-4.405319163203E0,6.E0));
#9158=LINE('',#9157,#9156);
#9159=CURVE_STYLE('',#62,POSITIVE_LENGTH_MEASURE(2.E-2),#27);
#9160=PRESENTATION_STYLE_ASSIGNMENT((#9159));
#9161=STYLED_ITEM('',(#9160),#9158);
#9162=DIRECTION('',(0.E0,0.E0,1.E0));
#9163=VECTOR('',#9162,2.E-1);
#9164=CARTESIAN_POINT('',(7.612499642372E0,-4.884042577446E0,6.E0));
#9165=LINE('',#9164,#9163);
#9166=CURVE_STYLE('',#62,POSITIVE_LENGTH_MEASURE(2.E-2),#27);
#9167=PRESENTATION_STYLE_ASSIGNMENT((#9166));
#9168=STYLED_ITEM('',(#9167),#9165);
#9169=DIRECTION('',(-1.332267629550E-14,0.E0,1.E0));
#9170=VECTOR('',#9169,2.E-1);
#9171=CARTESIAN_POINT('',(7.331249642372E0,-5.267021288723E0,6.E0));
#9172=LINE('',#9171,#9170);
#9173=CURVE_STYLE('',#62,POSITIVE_LENGTH_MEASURE(2.E-2),#27);
#9174=PRESENTATION_STYLE_ASSIGNMENT((#9173));
#9175=STYLED_ITEM('',(#9174),#9172);
#9176=DIRECTION('',(0.E0,0.E0,1.E0));
#9177=VECTOR('',#9176,2.E-1);
#9178=CARTESIAN_POINT('',(6.862500357628E0,-5.554255322181E0,6.E0));
#9179=LINE('',#9178,#9177);
#9180=CURVE_STYLE('',#62,POSITIVE_LENGTH_MEASURE(2.E-2),#27);
#9181=PRESENTATION_STYLE_ASSIGNMENT((#9180));
#9182=STYLED_ITEM('',(#9181),#9179);
#9183=DIRECTION('',(0.E0,0.E0,1.E0));
#9184=VECTOR('',#9183,2.E-1);
#9185=CARTESIAN_POINT('',(6.39375E0,-5.65E0,6.E0));
#9186=LINE('',#9185,#9184);
#9187=CURVE_STYLE('',#62,POSITIVE_LENGTH_MEASURE(2.E-2),#27);
#9188=PRESENTATION_STYLE_ASSIGNMENT((#9187));
#9189=STYLED_ITEM('',(#9188),#9186);
#9190=DIRECTION('',(0.E0,0.E0,1.E0));
#9191=VECTOR('',#9190,2.E-1);
#9192=CARTESIAN_POINT('',(5.83125E0,-5.65E0,6.E0));
#9193=LINE('',#9192,#9191);
#9194=CURVE_STYLE('',#62,POSITIVE_LENGTH_MEASURE(2.E-2),#27);
#9195=PRESENTATION_STYLE_ASSIGNMENT((#9194));
#9196=STYLED_ITEM('',(#9195),#9193);
#9197=DIRECTION('',(0.E0,0.E0,1.E0));
#9198=VECTOR('',#9197,2.E-1);
#9199=CARTESIAN_POINT('',(5.362499642372E0,-5.554255322181E0,6.E0));
#9200=LINE('',#9199,#9198);
#9201=CURVE_STYLE('',#62,POSITIVE_LENGTH_MEASURE(2.E-2),#27);
#9202=PRESENTATION_STYLE_ASSIGNMENT((#9201));
#9203=STYLED_ITEM('',(#9202),#9200);
#9204=DIRECTION('',(0.E0,0.E0,1.E0));
#9205=VECTOR('',#9204,2.E-1);
#9206=CARTESIAN_POINT('',(4.893750357628E0,-5.267021288723E0,6.E0));
#9207=LINE('',#9206,#9205);
#9208=CURVE_STYLE('',#62,POSITIVE_LENGTH_MEASURE(2.E-2),#27);
#9209=PRESENTATION_STYLE_ASSIGNMENT((#9208));
#9210=STYLED_ITEM('',(#9209),#9207);
#9211=DIRECTION('',(0.E0,0.E0,1.E0));
#9212=VECTOR('',#9211,2.E-1);
#9213=CARTESIAN_POINT('',(4.612500357628E0,-4.884042577446E0,6.E0));
#9214=LINE('',#9213,#9212);
#9215=CURVE_STYLE('',#62,POSITIVE_LENGTH_MEASURE(2.E-2),#27);
#9216=PRESENTATION_STYLE_ASSIGNMENT((#9215));
#9217=STYLED_ITEM('',(#9216),#9214);
#9218=DIRECTION('',(0.E0,0.E0,1.E0));
#9219=VECTOR('',#9218,2.E-1);
#9220=CARTESIAN_POINT('',(4.425E0,-4.501063832641E0,6.E0));
#9221=LINE('',#9220,#9219);
#9222=CURVE_STYLE('',#62,POSITIVE_LENGTH_MEASURE(2.E-2),#27);
#9223=PRESENTATION_STYLE_ASSIGNMENT((#9222));
#9224=STYLED_ITEM('',(#9223),#9221);
#9225=DIRECTION('',(0.E0,0.E0,1.E0));
#9226=VECTOR('',#9225,2.E-1);
#9227=CARTESIAN_POINT('',(4.9875E0,-4.501063832641E0,6.E0));
#9228=LINE('',#9227,#9226);
#9229=CURVE_STYLE('',#62,POSITIVE_LENGTH_MEASURE(2.E-2),#27);
#9230=PRESENTATION_STYLE_ASSIGNMENT((#9229));
#9231=STYLED_ITEM('',(#9230),#9228);
#9232=DIRECTION('',(0.E0,0.E0,1.E0));
#9233=VECTOR('',#9232,2.E-1);
#9234=CARTESIAN_POINT('',(5.175000357628E0,-4.884042577446E0,6.E0));
#9235=LINE('',#9234,#9233);
#9236=CURVE_STYLE('',#62,POSITIVE_LENGTH_MEASURE(2.E-2),#27);
#9237=PRESENTATION_STYLE_ASSIGNMENT((#9236));
#9238=STYLED_ITEM('',(#9237),#9235);
#9239=DIRECTION('',(0.E0,0.E0,1.E0));
#9240=VECTOR('',#9239,2.E-1);
#9241=CARTESIAN_POINT('',(5.456250357628E0,-5.075531916320E0,6.E0));
#9242=LINE('',#9241,#9240);
#9243=CURVE_STYLE('',#62,POSITIVE_LENGTH_MEASURE(2.E-2),#27);
#9244=PRESENTATION_STYLE_ASSIGNMENT((#9243));
#9245=STYLED_ITEM('',(#9244),#9242);
#9246=DIRECTION('',(0.E0,0.E0,1.E0));
#9247=VECTOR('',#9246,2.E-1);
#9248=CARTESIAN_POINT('',(5.83125E0,-5.171276585758E0,6.E0));
#9249=LINE('',#9248,#9247);
#9250=CURVE_STYLE('',#62,POSITIVE_LENGTH_MEASURE(2.E-2),#27);
#9251=PRESENTATION_STYLE_ASSIGNMENT((#9250));
#9252=STYLED_ITEM('',(#9251),#9249);
#9253=DIRECTION('',(0.E0,0.E0,1.E0));
#9254=VECTOR('',#9253,2.E-1);
#9255=CARTESIAN_POINT('',(6.39375E0,-5.171276585758E0,6.E0));
#9256=LINE('',#9255,#9254);
#9257=CURVE_STYLE('',#62,POSITIVE_LENGTH_MEASURE(2.E-2),#27);
#9258=PRESENTATION_STYLE_ASSIGNMENT((#9257));
#9259=STYLED_ITEM('',(#9258),#9256);
#9260=DIRECTION('',(0.E0,0.E0,1.E0));
#9261=VECTOR('',#9260,2.E-1);
#9262=CARTESIAN_POINT('',(6.768749642372E0,-5.075531916320E0,6.E0));
#9263=LINE('',#9262,#9261);
#9264=CURVE_STYLE('',#62,POSITIVE_LENGTH_MEASURE(2.E-2),#27);
#9265=PRESENTATION_STYLE_ASSIGNMENT((#9264));
#9266=STYLED_ITEM('',(#9265),#9263);
#9267=DIRECTION('',(0.E0,0.E0,1.E0));
#9268=VECTOR('',#9267,2.E-1);
#9269=CARTESIAN_POINT('',(7.049999642372E0,-4.884042577446E0,6.E0));
#9270=LINE('',#9269,#9268);
#9271=CURVE_STYLE('',#62,POSITIVE_LENGTH_MEASURE(2.E-2),#27);
#9272=PRESENTATION_STYLE_ASSIGNMENT((#9271));
#9273=STYLED_ITEM('',(#9272),#9270);
#9274=DIRECTION('',(0.E0,0.E0,1.E0));
#9275=VECTOR('',#9274,2.E-1);
#9276=CARTESIAN_POINT('',(7.2375E0,-4.596808502078E0,6.E0));
#9277=LINE('',#9276,#9275);
#9278=CURVE_STYLE('',#62,POSITIVE_LENGTH_MEASURE(2.E-2),#27);
#9279=PRESENTATION_STYLE_ASSIGNMENT((#9278));
#9280=STYLED_ITEM('',(#9279),#9277);
#9281=DIRECTION('',(0.E0,0.E0,1.E0));
#9282=VECTOR('',#9281,2.E-1);
#9283=CARTESIAN_POINT('',(7.331249642372E0,-4.309574493766E0,6.E0));
#9284=LINE('',#9283,#9282);
#9285=CURVE_STYLE('',#62,POSITIVE_LENGTH_MEASURE(2.E-2),#27);
#9286=PRESENTATION_STYLE_ASSIGNMENT((#9285));
#9287=STYLED_ITEM('',(#9286),#9284);
#9288=DIRECTION('',(0.E0,0.E0,1.E0));
#9289=VECTOR('',#9288,2.E-1);
#9290=CARTESIAN_POINT('',(7.331249642372E0,-4.118085154891E0,6.E0));
#9291=LINE('',#9290,#9289);
#9292=CURVE_STYLE('',#62,POSITIVE_LENGTH_MEASURE(2.E-2),#27);
#9293=PRESENTATION_STYLE_ASSIGNMENT((#9292));
#9294=STYLED_ITEM('',(#9293),#9291);
#9295=DIRECTION('',(0.E0,0.E0,1.E0));
#9296=VECTOR('',#9295,2.E-1);
#9297=CARTESIAN_POINT('',(7.2375E0,-3.830851012468E0,6.E0));
#9298=LINE('',#9297,#9296);
#9299=CURVE_STYLE('',#62,POSITIVE_LENGTH_MEASURE(2.E-2),#27);
#9300=PRESENTATION_STYLE_ASSIGNMENT((#9299));
#9301=STYLED_ITEM('',(#9300),#9298);
#9302=DIRECTION('',(0.E0,0.E0,1.E0));
#9303=VECTOR('',#9302,2.E-1);
#9304=CARTESIAN_POINT('',(7.049999642372E0,-3.543617004156E0,6.E0));
#9305=LINE('',#9304,#9303);
#9306=CURVE_STYLE('',#62,POSITIVE_LENGTH_MEASURE(2.E-2),#27);
#9307=PRESENTATION_STYLE_ASSIGNMENT((#9306));
#9308=STYLED_ITEM('',(#9307),#9305);
#9309=DIRECTION('',(0.E0,0.E0,1.E0));
#9310=VECTOR('',#9309,2.E-1);
#9311=CARTESIAN_POINT('',(6.768749642372E0,-3.352127665281E0,6.E0));
#9312=LINE('',#9311,#9310);
#9313=CURVE_STYLE('',#62,POSITIVE_LENGTH_MEASURE(2.E-2),#27);
#9314=PRESENTATION_STYLE_ASSIGNMENT((#9313));
#9315=STYLED_ITEM('',(#9314),#9312);
#9316=DIRECTION('',(0.E0,0.E0,1.E0));
#9317=VECTOR('',#9316,2.E-1);
#9318=CARTESIAN_POINT('',(6.39375E0,-3.256382995844E0,6.E0));
#9319=LINE('',#9318,#9317);
#9320=CURVE_STYLE('',#62,POSITIVE_LENGTH_MEASURE(2.E-2),#27);
#9321=PRESENTATION_STYLE_ASSIGNMENT((#9320));
#9322=STYLED_ITEM('',(#9321),#9319);
#9323=DIRECTION('',(0.E0,0.E0,1.E0));
#9324=VECTOR('',#9323,2.E-1);
#9325=CARTESIAN_POINT('',(5.83125E0,-3.256382995844E0,6.E0));
#9326=LINE('',#9325,#9324);
#9327=CURVE_STYLE('',#62,POSITIVE_LENGTH_MEASURE(2.E-2),#27);
#9328=PRESENTATION_STYLE_ASSIGNMENT((#9327));
#9329=STYLED_ITEM('',(#9328),#9326);
#9330=DIRECTION('',(0.E0,0.E0,1.E0));
#9331=VECTOR('',#9330,2.E-1);
#9332=CARTESIAN_POINT('',(5.456250357628E0,-3.352127665281E0,6.E0));
#9333=LINE('',#9332,#9331);
#9334=CURVE_STYLE('',#62,POSITIVE_LENGTH_MEASURE(2.E-2),#27);
#9335=PRESENTATION_STYLE_ASSIGNMENT((#9334));
#9336=STYLED_ITEM('',(#9335),#9333);
#9337=DIRECTION('',(-7.071067811865E-1,1.371432423455E-10,-7.071067811865E-1));
#9338=VECTOR('',#9337,1.414213562379E0);
#9339=CARTESIAN_POINT('',(-1.169999999998E1,-1.043320137090E-9,
6.000000000024E0));
#9340=LINE('',#9339,#9338);
#9341=CURVE_STYLE('',#62,POSITIVE_LENGTH_MEASURE(2.E-2),#27);
#9342=PRESENTATION_STYLE_ASSIGNMENT((#9341));
#9343=STYLED_ITEM('',(#9342),#9340);
#9344=CARTESIAN_POINT('',(0.E0,0.E0,5.E0));
#9345=DIRECTION('',(0.E0,0.E0,1.E0));
#9346=DIRECTION('',(-1.E0,0.E0,0.E0));
#9347=AXIS2_PLACEMENT_3D('',#9344,#9345,#9346);
#9349=CURVE_STYLE('',#62,POSITIVE_LENGTH_MEASURE(2.E-2),#27);
#9350=PRESENTATION_STYLE_ASSIGNMENT((#9349));
#9351=STYLED_ITEM('',(#9350),#9348);
#9352=CARTESIAN_POINT('',(0.E0,0.E0,1.E0));
#9353=DIRECTION('',(0.E0,0.E0,-1.E0));
#9354=DIRECTION('',(1.E0,0.E0,0.E0));
#9355=AXIS2_PLACEMENT_3D('',#9352,#9353,#9354);
#9357=CURVE_STYLE('',#62,POSITIVE_LENGTH_MEASURE(2.E-2),#27);
#9358=PRESENTATION_STYLE_ASSIGNMENT((#9357));
#9359=STYLED_ITEM('',(#9358),#9356);
#9360=DIRECTION('',(0.E0,0.E0,1.E0));
#9361=VECTOR('',#9360,4.000000000039E0);
#9362=CARTESIAN_POINT('',(-1.269999999998E1,-8.493745337265E-10,
9.999999999806E-1));
#9363=LINE('',#9362,#9361);
#9364=CURVE_STYLE('',#62,POSITIVE_LENGTH_MEASURE(2.E-2),#27);
#9365=PRESENTATION_STYLE_ASSIGNMENT((#9364));
#9366=STYLED_ITEM('',(#9365),#9363);
#9367=CARTESIAN_POINT('',(-7.45E0,5.5E0,6.2E0));
#9368=CARTESIAN_POINT('',(-8.366666612029E0,5.5E0,6.2E0));
#9369=VERTEX_POINT('',#9367);
#9370=VERTEX_POINT('',#9368);
#9371=CARTESIAN_POINT('',(-1.02E1,0.E0,6.2E0));
#9372=VERTEX_POINT('',#9371);
#9373=CARTESIAN_POINT('',(-9.5125E0,0.E0,6.2E0));
#9374=VERTEX_POINT('',#9373);
#9375=CARTESIAN_POINT('',(-9.054166693985E0,1.404255315661E0,6.2E0));
#9376=VERTEX_POINT('',#9375);
#9377=CARTESIAN_POINT('',(-6.7625E0,1.404255315661E0,6.2E0));
#9378=VERTEX_POINT('',#9377);
#9379=CARTESIAN_POINT('',(-6.304166775942E0,0.E0,6.2E0));
#9380=VERTEX_POINT('',#9379);
#9381=CARTESIAN_POINT('',(-5.616666775942E0,0.E0,6.2E0));
#9382=VERTEX_POINT('',#9381);
#9383=CARTESIAN_POINT('',(-7.908333387971E0,5.031914949417E0,6.2E0));
#9384=CARTESIAN_POINT('',(-6.877083224058E0,1.872340366244E0,6.2E0));
#9385=VERTEX_POINT('',#9383);
#9386=VERTEX_POINT('',#9384);
#9387=CARTESIAN_POINT('',(-8.939583306015E0,1.872340366244E0,6.2E0));
#9388=VERTEX_POINT('',#9387);
#9389=CARTESIAN_POINT('',(-1.491666448116E0,4.212766110897E0,6.2E0));
#9390=CARTESIAN_POINT('',(-8.041664481163E-1,4.212766110897E0,6.2E0));
#9391=VERTEX_POINT('',#9389);
#9392=VERTEX_POINT('',#9390);
#9393=CARTESIAN_POINT('',(-9.1875E-1,4.563829898834E0,6.2E0));
#9394=VERTEX_POINT('',#9393);
#9395=CARTESIAN_POINT('',(-1.2625E0,5.031914949417E0,6.2E0));
#9396=VERTEX_POINT('',#9395);
#9397=CARTESIAN_POINT('',(-1.720833551884E0,5.382978737354E0,6.2E0));
#9398=VERTEX_POINT('',#9397);
#9399=CARTESIAN_POINT('',(-2.29375E0,5.5E0,6.2E0));
#9400=VERTEX_POINT('',#9399);
#9401=CARTESIAN_POINT('',(-2.866666448116E0,5.5E0,6.2E0));
#9402=VERTEX_POINT('',#9401);
#9403=CARTESIAN_POINT('',(-3.325E0,5.382978737354E0,6.2E0));
#9404=VERTEX_POINT('',#9403);
#9405=CARTESIAN_POINT('',(-3.783333551884E0,5.148936212063E0,6.2E0));
#9406=VERTEX_POINT('',#9405);
#9407=CARTESIAN_POINT('',(-4.241666448116E0,4.680851161480E0,6.2E0));
#9408=VERTEX_POINT('',#9407);
#9409=CARTESIAN_POINT('',(-4.35625E0,4.212766110897E0,6.2E0));
#9410=VERTEX_POINT('',#9409);
#9411=CARTESIAN_POINT('',(-4.35625E0,3.744680732489E0,6.2E0));
#9412=VERTEX_POINT('',#9411);
#9413=CARTESIAN_POINT('',(-4.241666448116E0,3.276595681906E0,6.2E0));
#9414=VERTEX_POINT('',#9413);
#9415=CARTESIAN_POINT('',(-3.783333551884E0,2.808510631323E0,6.2E0));
#9416=VERTEX_POINT('',#9415);
#9417=CARTESIAN_POINT('',(-3.325E0,2.574468106031E0,6.2E0));
#9418=VERTEX_POINT('',#9417);
#9419=CARTESIAN_POINT('',(-2.866666448116E0,2.457446843386E0,6.2E0));
#9420=VERTEX_POINT('',#9419);
#9421=CARTESIAN_POINT('',(-2.179166448116E0,2.457446843386E0,6.2E0));
#9422=VERTEX_POINT('',#9421);
#9423=CARTESIAN_POINT('',(-1.720833551884E0,2.340425580740E0,6.2E0));
#9424=VERTEX_POINT('',#9423);
#9425=CARTESIAN_POINT('',(-1.377083551884E0,2.106383055449E0,6.2E0));
#9426=VERTEX_POINT('',#9425);
#9427=CARTESIAN_POINT('',(-1.147916448116E0,1.755319103599E0,6.2E0));
#9428=VERTEX_POINT('',#9427);
#9429=CARTESIAN_POINT('',(-1.147916448116E0,1.404255315661E0,6.2E0));
#9430=VERTEX_POINT('',#9429);
#9431=CARTESIAN_POINT('',(-1.377083551884E0,1.053191527724E0,6.2E0));
#9432=VERTEX_POINT('',#9431);
#9433=CARTESIAN_POINT('',(-1.720833551884E0,8.191489204764E-1,6.2E0));
#9434=VERTEX_POINT('',#9433);
#9435=CARTESIAN_POINT('',(-2.179166448116E0,7.021276578307E-1,6.2E0));
#9436=VERTEX_POINT('',#9435);
#9437=CARTESIAN_POINT('',(-3.095833551884E0,7.021276578307E-1,6.2E0));
#9438=VERTEX_POINT('',#9437);
#9439=CARTESIAN_POINT('',(-3.554166448116E0,8.191489204764E-1,6.2E0));
#9440=VERTEX_POINT('',#9439);
#9441=CARTESIAN_POINT('',(-3.897916448116E0,1.170212790370E0,6.2E0));
#9442=VERTEX_POINT('',#9441);
#9443=CARTESIAN_POINT('',(-4.0125E0,1.521276578307E0,6.2E0));
#9444=VERTEX_POINT('',#9443);
#9445=CARTESIAN_POINT('',(-4.7E0,1.521276578307E0,6.2E0));
#9446=VERTEX_POINT('',#9445);
#9447=CARTESIAN_POINT('',(-4.585416448116E0,1.053191527724E0,6.2E0));
#9448=VERTEX_POINT('',#9447);
#9449=CARTESIAN_POINT('',(-4.241666448116E0,4.680850915611E-1,6.2E0));
#9450=VERTEX_POINT('',#9449);
#9451=CARTESIAN_POINT('',(-3.66875E0,1.170212728903E-1,6.2E0));
#9452=VERTEX_POINT('',#9451);
#9453=CARTESIAN_POINT('',(-3.095833551884E0,0.E0,6.2E0));
#9454=VERTEX_POINT('',#9453);
#9455=CARTESIAN_POINT('',(-2.179166448116E0,0.E0,6.2E0));
#9456=VERTEX_POINT('',#9455);
#9457=CARTESIAN_POINT('',(-1.60625E0,1.170212728903E-1,6.2E0));
#9458=VERTEX_POINT('',#9457);
#9459=CARTESIAN_POINT('',(-1.147916448116E0,3.510638289154E-1,6.2E0));
#9460=VERTEX_POINT('',#9459);
#9461=CARTESIAN_POINT('',(-6.895835518837E-1,8.191489204764E-1,6.2E0));
#9462=VERTEX_POINT('',#9461);
#9463=CARTESIAN_POINT('',(-4.604164481163E-1,1.287234053016E0,6.2E0));
#9464=VERTEX_POINT('',#9463);
#9465=CARTESIAN_POINT('',(-4.604164481163E-1,1.872340366244E0,6.2E0));
#9466=VERTEX_POINT('',#9465);
#9467=CARTESIAN_POINT('',(-6.895835518837E-1,2.340425580740E0,6.2E0));
#9468=VERTEX_POINT('',#9467);
#9469=CARTESIAN_POINT('',(-1.147916448116E0,2.808510631323E0,6.2E0));
#9470=VERTEX_POINT('',#9469);
#9471=CARTESIAN_POINT('',(-1.60625E0,3.042553156614E0,6.2E0));
#9472=VERTEX_POINT('',#9471);
#9473=CARTESIAN_POINT('',(-2.179166448116E0,3.159574419260E0,6.2E0));
#9474=VERTEX_POINT('',#9473);
#9475=CARTESIAN_POINT('',(-2.866666448116E0,3.159574419260E0,6.2E0));
#9476=VERTEX_POINT('',#9475);
#9477=CARTESIAN_POINT('',(-3.210416448116E0,3.276595681906E0,6.2E0));
#9478=VERTEX_POINT('',#9477);
#9479=CARTESIAN_POINT('',(-3.554166448116E0,3.510638207197E0,6.2E0));
#9480=VERTEX_POINT('',#9479);
#9481=CARTESIAN_POINT('',(-3.66875E0,3.861701995134E0,6.2E0));
#9482=VERTEX_POINT('',#9481);
#9483=CARTESIAN_POINT('',(-3.66875E0,4.095744520426E0,6.2E0));
#9484=VERTEX_POINT('',#9483);
#9485=CARTESIAN_POINT('',(-3.554166448116E0,4.446808636189E0,6.2E0));
#9486=VERTEX_POINT('',#9485);
#9487=CARTESIAN_POINT('',(-3.210416448116E0,4.680851161480E0,6.2E0));
#9488=VERTEX_POINT('',#9487);
#9489=CARTESIAN_POINT('',(-2.866666448116E0,4.797872424126E0,6.2E0));
#9490=VERTEX_POINT('',#9489);
#9491=CARTESIAN_POINT('',(-2.179166448116E0,4.797872424126E0,6.2E0));
#9492=VERTEX_POINT('',#9491);
#9493=CARTESIAN_POINT('',(-1.835416448116E0,4.680851161480E0,6.2E0));
#9494=VERTEX_POINT('',#9493);
#9495=CARTESIAN_POINT('',(-1.60625E0,4.446808636189E0,6.2E0));
#9496=VERTEX_POINT('',#9495);
#9497=CARTESIAN_POINT('',(4.695832896233E0,4.212766110897E0,6.2E0));
#9498=CARTESIAN_POINT('',(4.58125E0,4.563829898834E0,6.2E0));
#9499=VERTEX_POINT('',#9497);
#9500=VERTEX_POINT('',#9498);
#9501=CARTESIAN_POINT('',(4.2375E0,5.031914949417E0,6.2E0));
#9502=VERTEX_POINT('',#9501);
#9503=CARTESIAN_POINT('',(3.779167103767E0,5.382978737354E0,6.2E0));
#9504=VERTEX_POINT('',#9503);
#9505=CARTESIAN_POINT('',(3.20625E0,5.5E0,6.2E0));
#9506=VERTEX_POINT('',#9505);
#9507=CARTESIAN_POINT('',(4.5625E-1,5.5E0,6.2E0));
#9508=VERTEX_POINT('',#9507);
#9509=CARTESIAN_POINT('',(4.5625E-1,0.E0,6.2E0));
#9510=VERTEX_POINT('',#9509);
#9511=CARTESIAN_POINT('',(1.14375E0,0.E0,6.2E0));
#9512=VERTEX_POINT('',#9511);
#9513=CARTESIAN_POINT('',(1.14375E0,2.457446843386E0,6.2E0));
#9514=VERTEX_POINT('',#9513);
#9515=CARTESIAN_POINT('',(3.20625E0,2.457446843386E0,6.2E0));
#9516=VERTEX_POINT('',#9515);
#9517=CARTESIAN_POINT('',(3.779167103767E0,2.574468106031E0,6.2E0));
#9518=VERTEX_POINT('',#9517);
#9519=CARTESIAN_POINT('',(4.2375E0,2.925531893969E0,6.2E0));
#9520=VERTEX_POINT('',#9519);
#9521=CARTESIAN_POINT('',(4.58125E0,3.393616944551E0,6.2E0));
#9522=VERTEX_POINT('',#9521);
#9523=CARTESIAN_POINT('',(4.695832896233E0,3.744680732489E0,6.2E0));
#9524=VERTEX_POINT('',#9523);
#9525=CARTESIAN_POINT('',(3.320832896233E0,3.159574419260E0,6.2E0));
#9526=CARTESIAN_POINT('',(1.14375E0,3.159574419260E0,6.2E0));
#9527=VERTEX_POINT('',#9525);
#9528=VERTEX_POINT('',#9526);
#9529=CARTESIAN_POINT('',(1.14375E0,4.914893686771E0,6.2E0));
#9530=VERTEX_POINT('',#9529);
#9531=CARTESIAN_POINT('',(3.320832896233E0,4.914893686771E0,6.2E0));
#9532=VERTEX_POINT('',#9531);
#9533=CARTESIAN_POINT('',(3.664582896233E0,4.797872424126E0,6.2E0));
#9534=VERTEX_POINT('',#9533);
#9535=CARTESIAN_POINT('',(3.89375E0,4.563829898834E0,6.2E0));
#9536=VERTEX_POINT('',#9535);
#9537=CARTESIAN_POINT('',(4.008332896233E0,4.212766110897E0,6.2E0));
#9538=VERTEX_POINT('',#9537);
#9539=CARTESIAN_POINT('',(4.008332896233E0,3.861701995134E0,6.2E0));
#9540=VERTEX_POINT('',#9539);
#9541=CARTESIAN_POINT('',(3.89375E0,3.510638207197E0,6.2E0));
#9542=VERTEX_POINT('',#9541);
#9543=CARTESIAN_POINT('',(3.664582896233E0,3.276595681906E0,6.2E0));
#9544=VERTEX_POINT('',#9543);
#9545=CARTESIAN_POINT('',(9.7375E0,7.021276578307E-1,6.2E0));
#9546=CARTESIAN_POINT('',(6.3E0,7.021276578307E-1,6.2E0));
#9547=VERTEX_POINT('',#9545);
#9548=VERTEX_POINT('',#9546);
#9549=CARTESIAN_POINT('',(6.3E0,2.574468106031E0,6.2E0));
#9550=VERTEX_POINT('',#9549);
#9551=CARTESIAN_POINT('',(9.279167103767E0,2.574468106031E0,6.2E0));
#9552=VERTEX_POINT('',#9551);
#9553=CARTESIAN_POINT('',(9.279167103767E0,3.276595681906E0,6.2E0));
#9554=VERTEX_POINT('',#9553);
#9555=CARTESIAN_POINT('',(6.3E0,3.276595681906E0,6.2E0));
#9556=VERTEX_POINT('',#9555);
#9557=CARTESIAN_POINT('',(6.3E0,4.797872424126E0,6.2E0));
#9558=VERTEX_POINT('',#9557);
#9559=CARTESIAN_POINT('',(9.7375E0,4.797872424126E0,6.2E0));
#9560=VERTEX_POINT('',#9559);
#9561=CARTESIAN_POINT('',(9.7375E0,5.5E0,6.2E0));
#9562=VERTEX_POINT('',#9561);
#9563=CARTESIAN_POINT('',(5.6125E0,5.5E0,6.2E0));
#9564=VERTEX_POINT('',#9563);
#9565=CARTESIAN_POINT('',(5.6125E0,0.E0,6.2E0));
#9566=VERTEX_POINT('',#9565);
#9567=CARTESIAN_POINT('',(9.7375E0,0.E0,6.2E0));
#9568=VERTEX_POINT('',#9567);
#9569=CARTESIAN_POINT('',(-7.95E0,-5.171276585758E0,6.2E0));
#9570=CARTESIAN_POINT('',(-7.95E0,-5.65E0,6.2E0));
#9571=VERTEX_POINT('',#9569);
#9572=VERTEX_POINT('',#9570);
#9573=CARTESIAN_POINT('',(-4.575E0,-5.65E0,6.2E0));
#9574=VERTEX_POINT('',#9573);
#9575=CARTESIAN_POINT('',(-4.575E0,-5.171276585758E0,6.2E0));
#9576=VERTEX_POINT('',#9575);
#9577=CARTESIAN_POINT('',(-7.199999977648E0,-5.171276585758E0,6.2E0));
#9578=VERTEX_POINT('',#9577);
#9579=CARTESIAN_POINT('',(-4.85625E0,-3.064893656969E0,6.2E0));
#9580=VERTEX_POINT('',#9579);
#9581=CARTESIAN_POINT('',(-4.668749910593E0,-2.777659648657E0,6.2E0));
#9582=VERTEX_POINT('',#9581);
#9583=CARTESIAN_POINT('',(-4.575E0,-2.394680970907E0,6.2E0));
#9584=VERTEX_POINT('',#9583);
#9585=CARTESIAN_POINT('',(-4.575E0,-2.203191363811E0,6.2E0));
#9586=VERTEX_POINT('',#9585);
#9587=CARTESIAN_POINT('',(-4.668749910593E0,-1.820212686062E0,6.2E0));
#9588=VERTEX_POINT('',#9587);
#9589=CARTESIAN_POINT('',(-5.043750089407E0,-1.437234008312E0,6.2E0));
#9590=VERTEX_POINT('',#9589);
#9591=CARTESIAN_POINT('',(-5.41875E0,-1.245744669437E0,6.2E0));
#9592=VERTEX_POINT('',#9591);
#9593=CARTESIAN_POINT('',(-5.98125E0,-1.15E0,6.2E0));
#9594=VERTEX_POINT('',#9593);
#9595=CARTESIAN_POINT('',(-6.356250044703E0,-1.15E0,6.2E0));
#9596=VERTEX_POINT('',#9595);
#9597=CARTESIAN_POINT('',(-7.012500022352E0,-1.245744669437E0,6.2E0));
#9598=VERTEX_POINT('',#9597);
#9599=CARTESIAN_POINT('',(-7.3875E0,-1.437234008312E0,6.2E0));
#9600=VERTEX_POINT('',#9599);
#9601=CARTESIAN_POINT('',(-7.762499994412E0,-1.820212686062E0,6.2E0));
#9602=VERTEX_POINT('',#9601);
#9603=CARTESIAN_POINT('',(-7.856249997206E0,-2.203191363811E0,6.2E0));
#9604=VERTEX_POINT('',#9603);
#9605=CARTESIAN_POINT('',(-7.3875E0,-2.203191363811E0,6.2E0));
#9606=VERTEX_POINT('',#9605);
#9607=CARTESIAN_POINT('',(-7.199999977648E0,-1.915957355499E0,6.2E0));
#9608=VERTEX_POINT('',#9607);
#9609=CARTESIAN_POINT('',(-6.918749977648E0,-1.724468016624E0,6.2E0));
#9610=VERTEX_POINT('',#9609);
#9611=CARTESIAN_POINT('',(-6.449999955297E0,-1.628723347187E0,6.2E0));
#9612=VERTEX_POINT('',#9611);
#9613=CARTESIAN_POINT('',(-6.075000044703E0,-1.628723347187E0,6.2E0));
#9614=VERTEX_POINT('',#9613);
#9615=CARTESIAN_POINT('',(-5.606250089407E0,-1.724468016624E0,6.2E0));
#9616=VERTEX_POINT('',#9615);
#9617=CARTESIAN_POINT('',(-5.325000089407E0,-1.915957355499E0,6.2E0));
#9618=VERTEX_POINT('',#9617);
#9619=CARTESIAN_POINT('',(-5.1375E0,-2.203191363811E0,6.2E0));
#9620=VERTEX_POINT('',#9619);
#9621=CARTESIAN_POINT('',(-5.1375E0,-2.394680970907E0,6.2E0));
#9622=VERTEX_POINT('',#9621);
#9623=CARTESIAN_POINT('',(-5.325000089407E0,-2.777659648657E0,6.2E0));
#9624=VERTEX_POINT('',#9623);
#9625=CARTESIAN_POINT('',(-3.824999910593E0,-2.969148987532E0,6.2E0));
#9626=CARTESIAN_POINT('',(-3.824999910593E0,-3.830851012468E0,6.2E0));
#9627=VERTEX_POINT('',#9625);
#9628=VERTEX_POINT('',#9626);
#9629=CARTESIAN_POINT('',(-3.73125E0,-4.309574493766E0,6.2E0));
#9630=VERTEX_POINT('',#9629);
#9631=CARTESIAN_POINT('',(-3.637500089407E0,-4.596808502078E0,6.2E0));
#9632=VERTEX_POINT('',#9631);
#9633=CARTESIAN_POINT('',(-3.45E0,-4.979787246883E0,6.2E0));
#9634=VERTEX_POINT('',#9633);
#9635=CARTESIAN_POINT('',(-3.16875E0,-5.267021288723E0,6.2E0));
#9636=VERTEX_POINT('',#9635);
#9637=CARTESIAN_POINT('',(-2.700000178814E0,-5.554255322181E0,6.2E0));
#9638=VERTEX_POINT('',#9637);
#9639=CARTESIAN_POINT('',(-2.137500178814E0,-5.65E0,6.2E0));
#9640=VERTEX_POINT('',#9639);
#9641=CARTESIAN_POINT('',(-1.575000178814E0,-5.554255322181E0,6.2E0));
#9642=VERTEX_POINT('',#9641);
#9643=CARTESIAN_POINT('',(-1.106249821186E0,-5.267021288723E0,6.2E0));
#9644=VERTEX_POINT('',#9643);
#9645=CARTESIAN_POINT('',(-8.249998211861E-1,-4.979787246883E0,6.2E0));
#9646=VERTEX_POINT('',#9645);
#9647=CARTESIAN_POINT('',(-6.375E-1,-4.596808502078E0,6.2E0));
#9648=VERTEX_POINT('',#9647);
#9649=CARTESIAN_POINT('',(-5.437498211861E-1,-4.309574493766E0,6.2E0));
#9650=VERTEX_POINT('',#9649);
#9651=CARTESIAN_POINT('',(-4.500001788139E-1,-3.830851012468E0,6.2E0));
#9652=VERTEX_POINT('',#9651);
#9653=CARTESIAN_POINT('',(-4.500001788139E-1,-2.969148987532E0,6.2E0));
#9654=VERTEX_POINT('',#9653);
#9655=CARTESIAN_POINT('',(-5.437498211861E-1,-2.490425640345E0,6.2E0));
#9656=VERTEX_POINT('',#9655);
#9657=CARTESIAN_POINT('',(-6.375E-1,-2.203191363811E0,6.2E0));
#9658=VERTEX_POINT('',#9657);
#9659=CARTESIAN_POINT('',(-8.249998211861E-1,-1.820212686062E0,6.2E0));
#9660=VERTEX_POINT('',#9659);
#9661=CARTESIAN_POINT('',(-1.106249821186E0,-1.532978677750E0,6.2E0));
#9662=VERTEX_POINT('',#9661);
#9663=CARTESIAN_POINT('',(-1.575000178814E0,-1.245744669437E0,6.2E0));
#9664=VERTEX_POINT('',#9663);
#9665=CARTESIAN_POINT('',(-2.137500178814E0,-1.15E0,6.2E0));
#9666=VERTEX_POINT('',#9665);
#9667=CARTESIAN_POINT('',(-2.700000178814E0,-1.245744669437E0,6.2E0));
#9668=VERTEX_POINT('',#9667);
#9669=CARTESIAN_POINT('',(-3.16875E0,-1.532978677750E0,6.2E0));
#9670=VERTEX_POINT('',#9669);
#9671=CARTESIAN_POINT('',(-3.45E0,-1.820212686062E0,6.2E0));
#9672=VERTEX_POINT('',#9671);
#9673=CARTESIAN_POINT('',(-3.637500089407E0,-2.203191363811E0,6.2E0));
#9674=VERTEX_POINT('',#9673);
#9675=CARTESIAN_POINT('',(-3.73125E0,-2.490425640345E0,6.2E0));
#9676=VERTEX_POINT('',#9675);
#9677=CARTESIAN_POINT('',(-3.356249821186E0,-3.064893656969E0,6.2E0));
#9678=CARTESIAN_POINT('',(-3.262500178814E0,-2.490425640345E0,6.2E0));
#9679=VERTEX_POINT('',#9677);
#9680=VERTEX_POINT('',#9678);
#9681=CARTESIAN_POINT('',(-2.8875E0,-1.915957355499E0,6.2E0));
#9682=VERTEX_POINT('',#9681);
#9683=CARTESIAN_POINT('',(-2.60625E0,-1.724468016624E0,6.2E0));
#9684=VERTEX_POINT('',#9683);
#9685=CARTESIAN_POINT('',(-2.137500178814E0,-1.628723347187E0,6.2E0));
#9686=VERTEX_POINT('',#9685);
#9687=CARTESIAN_POINT('',(-1.668749821186E0,-1.724468016624E0,6.2E0));
#9688=VERTEX_POINT('',#9687);
#9689=CARTESIAN_POINT('',(-1.387499821186E0,-1.915957355499E0,6.2E0));
#9690=VERTEX_POINT('',#9689);
#9691=CARTESIAN_POINT('',(-1.012500178814E0,-2.490425640345E0,6.2E0));
#9692=VERTEX_POINT('',#9691);
#9693=CARTESIAN_POINT('',(-9.1875E-1,-3.064893656969E0,6.2E0));
#9694=VERTEX_POINT('',#9693);
#9695=CARTESIAN_POINT('',(-9.1875E-1,-3.735106343031E0,6.2E0));
#9696=VERTEX_POINT('',#9695);
#9697=CARTESIAN_POINT('',(-1.012500178814E0,-4.309574493766E0,6.2E0));
#9698=VERTEX_POINT('',#9697);
#9699=CARTESIAN_POINT('',(-1.387499821186E0,-4.884042577446E0,6.2E0));
#9700=VERTEX_POINT('',#9699);
#9701=CARTESIAN_POINT('',(-1.668749821186E0,-5.075531916320E0,6.2E0));
#9702=VERTEX_POINT('',#9701);
#9703=CARTESIAN_POINT('',(-2.137500178814E0,-5.171276585758E0,6.2E0));
#9704=VERTEX_POINT('',#9703);
#9705=CARTESIAN_POINT('',(-2.60625E0,-5.075531916320E0,6.2E0));
#9706=VERTEX_POINT('',#9705);
#9707=CARTESIAN_POINT('',(-2.8875E0,-4.884042577446E0,6.2E0));
#9708=VERTEX_POINT('',#9707);
#9709=CARTESIAN_POINT('',(-3.262500178814E0,-4.309574493766E0,6.2E0));
#9710=VERTEX_POINT('',#9709);
#9711=CARTESIAN_POINT('',(-3.356249821186E0,-3.735106343031E0,6.2E0));
#9712=VERTEX_POINT('',#9711);
#9713=CARTESIAN_POINT('',(3.000001788139E-1,-5.171276585758E0,6.2E0));
#9714=CARTESIAN_POINT('',(3.000001788139E-1,-5.65E0,6.2E0));
#9715=VERTEX_POINT('',#9713);
#9716=VERTEX_POINT('',#9714);
#9717=CARTESIAN_POINT('',(3.674999642372E0,-5.65E0,6.2E0));
#9718=VERTEX_POINT('',#9717);
#9719=CARTESIAN_POINT('',(3.674999642372E0,-5.171276585758E0,6.2E0));
#9720=VERTEX_POINT('',#9719);
#9721=CARTESIAN_POINT('',(1.05E0,-5.171276585758E0,6.2E0));
#9722=VERTEX_POINT('',#9721);
#9723=CARTESIAN_POINT('',(3.393749642372E0,-3.064893656969E0,6.2E0));
#9724=VERTEX_POINT('',#9723);
#9725=CARTESIAN_POINT('',(3.58125E0,-2.777659648657E0,6.2E0));
#9726=VERTEX_POINT('',#9725);
#9727=CARTESIAN_POINT('',(3.674999642372E0,-2.394680970907E0,6.2E0));
#9728=VERTEX_POINT('',#9727);
#9729=CARTESIAN_POINT('',(3.674999642372E0,-2.203191363811E0,6.2E0));
#9730=VERTEX_POINT('',#9729);
#9731=CARTESIAN_POINT('',(3.58125E0,-1.820212686062E0,6.2E0));
#9732=VERTEX_POINT('',#9731);
#9733=CARTESIAN_POINT('',(3.206250357628E0,-1.437234008312E0,6.2E0));
#9734=VERTEX_POINT('',#9733);
#9735=CARTESIAN_POINT('',(2.831249642372E0,-1.245744669437E0,6.2E0));
#9736=VERTEX_POINT('',#9735);
#9737=CARTESIAN_POINT('',(2.268749642372E0,-1.15E0,6.2E0));
#9738=VERTEX_POINT('',#9737);
#9739=CARTESIAN_POINT('',(1.89375E0,-1.15E0,6.2E0));
#9740=VERTEX_POINT('',#9739);
#9741=CARTESIAN_POINT('',(1.237500357628E0,-1.245744669437E0,6.2E0));
#9742=VERTEX_POINT('',#9741);
#9743=CARTESIAN_POINT('',(8.625001788139E-1,-1.437234008312E0,6.2E0));
#9744=VERTEX_POINT('',#9743);
#9745=CARTESIAN_POINT('',(4.875E-1,-1.820212686062E0,6.2E0));
#9746=VERTEX_POINT('',#9745);
#9747=CARTESIAN_POINT('',(3.937498211861E-1,-2.203191363811E0,6.2E0));
#9748=VERTEX_POINT('',#9747);
#9749=CARTESIAN_POINT('',(8.625001788139E-1,-2.203191363811E0,6.2E0));
#9750=VERTEX_POINT('',#9749);
#9751=CARTESIAN_POINT('',(1.05E0,-1.915957355499E0,6.2E0));
#9752=VERTEX_POINT('',#9751);
#9753=CARTESIAN_POINT('',(1.33125E0,-1.724468016624E0,6.2E0));
#9754=VERTEX_POINT('',#9753);
#9755=CARTESIAN_POINT('',(1.800000357628E0,-1.628723347187E0,6.2E0));
#9756=VERTEX_POINT('',#9755);
#9757=CARTESIAN_POINT('',(2.175E0,-1.628723347187E0,6.2E0));
#9758=VERTEX_POINT('',#9757);
#9759=CARTESIAN_POINT('',(2.643750357628E0,-1.724468016624E0,6.2E0));
#9760=VERTEX_POINT('',#9759);
#9761=CARTESIAN_POINT('',(2.925000357628E0,-1.915957355499E0,6.2E0));
#9762=VERTEX_POINT('',#9761);
#9763=CARTESIAN_POINT('',(3.112499642372E0,-2.203191363811E0,6.2E0));
#9764=VERTEX_POINT('',#9763);
#9765=CARTESIAN_POINT('',(3.112499642372E0,-2.394680970907E0,6.2E0));
#9766=VERTEX_POINT('',#9765);
#9767=CARTESIAN_POINT('',(2.925000357628E0,-2.777659648657E0,6.2E0));
#9768=VERTEX_POINT('',#9767);
#9769=CARTESIAN_POINT('',(5.081249642372E0,-3.639361673594E0,6.2E0));
#9770=CARTESIAN_POINT('',(5.456250357628E0,-3.352127665281E0,6.2E0));
#9771=VERTEX_POINT('',#9769);
#9772=VERTEX_POINT('',#9770);
#9773=CARTESIAN_POINT('',(5.83125E0,-3.256382995844E0,6.2E0));
#9774=VERTEX_POINT('',#9773);
#9775=CARTESIAN_POINT('',(6.39375E0,-3.256382995844E0,6.2E0));
#9776=VERTEX_POINT('',#9775);
#9777=CARTESIAN_POINT('',(6.768749642372E0,-3.352127665281E0,6.2E0));
#9778=VERTEX_POINT('',#9777);
#9779=CARTESIAN_POINT('',(7.049999642372E0,-3.543617004156E0,6.2E0));
#9780=VERTEX_POINT('',#9779);
#9781=CARTESIAN_POINT('',(7.2375E0,-3.830851012468E0,6.2E0));
#9782=VERTEX_POINT('',#9781);
#9783=CARTESIAN_POINT('',(7.331249642372E0,-4.118085154891E0,6.2E0));
#9784=VERTEX_POINT('',#9783);
#9785=CARTESIAN_POINT('',(7.331249642372E0,-4.309574493766E0,6.2E0));
#9786=VERTEX_POINT('',#9785);
#9787=CARTESIAN_POINT('',(7.2375E0,-4.596808502078E0,6.2E0));
#9788=VERTEX_POINT('',#9787);
#9789=CARTESIAN_POINT('',(7.049999642372E0,-4.884042577446E0,6.2E0));
#9790=VERTEX_POINT('',#9789);
#9791=CARTESIAN_POINT('',(6.768749642372E0,-5.075531916320E0,6.2E0));
#9792=VERTEX_POINT('',#9791);
#9793=CARTESIAN_POINT('',(6.39375E0,-5.171276585758E0,6.2E0));
#9794=VERTEX_POINT('',#9793);
#9795=CARTESIAN_POINT('',(5.83125E0,-5.171276585758E0,6.2E0));
#9796=VERTEX_POINT('',#9795);
#9797=CARTESIAN_POINT('',(5.456250357628E0,-5.075531916320E0,6.2E0));
#9798=VERTEX_POINT('',#9797);
#9799=CARTESIAN_POINT('',(5.175000357628E0,-4.884042577446E0,6.2E0));
#9800=VERTEX_POINT('',#9799);
#9801=CARTESIAN_POINT('',(4.9875E0,-4.501063832641E0,6.2E0));
#9802=VERTEX_POINT('',#9801);
#9803=CARTESIAN_POINT('',(4.425E0,-4.501063832641E0,6.2E0));
#9804=VERTEX_POINT('',#9803);
#9805=CARTESIAN_POINT('',(4.612500357628E0,-4.884042577446E0,6.2E0));
#9806=VERTEX_POINT('',#9805);
#9807=CARTESIAN_POINT('',(4.893750357628E0,-5.267021288723E0,6.2E0));
#9808=VERTEX_POINT('',#9807);
#9809=CARTESIAN_POINT('',(5.362499642372E0,-5.554255322181E0,6.2E0));
#9810=VERTEX_POINT('',#9809);
#9811=CARTESIAN_POINT('',(5.83125E0,-5.65E0,6.2E0));
#9812=VERTEX_POINT('',#9811);
#9813=CARTESIAN_POINT('',(6.39375E0,-5.65E0,6.2E0));
#9814=VERTEX_POINT('',#9813);
#9815=CARTESIAN_POINT('',(6.862500357628E0,-5.554255322181E0,6.2E0));
#9816=VERTEX_POINT('',#9815);
#9817=CARTESIAN_POINT('',(7.331249642372E0,-5.267021288723E0,6.2E0));
#9818=VERTEX_POINT('',#9817);
#9819=CARTESIAN_POINT('',(7.612499642372E0,-4.884042577446E0,6.2E0));
#9820=VERTEX_POINT('',#9819);
#9821=CARTESIAN_POINT('',(7.8E0,-4.405319163203E0,6.2E0));
#9822=VERTEX_POINT('',#9821);
#9823=CARTESIAN_POINT('',(7.8E0,-4.022340485454E0,6.2E0));
#9824=VERTEX_POINT('',#9823);
#9825=CARTESIAN_POINT('',(7.612499642372E0,-3.543617004156E0,6.2E0));
#9826=VERTEX_POINT('',#9825);
#9827=CARTESIAN_POINT('',(7.331249642372E0,-3.160638326406E0,6.2E0));
#9828=VERTEX_POINT('',#9827);
#9829=CARTESIAN_POINT('',(6.862500357628E0,-2.873404318094E0,6.2E0));
#9830=VERTEX_POINT('',#9829);
#9831=CARTESIAN_POINT('',(6.39375E0,-2.777659648657E0,6.2E0));
#9832=VERTEX_POINT('',#9831);
#9833=CARTESIAN_POINT('',(5.83125E0,-2.777659648657E0,6.2E0));
#9834=VERTEX_POINT('',#9833);
#9835=CARTESIAN_POINT('',(5.362499642372E0,-2.873404318094E0,6.2E0));
#9836=VERTEX_POINT('',#9835);
#9837=CARTESIAN_POINT('',(4.893750357628E0,-3.160638326406E0,6.2E0));
#9838=VERTEX_POINT('',#9837);
#9839=CARTESIAN_POINT('',(4.893750357628E0,-1.628723347187E0,6.2E0));
#9840=VERTEX_POINT('',#9839);
#9841=CARTESIAN_POINT('',(7.612499642372E0,-1.628723347187E0,6.2E0));
#9842=VERTEX_POINT('',#9841);
#9843=CARTESIAN_POINT('',(7.612499642372E0,-1.15E0,6.2E0));
#9844=VERTEX_POINT('',#9843);
#9845=CARTESIAN_POINT('',(4.425E0,-1.15E0,6.2E0));
#9846=VERTEX_POINT('',#9845);
#9847=CARTESIAN_POINT('',(4.425E0,-3.639361673594E0,6.2E0));
#9848=VERTEX_POINT('',#9847);
#9849=CARTESIAN_POINT('',(-7.45E0,5.5E0,6.E0));
#9850=CARTESIAN_POINT('',(-8.366666612029E0,5.5E0,6.E0));
#9851=VERTEX_POINT('',#9849);
#9852=VERTEX_POINT('',#9850);
#9853=CARTESIAN_POINT('',(-1.02E1,0.E0,6.E0));
#9854=VERTEX_POINT('',#9853);
#9855=CARTESIAN_POINT('',(-9.5125E0,0.E0,6.E0));
#9856=VERTEX_POINT('',#9855);
#9857=CARTESIAN_POINT('',(-9.054166693985E0,1.404255315661E0,6.E0));
#9858=VERTEX_POINT('',#9857);
#9859=CARTESIAN_POINT('',(-6.7625E0,1.404255315661E0,6.E0));
#9860=VERTEX_POINT('',#9859);
#9861=CARTESIAN_POINT('',(-6.304166775942E0,0.E0,6.E0));
#9862=VERTEX_POINT('',#9861);
#9863=CARTESIAN_POINT('',(-5.616666775942E0,0.E0,6.E0));
#9864=VERTEX_POINT('',#9863);
#9865=CARTESIAN_POINT('',(-7.908333387971E0,5.031914949417E0,6.E0));
#9866=CARTESIAN_POINT('',(-6.877083224058E0,1.872340366244E0,6.E0));
#9867=VERTEX_POINT('',#9865);
#9868=VERTEX_POINT('',#9866);
#9869=CARTESIAN_POINT('',(-8.939583306015E0,1.872340366244E0,6.E0));
#9870=VERTEX_POINT('',#9869);
#9871=CARTESIAN_POINT('',(-1.491666448116E0,4.212766110897E0,6.E0));
#9872=CARTESIAN_POINT('',(-8.041664481163E-1,4.212766110897E0,6.E0));
#9873=VERTEX_POINT('',#9871);
#9874=VERTEX_POINT('',#9872);
#9875=CARTESIAN_POINT('',(-9.1875E-1,4.563829898834E0,6.E0));
#9876=VERTEX_POINT('',#9875);
#9877=CARTESIAN_POINT('',(-1.2625E0,5.031914949417E0,6.E0));
#9878=VERTEX_POINT('',#9877);
#9879=CARTESIAN_POINT('',(-1.720833551884E0,5.382978737354E0,6.E0));
#9880=VERTEX_POINT('',#9879);
#9881=CARTESIAN_POINT('',(-2.29375E0,5.5E0,6.E0));
#9882=VERTEX_POINT('',#9881);
#9883=CARTESIAN_POINT('',(-2.866666448116E0,5.5E0,6.E0));
#9884=VERTEX_POINT('',#9883);
#9885=CARTESIAN_POINT('',(-3.325E0,5.382978737354E0,6.E0));
#9886=VERTEX_POINT('',#9885);
#9887=CARTESIAN_POINT('',(-3.783333551884E0,5.148936212063E0,6.E0));
#9888=VERTEX_POINT('',#9887);
#9889=CARTESIAN_POINT('',(-4.241666448116E0,4.680851161480E0,6.E0));
#9890=VERTEX_POINT('',#9889);
#9891=CARTESIAN_POINT('',(-4.35625E0,4.212766110897E0,6.E0));
#9892=VERTEX_POINT('',#9891);
#9893=CARTESIAN_POINT('',(-4.35625E0,3.744680732489E0,6.E0));
#9894=VERTEX_POINT('',#9893);
#9895=CARTESIAN_POINT('',(-4.241666448116E0,3.276595681906E0,6.E0));
#9896=VERTEX_POINT('',#9895);
#9897=CARTESIAN_POINT('',(-3.783333551884E0,2.808510631323E0,6.E0));
#9898=VERTEX_POINT('',#9897);
#9899=CARTESIAN_POINT('',(-3.325E0,2.574468106031E0,6.E0));
#9900=VERTEX_POINT('',#9899);
#9901=CARTESIAN_POINT('',(-2.866666448116E0,2.457446843386E0,6.E0));
#9902=VERTEX_POINT('',#9901);
#9903=CARTESIAN_POINT('',(-2.179166448116E0,2.457446843386E0,6.E0));
#9904=VERTEX_POINT('',#9903);
#9905=CARTESIAN_POINT('',(-1.720833551884E0,2.340425580740E0,6.E0));
#9906=VERTEX_POINT('',#9905);
#9907=CARTESIAN_POINT('',(-1.377083551884E0,2.106383055449E0,6.E0));
#9908=VERTEX_POINT('',#9907);
#9909=CARTESIAN_POINT('',(-1.147916448116E0,1.755319103599E0,6.E0));
#9910=VERTEX_POINT('',#9909);
#9911=CARTESIAN_POINT('',(-1.147916448116E0,1.404255315661E0,6.E0));
#9912=VERTEX_POINT('',#9911);
#9913=CARTESIAN_POINT('',(-1.377083551884E0,1.053191527724E0,6.E0));
#9914=VERTEX_POINT('',#9913);
#9915=CARTESIAN_POINT('',(-1.720833551884E0,8.191489204764E-1,6.E0));
#9916=VERTEX_POINT('',#9915);
#9917=CARTESIAN_POINT('',(-2.179166448116E0,7.021276578307E-1,6.E0));
#9918=VERTEX_POINT('',#9917);
#9919=CARTESIAN_POINT('',(-3.095833551884E0,7.021276578307E-1,6.E0));
#9920=VERTEX_POINT('',#9919);
#9921=CARTESIAN_POINT('',(-3.554166448116E0,8.191489204764E-1,6.E0));
#9922=VERTEX_POINT('',#9921);
#9923=CARTESIAN_POINT('',(-3.897916448116E0,1.170212790370E0,6.E0));
#9924=VERTEX_POINT('',#9923);
#9925=CARTESIAN_POINT('',(-4.0125E0,1.521276578307E0,6.E0));
#9926=VERTEX_POINT('',#9925);
#9927=CARTESIAN_POINT('',(-4.7E0,1.521276578307E0,6.E0));
#9928=VERTEX_POINT('',#9927);
#9929=CARTESIAN_POINT('',(-4.585416448116E0,1.053191527724E0,6.E0));
#9930=VERTEX_POINT('',#9929);
#9931=CARTESIAN_POINT('',(-4.241666448116E0,4.680850915611E-1,6.E0));
#9932=VERTEX_POINT('',#9931);
#9933=CARTESIAN_POINT('',(-3.66875E0,1.170212728903E-1,6.E0));
#9934=VERTEX_POINT('',#9933);
#9935=CARTESIAN_POINT('',(-3.095833551884E0,0.E0,6.E0));
#9936=VERTEX_POINT('',#9935);
#9937=CARTESIAN_POINT('',(-2.179166448116E0,0.E0,6.E0));
#9938=VERTEX_POINT('',#9937);
#9939=CARTESIAN_POINT('',(-1.60625E0,1.170212728903E-1,6.E0));
#9940=VERTEX_POINT('',#9939);
#9941=CARTESIAN_POINT('',(-1.147916448116E0,3.510638289154E-1,6.E0));
#9942=VERTEX_POINT('',#9941);
#9943=CARTESIAN_POINT('',(-6.895835518837E-1,8.191489204764E-1,6.E0));
#9944=VERTEX_POINT('',#9943);
#9945=CARTESIAN_POINT('',(-4.604164481163E-1,1.287234053016E0,6.E0));
#9946=VERTEX_POINT('',#9945);
#9947=CARTESIAN_POINT('',(-4.604164481163E-1,1.872340366244E0,6.E0));
#9948=VERTEX_POINT('',#9947);
#9949=CARTESIAN_POINT('',(-6.895835518837E-1,2.340425580740E0,6.E0));
#9950=VERTEX_POINT('',#9949);
#9951=CARTESIAN_POINT('',(-1.147916448116E0,2.808510631323E0,6.E0));
#9952=VERTEX_POINT('',#9951);
#9953=CARTESIAN_POINT('',(-1.60625E0,3.042553156614E0,6.E0));
#9954=VERTEX_POINT('',#9953);
#9955=CARTESIAN_POINT('',(-2.179166448116E0,3.159574419260E0,6.E0));
#9956=VERTEX_POINT('',#9955);
#9957=CARTESIAN_POINT('',(-2.866666448116E0,3.159574419260E0,6.E0));
#9958=VERTEX_POINT('',#9957);
#9959=CARTESIAN_POINT('',(-3.210416448116E0,3.276595681906E0,6.E0));
#9960=VERTEX_POINT('',#9959);
#9961=CARTESIAN_POINT('',(-3.554166448116E0,3.510638207197E0,6.E0));
#9962=VERTEX_POINT('',#9961);
#9963=CARTESIAN_POINT('',(-3.66875E0,3.861701995134E0,6.E0));
#9964=VERTEX_POINT('',#9963);
#9965=CARTESIAN_POINT('',(-3.66875E0,4.095744520426E0,6.E0));
#9966=VERTEX_POINT('',#9965);
#9967=CARTESIAN_POINT('',(-3.554166448116E0,4.446808636189E0,6.E0));
#9968=VERTEX_POINT('',#9967);
#9969=CARTESIAN_POINT('',(-3.210416448116E0,4.680851161480E0,6.E0));
#9970=VERTEX_POINT('',#9969);
#9971=CARTESIAN_POINT('',(-2.866666448116E0,4.797872424126E0,6.E0));
#9972=VERTEX_POINT('',#9971);
#9973=CARTESIAN_POINT('',(-2.179166448116E0,4.797872424126E0,6.E0));
#9974=VERTEX_POINT('',#9973);
#9975=CARTESIAN_POINT('',(-1.835416448116E0,4.680851161480E0,6.E0));
#9976=VERTEX_POINT('',#9975);
#9977=CARTESIAN_POINT('',(-1.60625E0,4.446808636189E0,6.E0));
#9978=VERTEX_POINT('',#9977);
#9979=CARTESIAN_POINT('',(4.695832896233E0,4.212766110897E0,6.E0));
#9980=CARTESIAN_POINT('',(4.58125E0,4.563829898834E0,6.E0));
#9981=VERTEX_POINT('',#9979);
#9982=VERTEX_POINT('',#9980);
#9983=CARTESIAN_POINT('',(4.2375E0,5.031914949417E0,6.E0));
#9984=VERTEX_POINT('',#9983);
#9985=CARTESIAN_POINT('',(3.779167103767E0,5.382978737354E0,6.E0));
#9986=VERTEX_POINT('',#9985);
#9987=CARTESIAN_POINT('',(3.20625E0,5.5E0,6.E0));
#9988=VERTEX_POINT('',#9987);
#9989=CARTESIAN_POINT('',(4.5625E-1,5.5E0,6.E0));
#9990=VERTEX_POINT('',#9989);
#9991=CARTESIAN_POINT('',(4.5625E-1,0.E0,6.E0));
#9992=VERTEX_POINT('',#9991);
#9993=CARTESIAN_POINT('',(1.14375E0,0.E0,6.E0));
#9994=VERTEX_POINT('',#9993);
#9995=CARTESIAN_POINT('',(1.14375E0,2.457446843386E0,6.E0));
#9996=VERTEX_POINT('',#9995);
#9997=CARTESIAN_POINT('',(3.20625E0,2.457446843386E0,6.E0));
#9998=VERTEX_POINT('',#9997);
#9999=CARTESIAN_POINT('',(3.779167103767E0,2.574468106031E0,6.E0));
#10000=VERTEX_POINT('',#9999);
#10001=CARTESIAN_POINT('',(4.2375E0,2.925531893969E0,6.E0));
#10002=VERTEX_POINT('',#10001);
#10003=CARTESIAN_POINT('',(4.58125E0,3.393616944551E0,6.E0));
#10004=VERTEX_POINT('',#10003);
#10005=CARTESIAN_POINT('',(4.695832896233E0,3.744680732489E0,6.E0));
#10006=VERTEX_POINT('',#10005);
#10007=CARTESIAN_POINT('',(3.320832896233E0,3.159574419260E0,6.E0));
#10008=CARTESIAN_POINT('',(1.14375E0,3.159574419260E0,6.E0));
#10009=VERTEX_POINT('',#10007);
#10010=VERTEX_POINT('',#10008);
#10011=CARTESIAN_POINT('',(1.14375E0,4.914893686771E0,6.E0));
#10012=VERTEX_POINT('',#10011);
#10013=CARTESIAN_POINT('',(3.320832896233E0,4.914893686771E0,6.E0));
#10014=VERTEX_POINT('',#10013);
#10015=CARTESIAN_POINT('',(3.664582896233E0,4.797872424126E0,6.E0));
#10016=VERTEX_POINT('',#10015);
#10017=CARTESIAN_POINT('',(3.89375E0,4.563829898834E0,6.E0));
#10018=VERTEX_POINT('',#10017);
#10019=CARTESIAN_POINT('',(4.008332896233E0,4.212766110897E0,6.E0));
#10020=VERTEX_POINT('',#10019);
#10021=CARTESIAN_POINT('',(4.008332896233E0,3.861701995134E0,6.E0));
#10022=VERTEX_POINT('',#10021);
#10023=CARTESIAN_POINT('',(3.89375E0,3.510638207197E0,6.E0));
#10024=VERTEX_POINT('',#10023);
#10025=CARTESIAN_POINT('',(3.664582896233E0,3.276595681906E0,6.E0));
#10026=VERTEX_POINT('',#10025);
#10027=CARTESIAN_POINT('',(9.7375E0,7.021276578307E-1,6.E0));
#10028=CARTESIAN_POINT('',(6.3E0,7.021276578307E-1,6.E0));
#10029=VERTEX_POINT('',#10027);
#10030=VERTEX_POINT('',#10028);
#10031=CARTESIAN_POINT('',(6.3E0,2.574468106031E0,6.E0));
#10032=VERTEX_POINT('',#10031);
#10033=CARTESIAN_POINT('',(9.279167103767E0,2.574468106031E0,6.E0));
#10034=VERTEX_POINT('',#10033);
#10035=CARTESIAN_POINT('',(9.279167103767E0,3.276595681906E0,6.E0));
#10036=VERTEX_POINT('',#10035);
#10037=CARTESIAN_POINT('',(6.3E0,3.276595681906E0,6.E0));
#10038=VERTEX_POINT('',#10037);
#10039=CARTESIAN_POINT('',(6.3E0,4.797872424126E0,6.E0));
#10040=VERTEX_POINT('',#10039);
#10041=CARTESIAN_POINT('',(9.7375E0,4.797872424126E0,6.E0));
#10042=VERTEX_POINT('',#10041);
#10043=CARTESIAN_POINT('',(9.7375E0,5.5E0,6.E0));
#10044=VERTEX_POINT('',#10043);
#10045=CARTESIAN_POINT('',(5.6125E0,5.5E0,6.E0));
#10046=VERTEX_POINT('',#10045);
#10047=CARTESIAN_POINT('',(5.6125E0,0.E0,6.E0));
#10048=VERTEX_POINT('',#10047);
#10049=CARTESIAN_POINT('',(9.7375E0,0.E0,6.E0));
#10050=VERTEX_POINT('',#10049);
#10051=CARTESIAN_POINT('',(-7.95E0,-5.171276585758E0,6.E0));
#10052=CARTESIAN_POINT('',(-7.95E0,-5.65E0,6.E0));
#10053=VERTEX_POINT('',#10051);
#10054=VERTEX_POINT('',#10052);
#10055=CARTESIAN_POINT('',(-4.575E0,-5.65E0,6.E0));
#10056=VERTEX_POINT('',#10055);
#10057=CARTESIAN_POINT('',(-4.575E0,-5.171276585758E0,6.E0));
#10058=VERTEX_POINT('',#10057);
#10059=CARTESIAN_POINT('',(-7.199999977648E0,-5.171276585758E0,6.E0));
#10060=VERTEX_POINT('',#10059);
#10061=CARTESIAN_POINT('',(-4.85625E0,-3.064893656969E0,6.E0));
#10062=VERTEX_POINT('',#10061);
#10063=CARTESIAN_POINT('',(-4.668749910593E0,-2.777659648657E0,6.E0));
#10064=VERTEX_POINT('',#10063);
#10065=CARTESIAN_POINT('',(-4.575E0,-2.394680970907E0,6.E0));
#10066=VERTEX_POINT('',#10065);
#10067=CARTESIAN_POINT('',(-4.575E0,-2.203191363811E0,6.E0));
#10068=VERTEX_POINT('',#10067);
#10069=CARTESIAN_POINT('',(-4.668749910593E0,-1.820212686062E0,6.E0));
#10070=VERTEX_POINT('',#10069);
#10071=CARTESIAN_POINT('',(-5.043750089407E0,-1.437234008312E0,6.E0));
#10072=VERTEX_POINT('',#10071);
#10073=CARTESIAN_POINT('',(-5.41875E0,-1.245744669437E0,6.E0));
#10074=VERTEX_POINT('',#10073);
#10075=CARTESIAN_POINT('',(-5.98125E0,-1.15E0,6.E0));
#10076=VERTEX_POINT('',#10075);
#10077=CARTESIAN_POINT('',(-6.356250044703E0,-1.15E0,6.E0));
#10078=VERTEX_POINT('',#10077);
#10079=CARTESIAN_POINT('',(-7.012500022352E0,-1.245744669437E0,6.E0));
#10080=VERTEX_POINT('',#10079);
#10081=CARTESIAN_POINT('',(-7.3875E0,-1.437234008312E0,6.E0));
#10082=VERTEX_POINT('',#10081);
#10083=CARTESIAN_POINT('',(-7.762499994412E0,-1.820212686062E0,6.E0));
#10084=VERTEX_POINT('',#10083);
#10085=CARTESIAN_POINT('',(-7.856249997206E0,-2.203191363811E0,6.E0));
#10086=VERTEX_POINT('',#10085);
#10087=CARTESIAN_POINT('',(-7.3875E0,-2.203191363811E0,6.E0));
#10088=VERTEX_POINT('',#10087);
#10089=CARTESIAN_POINT('',(-7.199999977648E0,-1.915957355499E0,6.E0));
#10090=VERTEX_POINT('',#10089);
#10091=CARTESIAN_POINT('',(-6.918749977648E0,-1.724468016624E0,6.E0));
#10092=VERTEX_POINT('',#10091);
#10093=CARTESIAN_POINT('',(-6.449999955297E0,-1.628723347187E0,6.E0));
#10094=VERTEX_POINT('',#10093);
#10095=CARTESIAN_POINT('',(-6.075000044703E0,-1.628723347187E0,6.E0));
#10096=VERTEX_POINT('',#10095);
#10097=CARTESIAN_POINT('',(-5.606250089407E0,-1.724468016624E0,6.E0));
#10098=VERTEX_POINT('',#10097);
#10099=CARTESIAN_POINT('',(-5.325000089407E0,-1.915957355499E0,6.E0));
#10100=VERTEX_POINT('',#10099);
#10101=CARTESIAN_POINT('',(-5.1375E0,-2.203191363811E0,6.E0));
#10102=VERTEX_POINT('',#10101);
#10103=CARTESIAN_POINT('',(-5.1375E0,-2.394680970907E0,6.E0));
#10104=VERTEX_POINT('',#10103);
#10105=CARTESIAN_POINT('',(-5.325000089407E0,-2.777659648657E0,6.E0));
#10106=VERTEX_POINT('',#10105);
#10107=CARTESIAN_POINT('',(-3.824999910593E0,-2.969148987532E0,6.E0));
#10108=CARTESIAN_POINT('',(-3.824999910593E0,-3.830851012468E0,6.E0));
#10109=VERTEX_POINT('',#10107);
#10110=VERTEX_POINT('',#10108);
#10111=CARTESIAN_POINT('',(-3.73125E0,-4.309574493766E0,6.E0));
#10112=VERTEX_POINT('',#10111);
#10113=CARTESIAN_POINT('',(-3.637500089407E0,-4.596808502078E0,6.E0));
#10114=VERTEX_POINT('',#10113);
#10115=CARTESIAN_POINT('',(-3.45E0,-4.979787246883E0,6.E0));
#10116=VERTEX_POINT('',#10115);
#10117=CARTESIAN_POINT('',(-3.16875E0,-5.267021288723E0,6.E0));
#10118=VERTEX_POINT('',#10117);
#10119=CARTESIAN_POINT('',(-2.700000178814E0,-5.554255322181E0,6.E0));
#10120=VERTEX_POINT('',#10119);
#10121=CARTESIAN_POINT('',(-2.137500178814E0,-5.65E0,6.E0));
#10122=VERTEX_POINT('',#10121);
#10123=CARTESIAN_POINT('',(-1.575000178814E0,-5.554255322181E0,6.E0));
#10124=VERTEX_POINT('',#10123);
#10125=CARTESIAN_POINT('',(-1.106249821186E0,-5.267021288723E0,6.E0));
#10126=VERTEX_POINT('',#10125);
#10127=CARTESIAN_POINT('',(-8.249998211861E-1,-4.979787246883E0,6.E0));
#10128=VERTEX_POINT('',#10127);
#10129=CARTESIAN_POINT('',(-6.375E-1,-4.596808502078E0,6.E0));
#10130=VERTEX_POINT('',#10129);
#10131=CARTESIAN_POINT('',(-5.437498211861E-1,-4.309574493766E0,6.E0));
#10132=VERTEX_POINT('',#10131);
#10133=CARTESIAN_POINT('',(-4.500001788139E-1,-3.830851012468E0,6.E0));
#10134=VERTEX_POINT('',#10133);
#10135=CARTESIAN_POINT('',(-4.500001788139E-1,-2.969148987532E0,6.E0));
#10136=VERTEX_POINT('',#10135);
#10137=CARTESIAN_POINT('',(-5.437498211861E-1,-2.490425640345E0,6.E0));
#10138=VERTEX_POINT('',#10137);
#10139=CARTESIAN_POINT('',(-6.375E-1,-2.203191363811E0,6.E0));
#10140=VERTEX_POINT('',#10139);
#10141=CARTESIAN_POINT('',(-8.249998211861E-1,-1.820212686062E0,6.E0));
#10142=VERTEX_POINT('',#10141);
#10143=CARTESIAN_POINT('',(-1.106249821186E0,-1.532978677750E0,6.E0));
#10144=VERTEX_POINT('',#10143);
#10145=CARTESIAN_POINT('',(-1.575000178814E0,-1.245744669437E0,6.E0));
#10146=VERTEX_POINT('',#10145);
#10147=CARTESIAN_POINT('',(-2.137500178814E0,-1.15E0,6.E0));
#10148=VERTEX_POINT('',#10147);
#10149=CARTESIAN_POINT('',(-2.700000178814E0,-1.245744669437E0,6.E0));
#10150=VERTEX_POINT('',#10149);
#10151=CARTESIAN_POINT('',(-3.16875E0,-1.532978677750E0,6.E0));
#10152=VERTEX_POINT('',#10151);
#10153=CARTESIAN_POINT('',(-3.45E0,-1.820212686062E0,6.E0));
#10154=VERTEX_POINT('',#10153);
#10155=CARTESIAN_POINT('',(-3.637500089407E0,-2.203191363811E0,6.E0));
#10156=VERTEX_POINT('',#10155);
#10157=CARTESIAN_POINT('',(-3.73125E0,-2.490425640345E0,6.E0));
#10158=VERTEX_POINT('',#10157);
#10159=CARTESIAN_POINT('',(-3.356249821186E0,-3.064893656969E0,6.E0));
#10160=CARTESIAN_POINT('',(-3.262500178814E0,-2.490425640345E0,6.E0));
#10161=VERTEX_POINT('',#10159);
#10162=VERTEX_POINT('',#10160);
#10163=CARTESIAN_POINT('',(-2.8875E0,-1.915957355499E0,6.E0));
#10164=VERTEX_POINT('',#10163);
#10165=CARTESIAN_POINT('',(-2.60625E0,-1.724468016624E0,6.E0));
#10166=VERTEX_POINT('',#10165);
#10167=CARTESIAN_POINT('',(-2.137500178814E0,-1.628723347187E0,6.E0));
#10168=VERTEX_POINT('',#10167);
#10169=CARTESIAN_POINT('',(-1.668749821186E0,-1.724468016624E0,6.E0));
#10170=VERTEX_POINT('',#10169);
#10171=CARTESIAN_POINT('',(-1.387499821186E0,-1.915957355499E0,6.E0));
#10172=VERTEX_POINT('',#10171);
#10173=CARTESIAN_POINT('',(-1.012500178814E0,-2.490425640345E0,6.E0));
#10174=VERTEX_POINT('',#10173);
#10175=CARTESIAN_POINT('',(-9.1875E-1,-3.064893656969E0,6.E0));
#10176=VERTEX_POINT('',#10175);
#10177=CARTESIAN_POINT('',(-9.1875E-1,-3.735106343031E0,6.E0));
#10178=VERTEX_POINT('',#10177);
#10179=CARTESIAN_POINT('',(-1.012500178814E0,-4.309574493766E0,6.E0));
#10180=VERTEX_POINT('',#10179);
#10181=CARTESIAN_POINT('',(-1.387499821186E0,-4.884042577446E0,6.E0));
#10182=VERTEX_POINT('',#10181);
#10183=CARTESIAN_POINT('',(-1.668749821186E0,-5.075531916320E0,6.E0));
#10184=VERTEX_POINT('',#10183);
#10185=CARTESIAN_POINT('',(-2.137500178814E0,-5.171276585758E0,6.E0));
#10186=VERTEX_POINT('',#10185);
#10187=CARTESIAN_POINT('',(-2.60625E0,-5.075531916320E0,6.E0));
#10188=VERTEX_POINT('',#10187);
#10189=CARTESIAN_POINT('',(-2.8875E0,-4.884042577446E0,6.E0));
#10190=VERTEX_POINT('',#10189);
#10191=CARTESIAN_POINT('',(-3.262500178814E0,-4.309574493766E0,6.E0));
#10192=VERTEX_POINT('',#10191);
#10193=CARTESIAN_POINT('',(-3.356249821186E0,-3.735106343031E0,6.E0));
#10194=VERTEX_POINT('',#10193);
#10195=CARTESIAN_POINT('',(3.000001788139E-1,-5.171276585758E0,6.E0));
#10196=CARTESIAN_POINT('',(3.000001788139E-1,-5.65E0,6.E0));
#10197=VERTEX_POINT('',#10195);
#10198=VERTEX_POINT('',#10196);
#10199=CARTESIAN_POINT('',(3.674999642372E0,-5.65E0,6.E0));
#10200=VERTEX_POINT('',#10199);
#10201=CARTESIAN_POINT('',(3.674999642372E0,-5.171276585758E0,6.E0));
#10202=VERTEX_POINT('',#10201);
#10203=CARTESIAN_POINT('',(1.05E0,-5.171276585758E0,6.E0));
#10204=VERTEX_POINT('',#10203);
#10205=CARTESIAN_POINT('',(3.393749642372E0,-3.064893656969E0,6.E0));
#10206=VERTEX_POINT('',#10205);
#10207=CARTESIAN_POINT('',(3.58125E0,-2.777659648657E0,6.E0));
#10208=VERTEX_POINT('',#10207);
#10209=CARTESIAN_POINT('',(3.674999642372E0,-2.394680970907E0,6.E0));
#10210=VERTEX_POINT('',#10209);
#10211=CARTESIAN_POINT('',(3.674999642372E0,-2.203191363811E0,6.E0));
#10212=VERTEX_POINT('',#10211);
#10213=CARTESIAN_POINT('',(3.58125E0,-1.820212686062E0,6.E0));
#10214=VERTEX_POINT('',#10213);
#10215=CARTESIAN_POINT('',(3.206250357628E0,-1.437234008312E0,6.E0));
#10216=VERTEX_POINT('',#10215);
#10217=CARTESIAN_POINT('',(2.831249642372E0,-1.245744669437E0,6.E0));
#10218=VERTEX_POINT('',#10217);
#10219=CARTESIAN_POINT('',(2.268749642372E0,-1.15E0,6.E0));
#10220=VERTEX_POINT('',#10219);
#10221=CARTESIAN_POINT('',(1.89375E0,-1.15E0,6.E0));
#10222=VERTEX_POINT('',#10221);
#10223=CARTESIAN_POINT('',(1.237500357628E0,-1.245744669437E0,6.E0));
#10224=VERTEX_POINT('',#10223);
#10225=CARTESIAN_POINT('',(8.625001788139E-1,-1.437234008312E0,6.E0));
#10226=VERTEX_POINT('',#10225);
#10227=CARTESIAN_POINT('',(4.875E-1,-1.820212686062E0,6.E0));
#10228=VERTEX_POINT('',#10227);
#10229=CARTESIAN_POINT('',(3.937498211861E-1,-2.203191363811E0,6.E0));
#10230=VERTEX_POINT('',#10229);
#10231=CARTESIAN_POINT('',(8.625001788139E-1,-2.203191363811E0,6.E0));
#10232=VERTEX_POINT('',#10231);
#10233=CARTESIAN_POINT('',(1.05E0,-1.915957355499E0,6.E0));
#10234=VERTEX_POINT('',#10233);
#10235=CARTESIAN_POINT('',(1.33125E0,-1.724468016624E0,6.E0));
#10236=VERTEX_POINT('',#10235);
#10237=CARTESIAN_POINT('',(1.800000357628E0,-1.628723347187E0,6.E0));
#10238=VERTEX_POINT('',#10237);
#10239=CARTESIAN_POINT('',(2.175E0,-1.628723347187E0,6.E0));
#10240=VERTEX_POINT('',#10239);
#10241=CARTESIAN_POINT('',(2.643750357628E0,-1.724468016624E0,6.E0));
#10242=VERTEX_POINT('',#10241);
#10243=CARTESIAN_POINT('',(2.925000357628E0,-1.915957355499E0,6.E0));
#10244=VERTEX_POINT('',#10243);
#10245=CARTESIAN_POINT('',(3.112499642372E0,-2.203191363811E0,6.E0));
#10246=VERTEX_POINT('',#10245);
#10247=CARTESIAN_POINT('',(3.112499642372E0,-2.394680970907E0,6.E0));
#10248=VERTEX_POINT('',#10247);
#10249=CARTESIAN_POINT('',(2.925000357628E0,-2.777659648657E0,6.E0));
#10250=VERTEX_POINT('',#10249);
#10251=CARTESIAN_POINT('',(5.081249642372E0,-3.639361673594E0,6.E0));
#10252=CARTESIAN_POINT('',(5.456250357628E0,-3.352127665281E0,6.E0));
#10253=VERTEX_POINT('',#10251);
#10254=VERTEX_POINT('',#10252);
#10255=CARTESIAN_POINT('',(5.83125E0,-3.256382995844E0,6.E0));
#10256=VERTEX_POINT('',#10255);
#10257=CARTESIAN_POINT('',(6.39375E0,-3.256382995844E0,6.E0));
#10258=VERTEX_POINT('',#10257);
#10259=CARTESIAN_POINT('',(6.768749642372E0,-3.352127665281E0,6.E0));
#10260=VERTEX_POINT('',#10259);
#10261=CARTESIAN_POINT('',(7.049999642372E0,-3.543617004156E0,6.E0));
#10262=VERTEX_POINT('',#10261);
#10263=CARTESIAN_POINT('',(7.2375E0,-3.830851012468E0,6.E0));
#10264=VERTEX_POINT('',#10263);
#10265=CARTESIAN_POINT('',(7.331249642372E0,-4.118085154891E0,6.E0));
#10266=VERTEX_POINT('',#10265);
#10267=CARTESIAN_POINT('',(7.331249642372E0,-4.309574493766E0,6.E0));
#10268=VERTEX_POINT('',#10267);
#10269=CARTESIAN_POINT('',(7.2375E0,-4.596808502078E0,6.E0));
#10270=VERTEX_POINT('',#10269);
#10271=CARTESIAN_POINT('',(7.049999642372E0,-4.884042577446E0,6.E0));
#10272=VERTEX_POINT('',#10271);
#10273=CARTESIAN_POINT('',(6.768749642372E0,-5.075531916320E0,6.E0));
#10274=VERTEX_POINT('',#10273);
#10275=CARTESIAN_POINT('',(6.39375E0,-5.171276585758E0,6.E0));
#10276=VERTEX_POINT('',#10275);
#10277=CARTESIAN_POINT('',(5.83125E0,-5.171276585758E0,6.E0));
#10278=VERTEX_POINT('',#10277);
#10279=CARTESIAN_POINT('',(5.456250357628E0,-5.075531916320E0,6.E0));
#10280=VERTEX_POINT('',#10279);
#10281=CARTESIAN_POINT('',(5.175000357628E0,-4.884042577446E0,6.E0));
#10282=VERTEX_POINT('',#10281);
#10283=CARTESIAN_POINT('',(4.9875E0,-4.501063832641E0,6.E0));
#10284=VERTEX_POINT('',#10283);
#10285=CARTESIAN_POINT('',(4.425E0,-4.501063832641E0,6.E0));
#10286=VERTEX_POINT('',#10285);
#10287=CARTESIAN_POINT('',(4.612500357628E0,-4.884042577446E0,6.E0));
#10288=VERTEX_POINT('',#10287);
#10289=CARTESIAN_POINT('',(4.893750357628E0,-5.267021288723E0,6.E0));
#10290=VERTEX_POINT('',#10289);
#10291=CARTESIAN_POINT('',(5.362499642372E0,-5.554255322181E0,6.E0));
#10292=VERTEX_POINT('',#10291);
#10293=CARTESIAN_POINT('',(5.83125E0,-5.65E0,6.E0));
#10294=VERTEX_POINT('',#10293);
#10295=CARTESIAN_POINT('',(6.39375E0,-5.65E0,6.E0));
#10296=VERTEX_POINT('',#10295);
#10297=CARTESIAN_POINT('',(6.862500357628E0,-5.554255322181E0,6.E0));
#10298=VERTEX_POINT('',#10297);
#10299=CARTESIAN_POINT('',(7.331249642372E0,-5.267021288723E0,6.E0));
#10300=VERTEX_POINT('',#10299);
#10301=CARTESIAN_POINT('',(7.612499642372E0,-4.884042577446E0,6.E0));
#10302=VERTEX_POINT('',#10301);
#10303=CARTESIAN_POINT('',(7.8E0,-4.405319163203E0,6.E0));
#10304=VERTEX_POINT('',#10303);
#10305=CARTESIAN_POINT('',(7.8E0,-4.022340485454E0,6.E0));
#10306=VERTEX_POINT('',#10305);
#10307=CARTESIAN_POINT('',(7.612499642372E0,-3.543617004156E0,6.E0));
#10308=VERTEX_POINT('',#10307);
#10309=CARTESIAN_POINT('',(7.331249642372E0,-3.160638326406E0,6.E0));
#10310=VERTEX_POINT('',#10309);
#10311=CARTESIAN_POINT('',(6.862500357628E0,-2.873404318094E0,6.E0));
#10312=VERTEX_POINT('',#10311);
#10313=CARTESIAN_POINT('',(6.39375E0,-2.777659648657E0,6.E0));
#10314=VERTEX_POINT('',#10313);
#10315=CARTESIAN_POINT('',(5.83125E0,-2.777659648657E0,6.E0));
#10316=VERTEX_POINT('',#10315);
#10317=CARTESIAN_POINT('',(5.362499642372E0,-2.873404318094E0,6.E0));
#10318=VERTEX_POINT('',#10317);
#10319=CARTESIAN_POINT('',(4.893750357628E0,-3.160638326406E0,6.E0));
#10320=VERTEX_POINT('',#10319);
#10321=CARTESIAN_POINT('',(4.893750357628E0,-1.628723347187E0,6.E0));
#10322=VERTEX_POINT('',#10321);
#10323=CARTESIAN_POINT('',(7.612499642372E0,-1.628723347187E0,6.E0));
#10324=VERTEX_POINT('',#10323);
#10325=CARTESIAN_POINT('',(7.612499642372E0,-1.15E0,6.E0));
#10326=VERTEX_POINT('',#10325);
#10327=CARTESIAN_POINT('',(4.425E0,-1.15E0,6.E0));
#10328=VERTEX_POINT('',#10327);
#10329=CARTESIAN_POINT('',(4.425E0,-3.639361673594E0,6.E0));
#10330=VERTEX_POINT('',#10329);
#10331=CARTESIAN_POINT('',(-1.17E1,0.E0,6.E0));
#10332=CARTESIAN_POINT('',(1.17E1,0.E0,6.E0));
#10333=VERTEX_POINT('',#10331);
#10334=VERTEX_POINT('',#10332);
#10335=CARTESIAN_POINT('',(-1.27E1,0.E0,5.E0));
#10336=CARTESIAN_POINT('',(1.27E1,0.E0,5.E0));
#10337=VERTEX_POINT('',#10335);
#10338=VERTEX_POINT('',#10336);
#10339=CARTESIAN_POINT('',(1.17E1,0.E0,0.E0));
#10340=CARTESIAN_POINT('',(-1.17E1,0.E0,0.E0));
#10341=VERTEX_POINT('',#10339);
#10342=VERTEX_POINT('',#10340);
#10343=CARTESIAN_POINT('',(1.27E1,0.E0,1.E0));
#10344=CARTESIAN_POINT('',(-1.27E1,0.E0,1.E0));
#10345=VERTEX_POINT('',#10343);
#10346=VERTEX_POINT('',#10344);
#10347=CARTESIAN_POINT('',(0.E0,0.E0,0.E0));
#10348=DIRECTION('',(0.E0,0.E0,1.E0));
#10349=DIRECTION('',(1.E0,0.E0,0.E0));
#10350=AXIS2_PLACEMENT_3D('',#10347,#10348,#10349);
#10351=PLANE('',#10350);
#10353=ORIENTED_EDGE('',*,*,#10352,.F.);
#10355=ORIENTED_EDGE('',*,*,#10354,.F.);
#10356=EDGE_LOOP('',(#10353,#10355));
#10357=FACE_OUTER_BOUND('',#10356,.F.);
#10359=CARTESIAN_POINT('',(0.E0,1.819702678853E-14,4.999999999766E-1));
#10360=DIRECTION('',(0.E0,0.E0,1.E0));
#10361=DIRECTION('',(0.E0,-1.E0,0.E0));
#10362=AXIS2_PLACEMENT_3D('',#10359,#10360,#10361);
#10363=CONICAL_SURFACE('',#10362,1.219999999998E1,4.5E1);
#10364=ORIENTED_EDGE('',*,*,#10352,.T.);
#10366=ORIENTED_EDGE('',*,*,#10365,.T.);
#10368=ORIENTED_EDGE('',*,*,#10367,.F.);
#10370=ORIENTED_EDGE('',*,*,#10369,.F.);
#10371=EDGE_LOOP('',(#10364,#10366,#10368,#10370));
#10372=FACE_OUTER_BOUND('',#10371,.F.);
#10374=CARTESIAN_POINT('',(0.E0,0.E0,4.999999999766E-1));
#10375=DIRECTION('',(0.E0,0.E0,1.E0));
#10376=DIRECTION('',(0.E0,-1.E0,0.E0));
#10377=AXIS2_PLACEMENT_3D('',#10374,#10375,#10376);
#10378=CONICAL_SURFACE('',#10377,1.219999999998E1,4.5E1);
#10379=ORIENTED_EDGE('',*,*,#10354,.T.);
#10380=ORIENTED_EDGE('',*,*,#10369,.T.);
#10382=ORIENTED_EDGE('',*,*,#10381,.F.);
#10383=ORIENTED_EDGE('',*,*,#10365,.F.);
#10384=EDGE_LOOP('',(#10379,#10380,#10382,#10383));
#10385=FACE_OUTER_BOUND('',#10384,.F.);
#10387=CARTESIAN_POINT('',(0.E0,0.E0,0.E0));
#10388=DIRECTION('',(0.E0,0.E0,1.E0));
#10389=DIRECTION('',(1.E0,0.E0,0.E0));
#10390=AXIS2_PLACEMENT_3D('',#10387,#10388,#10389);
#10391=CYLINDRICAL_SURFACE('',#10390,1.27E1);
#10393=ORIENTED_EDGE('',*,*,#10392,.T.);
#10395=ORIENTED_EDGE('',*,*,#10394,.F.);
#10396=ORIENTED_EDGE('',*,*,#10381,.T.);
#10398=ORIENTED_EDGE('',*,*,#10397,.T.);
#10399=EDGE_LOOP('',(#10393,#10395,#10396,#10398));
#10400=FACE_OUTER_BOUND('',#10399,.F.);
#10402=CARTESIAN_POINT('',(0.E0,0.E0,5.500000000023E0));
#10403=DIRECTION('',(0.E0,0.E0,-1.E0));
#10404=DIRECTION('',(0.E0,-1.E0,0.E0));
#10405=AXIS2_PLACEMENT_3D('',#10402,#10403,#10404);
#10406=CONICAL_SURFACE('',#10405,1.219999999998E1,4.5E1);
#10408=ORIENTED_EDGE('',*,*,#10407,.T.);
#10410=ORIENTED_EDGE('',*,*,#10409,.T.);
#10411=ORIENTED_EDGE('',*,*,#10392,.F.);
#10413=ORIENTED_EDGE('',*,*,#10412,.F.);
#10414=EDGE_LOOP('',(#10408,#10410,#10411,#10413));
#10415=FACE_OUTER_BOUND('',#10414,.F.);
#10417=CARTESIAN_POINT('',(0.E0,0.E0,6.E0));
#10418=DIRECTION('',(0.E0,0.E0,1.E0));
#10419=DIRECTION('',(1.E0,0.E0,0.E0));
#10420=AXIS2_PLACEMENT_3D('',#10417,#10418,#10419);
#10421=PLANE('',#10420);
#10423=ORIENTED_EDGE('',*,*,#10422,.T.);
#10425=ORIENTED_EDGE('',*,*,#10424,.T.);
#10427=ORIENTED_EDGE('',*,*,#10426,.T.);
#10428=EDGE_LOOP('',(#10423,#10425,#10427));
#10429=FACE_OUTER_BOUND('',#10428,.F.);
#10431=CARTESIAN_POINT('',(0.E0,0.E0,6.E0));
#10432=DIRECTION('',(0.E0,0.E0,1.E0));
#10433=DIRECTION('',(1.E0,0.E0,0.E0));
#10434=AXIS2_PLACEMENT_3D('',#10431,#10432,#10433);
#10435=PLANE('',#10434);
#10437=ORIENTED_EDGE('',*,*,#10436,.T.);
#10439=ORIENTED_EDGE('',*,*,#10438,.T.);
#10441=ORIENTED_EDGE('',*,*,#10440,.T.);
#10443=ORIENTED_EDGE('',*,*,#10442,.T.);
#10445=ORIENTED_EDGE('',*,*,#10444,.T.);
#10447=ORIENTED_EDGE('',*,*,#10446,.T.);
#10449=ORIENTED_EDGE('',*,*,#10448,.T.);
#10451=ORIENTED_EDGE('',*,*,#10450,.T.);
#10453=ORIENTED_EDGE('',*,*,#10452,.T.);
#10455=ORIENTED_EDGE('',*,*,#10454,.T.);
#10456=EDGE_LOOP('',(#10437,#10439,#10441,#10443,#10445,#10447,#10449,#10451,
#10453,#10455));
#10457=FACE_OUTER_BOUND('',#10456,.F.);
#10459=CARTESIAN_POINT('',(0.E0,0.E0,6.E0));
#10460=DIRECTION('',(0.E0,0.E0,1.E0));
#10461=DIRECTION('',(1.E0,0.E0,0.E0));
#10462=AXIS2_PLACEMENT_3D('',#10459,#10460,#10461);
#10463=PLANE('',#10462);
#10465=ORIENTED_EDGE('',*,*,#10464,.T.);
#10467=ORIENTED_EDGE('',*,*,#10466,.T.);
#10469=ORIENTED_EDGE('',*,*,#10468,.T.);
#10471=ORIENTED_EDGE('',*,*,#10470,.T.);
#10473=ORIENTED_EDGE('',*,*,#10472,.T.);
#10475=ORIENTED_EDGE('',*,*,#10474,.T.);
#10477=ORIENTED_EDGE('',*,*,#10476,.T.);
#10479=ORIENTED_EDGE('',*,*,#10478,.T.);
#10481=ORIENTED_EDGE('',*,*,#10480,.T.);
#10483=ORIENTED_EDGE('',*,*,#10482,.T.);
#10485=ORIENTED_EDGE('',*,*,#10484,.T.);
#10487=ORIENTED_EDGE('',*,*,#10486,.T.);
#10489=ORIENTED_EDGE('',*,*,#10488,.T.);
#10491=ORIENTED_EDGE('',*,*,#10490,.T.);
#10493=ORIENTED_EDGE('',*,*,#10492,.T.);
#10495=ORIENTED_EDGE('',*,*,#10494,.T.);
#10497=ORIENTED_EDGE('',*,*,#10496,.T.);
#10499=ORIENTED_EDGE('',*,*,#10498,.T.);
#10500=EDGE_LOOP('',(#10465,#10467,#10469,#10471,#10473,#10475,#10477,#10479,
#10481,#10483,#10485,#10487,#10489,#10491,#10493,#10495,#10497,#10499));
#10501=FACE_OUTER_BOUND('',#10500,.F.);
#10503=CARTESIAN_POINT('',(0.E0,0.E0,6.E0));
#10504=DIRECTION('',(0.E0,0.E0,1.E0));
#10505=DIRECTION('',(1.E0,0.E0,0.E0));
#10506=AXIS2_PLACEMENT_3D('',#10503,#10504,#10505);
#10507=PLANE('',#10506);
#10509=ORIENTED_EDGE('',*,*,#10508,.F.);
#10510=ORIENTED_EDGE('',*,*,#10407,.F.);
#10511=EDGE_LOOP('',(#10509,#10510));
#10512=FACE_OUTER_BOUND('',#10511,.F.);
#10514=ORIENTED_EDGE('',*,*,#10513,.T.);
#10516=ORIENTED_EDGE('',*,*,#10515,.T.);
#10518=ORIENTED_EDGE('',*,*,#10517,.T.);
#10520=ORIENTED_EDGE('',*,*,#10519,.T.);
#10522=ORIENTED_EDGE('',*,*,#10521,.T.);
#10524=ORIENTED_EDGE('',*,*,#10523,.T.);
#10526=ORIENTED_EDGE('',*,*,#10525,.T.);
#10528=ORIENTED_EDGE('',*,*,#10527,.T.);
#10529=EDGE_LOOP('',(#10514,#10516,#10518,#10520,#10522,#10524,#10526,#10528));
#10530=FACE_BOUND('',#10529,.F.);
#10532=ORIENTED_EDGE('',*,*,#10531,.T.);
#10534=ORIENTED_EDGE('',*,*,#10533,.T.);
#10536=ORIENTED_EDGE('',*,*,#10535,.T.);
#10538=ORIENTED_EDGE('',*,*,#10537,.T.);
#10540=ORIENTED_EDGE('',*,*,#10539,.T.);
#10542=ORIENTED_EDGE('',*,*,#10541,.T.);
#10544=ORIENTED_EDGE('',*,*,#10543,.T.);
#10546=ORIENTED_EDGE('',*,*,#10545,.T.);
#10548=ORIENTED_EDGE('',*,*,#10547,.T.);
#10550=ORIENTED_EDGE('',*,*,#10549,.T.);
#10552=ORIENTED_EDGE('',*,*,#10551,.T.);
#10554=ORIENTED_EDGE('',*,*,#10553,.T.);
#10556=ORIENTED_EDGE('',*,*,#10555,.T.);
#10558=ORIENTED_EDGE('',*,*,#10557,.T.);
#10560=ORIENTED_EDGE('',*,*,#10559,.T.);
#10562=ORIENTED_EDGE('',*,*,#10561,.T.);
#10564=ORIENTED_EDGE('',*,*,#10563,.T.);
#10566=ORIENTED_EDGE('',*,*,#10565,.T.);
#10568=ORIENTED_EDGE('',*,*,#10567,.T.);
#10570=ORIENTED_EDGE('',*,*,#10569,.T.);
#10572=ORIENTED_EDGE('',*,*,#10571,.T.);
#10574=ORIENTED_EDGE('',*,*,#10573,.T.);
#10576=ORIENTED_EDGE('',*,*,#10575,.T.);
#10578=ORIENTED_EDGE('',*,*,#10577,.T.);
#10580=ORIENTED_EDGE('',*,*,#10579,.T.);
#10582=ORIENTED_EDGE('',*,*,#10581,.T.);
#10584=ORIENTED_EDGE('',*,*,#10583,.T.);
#10586=ORIENTED_EDGE('',*,*,#10585,.T.);
#10588=ORIENTED_EDGE('',*,*,#10587,.T.);
#10590=ORIENTED_EDGE('',*,*,#10589,.T.);
#10592=ORIENTED_EDGE('',*,*,#10591,.T.);
#10594=ORIENTED_EDGE('',*,*,#10593,.T.);
#10596=ORIENTED_EDGE('',*,*,#10595,.T.);
#10598=ORIENTED_EDGE('',*,*,#10597,.T.);
#10600=ORIENTED_EDGE('',*,*,#10599,.T.);
#10602=ORIENTED_EDGE('',*,*,#10601,.T.);
#10604=ORIENTED_EDGE('',*,*,#10603,.T.);
#10606=ORIENTED_EDGE('',*,*,#10605,.T.);
#10608=ORIENTED_EDGE('',*,*,#10607,.T.);
#10610=ORIENTED_EDGE('',*,*,#10609,.T.);
#10612=ORIENTED_EDGE('',*,*,#10611,.T.);
#10614=ORIENTED_EDGE('',*,*,#10613,.T.);
#10616=ORIENTED_EDGE('',*,*,#10615,.T.);
#10618=ORIENTED_EDGE('',*,*,#10617,.T.);
#10620=ORIENTED_EDGE('',*,*,#10619,.T.);
#10622=ORIENTED_EDGE('',*,*,#10621,.T.);
#10624=ORIENTED_EDGE('',*,*,#10623,.T.);
#10626=ORIENTED_EDGE('',*,*,#10625,.T.);
#10628=ORIENTED_EDGE('',*,*,#10627,.T.);
#10630=ORIENTED_EDGE('',*,*,#10629,.T.);
#10632=ORIENTED_EDGE('',*,*,#10631,.T.);
#10634=ORIENTED_EDGE('',*,*,#10633,.T.);
#10636=ORIENTED_EDGE('',*,*,#10635,.T.);
#10638=ORIENTED_EDGE('',*,*,#10637,.T.);
#10639=EDGE_LOOP('',(#10532,#10534,#10536,#10538,#10540,#10542,#10544,#10546,
#10548,#10550,#10552,#10554,#10556,#10558,#10560,#10562,#10564,#10566,#10568,
#10570,#10572,#10574,#10576,#10578,#10580,#10582,#10584,#10586,#10588,#10590,
#10592,#10594,#10596,#10598,#10600,#10602,#10604,#10606,#10608,#10610,#10612,
#10614,#10616,#10618,#10620,#10622,#10624,#10626,#10628,#10630,#10632,#10634,
#10636,#10638));
#10640=FACE_BOUND('',#10639,.F.);
#10642=ORIENTED_EDGE('',*,*,#10641,.T.);
#10644=ORIENTED_EDGE('',*,*,#10643,.T.);
#10646=ORIENTED_EDGE('',*,*,#10645,.T.);
#10648=ORIENTED_EDGE('',*,*,#10647,.T.);
#10650=ORIENTED_EDGE('',*,*,#10649,.T.);
#10652=ORIENTED_EDGE('',*,*,#10651,.T.);
#10654=ORIENTED_EDGE('',*,*,#10653,.T.);
#10656=ORIENTED_EDGE('',*,*,#10655,.T.);
#10658=ORIENTED_EDGE('',*,*,#10657,.T.);
#10660=ORIENTED_EDGE('',*,*,#10659,.T.);
#10662=ORIENTED_EDGE('',*,*,#10661,.T.);
#10664=ORIENTED_EDGE('',*,*,#10663,.T.);
#10666=ORIENTED_EDGE('',*,*,#10665,.T.);
#10668=ORIENTED_EDGE('',*,*,#10667,.T.);
#10669=EDGE_LOOP('',(#10642,#10644,#10646,#10648,#10650,#10652,#10654,#10656,
#10658,#10660,#10662,#10664,#10666,#10668));
#10670=FACE_BOUND('',#10669,.F.);
#10672=ORIENTED_EDGE('',*,*,#10671,.T.);
#10674=ORIENTED_EDGE('',*,*,#10673,.T.);
#10676=ORIENTED_EDGE('',*,*,#10675,.T.);
#10678=ORIENTED_EDGE('',*,*,#10677,.T.);
#10680=ORIENTED_EDGE('',*,*,#10679,.T.);
#10682=ORIENTED_EDGE('',*,*,#10681,.T.);
#10684=ORIENTED_EDGE('',*,*,#10683,.T.);
#10686=ORIENTED_EDGE('',*,*,#10685,.T.);
#10688=ORIENTED_EDGE('',*,*,#10687,.T.);
#10690=ORIENTED_EDGE('',*,*,#10689,.T.);
#10692=ORIENTED_EDGE('',*,*,#10691,.T.);
#10694=ORIENTED_EDGE('',*,*,#10693,.T.);
#10695=EDGE_LOOP('',(#10672,#10674,#10676,#10678,#10680,#10682,#10684,#10686,
#10688,#10690,#10692,#10694));
#10696=FACE_BOUND('',#10695,.F.);
#10698=ORIENTED_EDGE('',*,*,#10697,.T.);
#10700=ORIENTED_EDGE('',*,*,#10699,.T.);
#10702=ORIENTED_EDGE('',*,*,#10701,.T.);
#10704=ORIENTED_EDGE('',*,*,#10703,.T.);
#10706=ORIENTED_EDGE('',*,*,#10705,.T.);
#10708=ORIENTED_EDGE('',*,*,#10707,.T.);
#10710=ORIENTED_EDGE('',*,*,#10709,.T.);
#10712=ORIENTED_EDGE('',*,*,#10711,.T.);
#10714=ORIENTED_EDGE('',*,*,#10713,.T.);
#10716=ORIENTED_EDGE('',*,*,#10715,.T.);
#10718=ORIENTED_EDGE('',*,*,#10717,.T.);
#10720=ORIENTED_EDGE('',*,*,#10719,.T.);
#10722=ORIENTED_EDGE('',*,*,#10721,.T.);
#10724=ORIENTED_EDGE('',*,*,#10723,.T.);
#10726=ORIENTED_EDGE('',*,*,#10725,.T.);
#10728=ORIENTED_EDGE('',*,*,#10727,.T.);
#10730=ORIENTED_EDGE('',*,*,#10729,.T.);
#10732=ORIENTED_EDGE('',*,*,#10731,.T.);
#10734=ORIENTED_EDGE('',*,*,#10733,.T.);
#10736=ORIENTED_EDGE('',*,*,#10735,.T.);
#10738=ORIENTED_EDGE('',*,*,#10737,.T.);
#10740=ORIENTED_EDGE('',*,*,#10739,.T.);
#10742=ORIENTED_EDGE('',*,*,#10741,.T.);
#10744=ORIENTED_EDGE('',*,*,#10743,.T.);
#10746=ORIENTED_EDGE('',*,*,#10745,.T.);
#10748=ORIENTED_EDGE('',*,*,#10747,.T.);
#10750=ORIENTED_EDGE('',*,*,#10749,.T.);
#10752=ORIENTED_EDGE('',*,*,#10751,.T.);
#10753=EDGE_LOOP('',(#10698,#10700,#10702,#10704,#10706,#10708,#10710,#10712,
#10714,#10716,#10718,#10720,#10722,#10724,#10726,#10728,#10730,#10732,#10734,
#10736,#10738,#10740,#10742,#10744,#10746,#10748,#10750,#10752));
#10754=FACE_BOUND('',#10753,.F.);
#10756=ORIENTED_EDGE('',*,*,#10755,.T.);
#10758=ORIENTED_EDGE('',*,*,#10757,.T.);
#10760=ORIENTED_EDGE('',*,*,#10759,.T.);
#10762=ORIENTED_EDGE('',*,*,#10761,.T.);
#10764=ORIENTED_EDGE('',*,*,#10763,.T.);
#10766=ORIENTED_EDGE('',*,*,#10765,.T.);
#10768=ORIENTED_EDGE('',*,*,#10767,.T.);
#10770=ORIENTED_EDGE('',*,*,#10769,.T.);
#10772=ORIENTED_EDGE('',*,*,#10771,.T.);
#10774=ORIENTED_EDGE('',*,*,#10773,.T.);
#10776=ORIENTED_EDGE('',*,*,#10775,.T.);
#10778=ORIENTED_EDGE('',*,*,#10777,.T.);
#10780=ORIENTED_EDGE('',*,*,#10779,.T.);
#10782=ORIENTED_EDGE('',*,*,#10781,.T.);
#10784=ORIENTED_EDGE('',*,*,#10783,.T.);
#10786=ORIENTED_EDGE('',*,*,#10785,.T.);
#10788=ORIENTED_EDGE('',*,*,#10787,.T.);
#10790=ORIENTED_EDGE('',*,*,#10789,.T.);
#10792=ORIENTED_EDGE('',*,*,#10791,.T.);
#10794=ORIENTED_EDGE('',*,*,#10793,.T.);
#10796=ORIENTED_EDGE('',*,*,#10795,.T.);
#10798=ORIENTED_EDGE('',*,*,#10797,.T.);
#10800=ORIENTED_EDGE('',*,*,#10799,.T.);
#10802=ORIENTED_EDGE('',*,*,#10801,.T.);
#10804=ORIENTED_EDGE('',*,*,#10803,.T.);
#10806=ORIENTED_EDGE('',*,*,#10805,.T.);
#10807=EDGE_LOOP('',(#10756,#10758,#10760,#10762,#10764,#10766,#10768,#10770,
#10772,#10774,#10776,#10778,#10780,#10782,#10784,#10786,#10788,#10790,#10792,
#10794,#10796,#10798,#10800,#10802,#10804,#10806));
#10808=FACE_BOUND('',#10807,.F.);
#10810=ORIENTED_EDGE('',*,*,#10809,.T.);
#10812=ORIENTED_EDGE('',*,*,#10811,.T.);
#10814=ORIENTED_EDGE('',*,*,#10813,.T.);
#10816=ORIENTED_EDGE('',*,*,#10815,.T.);
#10818=ORIENTED_EDGE('',*,*,#10817,.T.);
#10820=ORIENTED_EDGE('',*,*,#10819,.T.);
#10822=ORIENTED_EDGE('',*,*,#10821,.T.);
#10824=ORIENTED_EDGE('',*,*,#10823,.T.);
#10826=ORIENTED_EDGE('',*,*,#10825,.T.);
#10828=ORIENTED_EDGE('',*,*,#10827,.T.);
#10830=ORIENTED_EDGE('',*,*,#10829,.T.);
#10832=ORIENTED_EDGE('',*,*,#10831,.T.);
#10834=ORIENTED_EDGE('',*,*,#10833,.T.);
#10836=ORIENTED_EDGE('',*,*,#10835,.T.);
#10838=ORIENTED_EDGE('',*,*,#10837,.T.);
#10840=ORIENTED_EDGE('',*,*,#10839,.T.);
#10842=ORIENTED_EDGE('',*,*,#10841,.T.);
#10844=ORIENTED_EDGE('',*,*,#10843,.T.);
#10846=ORIENTED_EDGE('',*,*,#10845,.T.);
#10848=ORIENTED_EDGE('',*,*,#10847,.T.);
#10850=ORIENTED_EDGE('',*,*,#10849,.T.);
#10852=ORIENTED_EDGE('',*,*,#10851,.T.);
#10854=ORIENTED_EDGE('',*,*,#10853,.T.);
#10856=ORIENTED_EDGE('',*,*,#10855,.T.);
#10858=ORIENTED_EDGE('',*,*,#10857,.T.);
#10860=ORIENTED_EDGE('',*,*,#10859,.T.);
#10862=ORIENTED_EDGE('',*,*,#10861,.T.);
#10864=ORIENTED_EDGE('',*,*,#10863,.T.);
#10865=EDGE_LOOP('',(#10810,#10812,#10814,#10816,#10818,#10820,#10822,#10824,
#10826,#10828,#10830,#10832,#10834,#10836,#10838,#10840,#10842,#10844,#10846,
#10848,#10850,#10852,#10854,#10856,#10858,#10860,#10862,#10864));
#10866=FACE_BOUND('',#10865,.F.);
#10868=ORIENTED_EDGE('',*,*,#10867,.T.);
#10870=ORIENTED_EDGE('',*,*,#10869,.T.);
#10872=ORIENTED_EDGE('',*,*,#10871,.T.);
#10874=ORIENTED_EDGE('',*,*,#10873,.T.);
#10876=ORIENTED_EDGE('',*,*,#10875,.T.);
#10878=ORIENTED_EDGE('',*,*,#10877,.T.);
#10880=ORIENTED_EDGE('',*,*,#10879,.T.);
#10882=ORIENTED_EDGE('',*,*,#10881,.T.);
#10884=ORIENTED_EDGE('',*,*,#10883,.T.);
#10886=ORIENTED_EDGE('',*,*,#10885,.T.);
#10888=ORIENTED_EDGE('',*,*,#10887,.T.);
#10890=ORIENTED_EDGE('',*,*,#10889,.T.);
#10892=ORIENTED_EDGE('',*,*,#10891,.T.);
#10894=ORIENTED_EDGE('',*,*,#10893,.T.);
#10896=ORIENTED_EDGE('',*,*,#10895,.T.);
#10898=ORIENTED_EDGE('',*,*,#10897,.T.);
#10900=ORIENTED_EDGE('',*,*,#10899,.T.);
#10902=ORIENTED_EDGE('',*,*,#10901,.T.);
#10904=ORIENTED_EDGE('',*,*,#10903,.T.);
#10906=ORIENTED_EDGE('',*,*,#10905,.T.);
#10908=ORIENTED_EDGE('',*,*,#10907,.T.);
#10910=ORIENTED_EDGE('',*,*,#10909,.T.);
#10912=ORIENTED_EDGE('',*,*,#10911,.T.);
#10914=ORIENTED_EDGE('',*,*,#10913,.T.);
#10916=ORIENTED_EDGE('',*,*,#10915,.T.);
#10918=ORIENTED_EDGE('',*,*,#10917,.T.);
#10920=ORIENTED_EDGE('',*,*,#10919,.T.);
#10922=ORIENTED_EDGE('',*,*,#10921,.T.);
#10924=ORIENTED_EDGE('',*,*,#10923,.T.);
#10926=ORIENTED_EDGE('',*,*,#10925,.T.);
#10928=ORIENTED_EDGE('',*,*,#10927,.T.);
#10930=ORIENTED_EDGE('',*,*,#10929,.T.);
#10932=ORIENTED_EDGE('',*,*,#10931,.T.);
#10934=ORIENTED_EDGE('',*,*,#10933,.T.);
#10936=ORIENTED_EDGE('',*,*,#10935,.T.);
#10938=ORIENTED_EDGE('',*,*,#10937,.T.);
#10940=ORIENTED_EDGE('',*,*,#10939,.T.);
#10942=ORIENTED_EDGE('',*,*,#10941,.T.);
#10944=ORIENTED_EDGE('',*,*,#10943,.T.);
#10946=ORIENTED_EDGE('',*,*,#10945,.T.);
#10947=EDGE_LOOP('',(#10868,#10870,#10872,#10874,#10876,#10878,#10880,#10882,
#10884,#10886,#10888,#10890,#10892,#10894,#10896,#10898,#10900,#10902,#10904,
#10906,#10908,#10910,#10912,#10914,#10916,#10918,#10920,#10922,#10924,#10926,
#10928,#10930,#10932,#10934,#10936,#10938,#10940,#10942,#10944,#10946));
#10948=FACE_BOUND('',#10947,.F.);
#10950=CARTESIAN_POINT('',(-7.45E0,5.5E0,6.E0));
#10951=DIRECTION('',(0.E0,1.E0,0.E0));
#10952=DIRECTION('',(-1.E0,0.E0,0.E0));
#10953=AXIS2_PLACEMENT_3D('',#10950,#10951,#10952);
#10954=PLANE('',#10953);
#10955=ORIENTED_EDGE('',*,*,#10513,.F.);
#10957=ORIENTED_EDGE('',*,*,#10956,.T.);
#10959=ORIENTED_EDGE('',*,*,#10958,.T.);
#10961=ORIENTED_EDGE('',*,*,#10960,.F.);
#10962=EDGE_LOOP('',(#10955,#10957,#10959,#10961));
#10963=FACE_OUTER_BOUND('',#10962,.F.);
#10965=CARTESIAN_POINT('',(-5.616666775942E0,0.E0,6.E0));
#10966=DIRECTION('',(9.486833037051E-1,3.162277490531E-1,0.E0));
#10967=DIRECTION('',(-3.162277490531E-1,9.486833037051E-1,0.E0));
#10968=AXIS2_PLACEMENT_3D('',#10965,#10966,#10967);
#10969=PLANE('',#10968);
#10970=ORIENTED_EDGE('',*,*,#10527,.F.);
#10972=ORIENTED_EDGE('',*,*,#10971,.T.);
#10974=ORIENTED_EDGE('',*,*,#10973,.T.);
#10975=ORIENTED_EDGE('',*,*,#10956,.F.);
#10976=EDGE_LOOP('',(#10970,#10972,#10974,#10975));
#10977=FACE_OUTER_BOUND('',#10976,.F.);
#10979=CARTESIAN_POINT('',(-6.304166775942E0,0.E0,6.E0));
#10980=DIRECTION('',(0.E0,-1.E0,0.E0));
#10981=DIRECTION('',(1.E0,0.E0,0.E0));
#10982=AXIS2_PLACEMENT_3D('',#10979,#10980,#10981);
#10983=PLANE('',#10982);
#10984=ORIENTED_EDGE('',*,*,#10525,.F.);
#10986=ORIENTED_EDGE('',*,*,#10985,.T.);
#10988=ORIENTED_EDGE('',*,*,#10987,.T.);
#10989=ORIENTED_EDGE('',*,*,#10971,.F.);
#10990=EDGE_LOOP('',(#10984,#10986,#10988,#10989));
#10991=FACE_OUTER_BOUND('',#10990,.F.);
#10993=CARTESIAN_POINT('',(-6.7625E0,1.404255315661E0,6.E0));
#10994=DIRECTION('',(-9.506452246141E-1,-3.102799653834E-1,0.E0));
#10995=DIRECTION('',(3.102799653834E-1,-9.506452246141E-1,0.E0));
#10996=AXIS2_PLACEMENT_3D('',#10993,#10994,#10995);
#10997=PLANE('',#10996);
#10998=ORIENTED_EDGE('',*,*,#10523,.F.);
#11000=ORIENTED_EDGE('',*,*,#10999,.T.);
#11002=ORIENTED_EDGE('',*,*,#11001,.T.);
#11003=ORIENTED_EDGE('',*,*,#10985,.F.);
#11004=EDGE_LOOP('',(#10998,#11000,#11002,#11003));
#11005=FACE_OUTER_BOUND('',#11004,.F.);
#11007=CARTESIAN_POINT('',(-9.054166693985E0,1.404255315661E0,6.E0));
#11008=DIRECTION('',(0.E0,-1.E0,0.E0));
#11009=DIRECTION('',(1.E0,0.E0,0.E0));
#11010=AXIS2_PLACEMENT_3D('',#11007,#11008,#11009);
#11011=PLANE('',#11010);
#11012=ORIENTED_EDGE('',*,*,#10521,.F.);
#11014=ORIENTED_EDGE('',*,*,#11013,.T.);
#11016=ORIENTED_EDGE('',*,*,#11015,.T.);
#11017=ORIENTED_EDGE('',*,*,#10999,.F.);
#11018=EDGE_LOOP('',(#11012,#11014,#11016,#11017));
#11019=FACE_OUTER_BOUND('',#11018,.F.);
#11021=CARTESIAN_POINT('',(-9.5125E0,0.E0,6.E0));
#11022=DIRECTION('',(9.506452082487E-1,-3.102800155243E-1,0.E0));
#11023=DIRECTION('',(3.102800155243E-1,9.506452082487E-1,0.E0));
#11024=AXIS2_PLACEMENT_3D('',#11021,#11022,#11023);
#11025=PLANE('',#11024);
#11026=ORIENTED_EDGE('',*,*,#10519,.F.);
#11028=ORIENTED_EDGE('',*,*,#11027,.T.);
#11030=ORIENTED_EDGE('',*,*,#11029,.T.);
#11031=ORIENTED_EDGE('',*,*,#11013,.F.);
#11032=EDGE_LOOP('',(#11026,#11028,#11030,#11031));
#11033=FACE_OUTER_BOUND('',#11032,.F.);
#11035=CARTESIAN_POINT('',(-1.02E1,0.E0,6.E0));
#11036=DIRECTION('',(0.E0,-1.E0,0.E0));
#11037=DIRECTION('',(1.E0,0.E0,0.E0));
#11038=AXIS2_PLACEMENT_3D('',#11035,#11036,#11037);
#11039=PLANE('',#11038);
#11040=ORIENTED_EDGE('',*,*,#10517,.F.);
#11042=ORIENTED_EDGE('',*,*,#11041,.T.);
#11044=ORIENTED_EDGE('',*,*,#11043,.T.);
#11045=ORIENTED_EDGE('',*,*,#11027,.F.);
#11046=EDGE_LOOP('',(#11040,#11042,#11044,#11045));
#11047=FACE_OUTER_BOUND('',#11046,.F.);
#11049=CARTESIAN_POINT('',(-8.366666612029E0,5.5E0,6.E0));
#11050=DIRECTION('',(-9.486832952232E-1,3.162277744987E-1,0.E0));
#11051=DIRECTION('',(-3.162277744987E-1,-9.486832952232E-1,0.E0));
#11052=AXIS2_PLACEMENT_3D('',#11049,#11050,#11051);
#11053=PLANE('',#11052);
#11054=ORIENTED_EDGE('',*,*,#10515,.F.);
#11055=ORIENTED_EDGE('',*,*,#10960,.T.);
#11057=ORIENTED_EDGE('',*,*,#11056,.T.);
#11058=ORIENTED_EDGE('',*,*,#11041,.F.);
#11059=EDGE_LOOP('',(#11054,#11055,#11057,#11058));
#11060=FACE_OUTER_BOUND('',#11059,.F.);
#11062=CARTESIAN_POINT('',(0.E0,0.E0,6.2E0));
#11063=DIRECTION('',(0.E0,0.E0,1.E0));
#11064=DIRECTION('',(1.E0,0.E0,0.E0));
#11065=AXIS2_PLACEMENT_3D('',#11062,#11063,#11064);
#11066=PLANE('',#11065);
#11067=ORIENTED_EDGE('',*,*,#10958,.F.);
#11068=ORIENTED_EDGE('',*,*,#10973,.F.);
#11069=ORIENTED_EDGE('',*,*,#10987,.F.);
#11070=ORIENTED_EDGE('',*,*,#11001,.F.);
#11071=ORIENTED_EDGE('',*,*,#11015,.F.);
#11072=ORIENTED_EDGE('',*,*,#11029,.F.);
#11073=ORIENTED_EDGE('',*,*,#11043,.F.);
#11074=ORIENTED_EDGE('',*,*,#11056,.F.);
#11075=EDGE_LOOP('',(#11067,#11068,#11069,#11070,#11071,#11072,#11073,#11074));
#11076=FACE_OUTER_BOUND('',#11075,.F.);
#11078=ORIENTED_EDGE('',*,*,#11077,.F.);
#11080=ORIENTED_EDGE('',*,*,#11079,.F.);
#11082=ORIENTED_EDGE('',*,*,#11081,.F.);
#11083=EDGE_LOOP('',(#11078,#11080,#11082));
#11084=FACE_BOUND('',#11083,.F.);
#11086=CARTESIAN_POINT('',(0.E0,0.E0,6.2E0));
#11087=DIRECTION('',(0.E0,0.E0,1.E0));
#11088=DIRECTION('',(1.E0,0.E0,0.E0));
#11089=AXIS2_PLACEMENT_3D('',#11086,#11087,#11088);
#11090=PLANE('',#11089);
#11092=ORIENTED_EDGE('',*,*,#11091,.F.);
#11094=ORIENTED_EDGE('',*,*,#11093,.F.);
#11096=ORIENTED_EDGE('',*,*,#11095,.F.);
#11098=ORIENTED_EDGE('',*,*,#11097,.F.);
#11100=ORIENTED_EDGE('',*,*,#11099,.F.);
#11102=ORIENTED_EDGE('',*,*,#11101,.F.);
#11104=ORIENTED_EDGE('',*,*,#11103,.F.);
#11106=ORIENTED_EDGE('',*,*,#11105,.F.);
#11108=ORIENTED_EDGE('',*,*,#11107,.F.);
#11110=ORIENTED_EDGE('',*,*,#11109,.F.);
#11112=ORIENTED_EDGE('',*,*,#11111,.F.);
#11114=ORIENTED_EDGE('',*,*,#11113,.F.);
#11116=ORIENTED_EDGE('',*,*,#11115,.F.);
#11118=ORIENTED_EDGE('',*,*,#11117,.F.);
#11120=ORIENTED_EDGE('',*,*,#11119,.F.);
#11122=ORIENTED_EDGE('',*,*,#11121,.F.);
#11124=ORIENTED_EDGE('',*,*,#11123,.F.);
#11126=ORIENTED_EDGE('',*,*,#11125,.F.);
#11128=ORIENTED_EDGE('',*,*,#11127,.F.);
#11130=ORIENTED_EDGE('',*,*,#11129,.F.);
#11132=ORIENTED_EDGE('',*,*,#11131,.F.);
#11134=ORIENTED_EDGE('',*,*,#11133,.F.);
#11136=ORIENTED_EDGE('',*,*,#11135,.F.);
#11138=ORIENTED_EDGE('',*,*,#11137,.F.);
#11140=ORIENTED_EDGE('',*,*,#11139,.F.);
#11142=ORIENTED_EDGE('',*,*,#11141,.F.);
#11144=ORIENTED_EDGE('',*,*,#11143,.F.);
#11146=ORIENTED_EDGE('',*,*,#11145,.F.);
#11148=ORIENTED_EDGE('',*,*,#11147,.F.);
#11150=ORIENTED_EDGE('',*,*,#11149,.F.);
#11152=ORIENTED_EDGE('',*,*,#11151,.F.);
#11154=ORIENTED_EDGE('',*,*,#11153,.F.);
#11156=ORIENTED_EDGE('',*,*,#11155,.F.);
#11158=ORIENTED_EDGE('',*,*,#11157,.F.);
#11160=ORIENTED_EDGE('',*,*,#11159,.F.);
#11162=ORIENTED_EDGE('',*,*,#11161,.F.);
#11164=ORIENTED_EDGE('',*,*,#11163,.F.);
#11166=ORIENTED_EDGE('',*,*,#11165,.F.);
#11168=ORIENTED_EDGE('',*,*,#11167,.F.);
#11170=ORIENTED_EDGE('',*,*,#11169,.F.);
#11172=ORIENTED_EDGE('',*,*,#11171,.F.);
#11174=ORIENTED_EDGE('',*,*,#11173,.F.);
#11176=ORIENTED_EDGE('',*,*,#11175,.F.);
#11178=ORIENTED_EDGE('',*,*,#11177,.F.);
#11180=ORIENTED_EDGE('',*,*,#11179,.F.);
#11182=ORIENTED_EDGE('',*,*,#11181,.F.);
#11184=ORIENTED_EDGE('',*,*,#11183,.F.);
#11186=ORIENTED_EDGE('',*,*,#11185,.F.);
#11188=ORIENTED_EDGE('',*,*,#11187,.F.);
#11190=ORIENTED_EDGE('',*,*,#11189,.F.);
#11192=ORIENTED_EDGE('',*,*,#11191,.F.);
#11194=ORIENTED_EDGE('',*,*,#11193,.F.);
#11196=ORIENTED_EDGE('',*,*,#11195,.F.);
#11198=ORIENTED_EDGE('',*,*,#11197,.F.);
#11199=EDGE_LOOP('',(#11092,#11094,#11096,#11098,#11100,#11102,#11104,#11106,
#11108,#11110,#11112,#11114,#11116,#11118,#11120,#11122,#11124,#11126,#11128,
#11130,#11132,#11134,#11136,#11138,#11140,#11142,#11144,#11146,#11148,#11150,
#11152,#11154,#11156,#11158,#11160,#11162,#11164,#11166,#11168,#11170,#11172,
#11174,#11176,#11178,#11180,#11182,#11184,#11186,#11188,#11190,#11192,#11194,
#11196,#11198));
#11200=FACE_OUTER_BOUND('',#11199,.F.);
#11202=CARTESIAN_POINT('',(0.E0,0.E0,6.2E0));
#11203=DIRECTION('',(0.E0,0.E0,1.E0));
#11204=DIRECTION('',(1.E0,0.E0,0.E0));
#11205=AXIS2_PLACEMENT_3D('',#11202,#11203,#11204);
#11206=PLANE('',#11205);
#11208=ORIENTED_EDGE('',*,*,#11207,.F.);
#11210=ORIENTED_EDGE('',*,*,#11209,.F.);
#11212=ORIENTED_EDGE('',*,*,#11211,.F.);
#11214=ORIENTED_EDGE('',*,*,#11213,.F.);
#11216=ORIENTED_EDGE('',*,*,#11215,.F.);
#11218=ORIENTED_EDGE('',*,*,#11217,.F.);
#11220=ORIENTED_EDGE('',*,*,#11219,.F.);
#11222=ORIENTED_EDGE('',*,*,#11221,.F.);
#11224=ORIENTED_EDGE('',*,*,#11223,.F.);
#11226=ORIENTED_EDGE('',*,*,#11225,.F.);
#11228=ORIENTED_EDGE('',*,*,#11227,.F.);
#11230=ORIENTED_EDGE('',*,*,#11229,.F.);
#11232=ORIENTED_EDGE('',*,*,#11231,.F.);
#11234=ORIENTED_EDGE('',*,*,#11233,.F.);
#11235=EDGE_LOOP('',(#11208,#11210,#11212,#11214,#11216,#11218,#11220,#11222,
#11224,#11226,#11228,#11230,#11232,#11234));
#11236=FACE_OUTER_BOUND('',#11235,.F.);
#11238=ORIENTED_EDGE('',*,*,#11237,.F.);
#11240=ORIENTED_EDGE('',*,*,#11239,.F.);
#11242=ORIENTED_EDGE('',*,*,#11241,.F.);
#11244=ORIENTED_EDGE('',*,*,#11243,.F.);
#11246=ORIENTED_EDGE('',*,*,#11245,.F.);
#11248=ORIENTED_EDGE('',*,*,#11247,.F.);
#11250=ORIENTED_EDGE('',*,*,#11249,.F.);
#11252=ORIENTED_EDGE('',*,*,#11251,.F.);
#11254=ORIENTED_EDGE('',*,*,#11253,.F.);
#11256=ORIENTED_EDGE('',*,*,#11255,.F.);
#11257=EDGE_LOOP('',(#11238,#11240,#11242,#11244,#11246,#11248,#11250,#11252,
#11254,#11256));
#11258=FACE_BOUND('',#11257,.F.);
#11260=CARTESIAN_POINT('',(0.E0,0.E0,6.2E0));
#11261=DIRECTION('',(0.E0,0.E0,1.E0));
#11262=DIRECTION('',(1.E0,0.E0,0.E0));
#11263=AXIS2_PLACEMENT_3D('',#11260,#11261,#11262);
#11264=PLANE('',#11263);
#11266=ORIENTED_EDGE('',*,*,#11265,.F.);
#11268=ORIENTED_EDGE('',*,*,#11267,.F.);
#11270=ORIENTED_EDGE('',*,*,#11269,.F.);
#11272=ORIENTED_EDGE('',*,*,#11271,.F.);
#11274=ORIENTED_EDGE('',*,*,#11273,.F.);
#11276=ORIENTED_EDGE('',*,*,#11275,.F.);
#11278=ORIENTED_EDGE('',*,*,#11277,.F.);
#11280=ORIENTED_EDGE('',*,*,#11279,.F.);
#11282=ORIENTED_EDGE('',*,*,#11281,.F.);
#11284=ORIENTED_EDGE('',*,*,#11283,.F.);
#11286=ORIENTED_EDGE('',*,*,#11285,.F.);
#11288=ORIENTED_EDGE('',*,*,#11287,.F.);
#11289=EDGE_LOOP('',(#11266,#11268,#11270,#11272,#11274,#11276,#11278,#11280,
#11282,#11284,#11286,#11288));
#11290=FACE_OUTER_BOUND('',#11289,.F.);
#11292=CARTESIAN_POINT('',(0.E0,0.E0,6.2E0));
#11293=DIRECTION('',(0.E0,0.E0,1.E0));
#11294=DIRECTION('',(1.E0,0.E0,0.E0));
#11295=AXIS2_PLACEMENT_3D('',#11292,#11293,#11294);
#11296=PLANE('',#11295);
#11298=ORIENTED_EDGE('',*,*,#11297,.F.);
#11300=ORIENTED_EDGE('',*,*,#11299,.F.);
#11302=ORIENTED_EDGE('',*,*,#11301,.F.);
#11304=ORIENTED_EDGE('',*,*,#11303,.F.);
#11306=ORIENTED_EDGE('',*,*,#11305,.F.);
#11308=ORIENTED_EDGE('',*,*,#11307,.F.);
#11310=ORIENTED_EDGE('',*,*,#11309,.F.);
#11312=ORIENTED_EDGE('',*,*,#11311,.F.);
#11314=ORIENTED_EDGE('',*,*,#11313,.F.);
#11316=ORIENTED_EDGE('',*,*,#11315,.F.);
#11318=ORIENTED_EDGE('',*,*,#11317,.F.);
#11320=ORIENTED_EDGE('',*,*,#11319,.F.);
#11322=ORIENTED_EDGE('',*,*,#11321,.F.);
#11324=ORIENTED_EDGE('',*,*,#11323,.F.);
#11326=ORIENTED_EDGE('',*,*,#11325,.F.);
#11328=ORIENTED_EDGE('',*,*,#11327,.F.);
#11330=ORIENTED_EDGE('',*,*,#11329,.F.);
#11332=ORIENTED_EDGE('',*,*,#11331,.F.);
#11334=ORIENTED_EDGE('',*,*,#11333,.F.);
#11336=ORIENTED_EDGE('',*,*,#11335,.F.);
#11338=ORIENTED_EDGE('',*,*,#11337,.F.);
#11340=ORIENTED_EDGE('',*,*,#11339,.F.);
#11342=ORIENTED_EDGE('',*,*,#11341,.F.);
#11344=ORIENTED_EDGE('',*,*,#11343,.F.);
#11346=ORIENTED_EDGE('',*,*,#11345,.F.);
#11348=ORIENTED_EDGE('',*,*,#11347,.F.);
#11350=ORIENTED_EDGE('',*,*,#11349,.F.);
#11352=ORIENTED_EDGE('',*,*,#11351,.F.);
#11353=EDGE_LOOP('',(#11298,#11300,#11302,#11304,#11306,#11308,#11310,#11312,
#11314,#11316,#11318,#11320,#11322,#11324,#11326,#11328,#11330,#11332,#11334,
#11336,#11338,#11340,#11342,#11344,#11346,#11348,#11350,#11352));
#11354=FACE_OUTER_BOUND('',#11353,.F.);
#11356=CARTESIAN_POINT('',(0.E0,0.E0,6.2E0));
#11357=DIRECTION('',(0.E0,0.E0,1.E0));
#11358=DIRECTION('',(1.E0,0.E0,0.E0));
#11359=AXIS2_PLACEMENT_3D('',#11356,#11357,#11358);
#11360=PLANE('',#11359);
#11362=ORIENTED_EDGE('',*,*,#11361,.F.);
#11364=ORIENTED_EDGE('',*,*,#11363,.F.);
#11366=ORIENTED_EDGE('',*,*,#11365,.F.);
#11368=ORIENTED_EDGE('',*,*,#11367,.F.);
#11370=ORIENTED_EDGE('',*,*,#11369,.F.);
#11372=ORIENTED_EDGE('',*,*,#11371,.F.);
#11374=ORIENTED_EDGE('',*,*,#11373,.F.);
#11376=ORIENTED_EDGE('',*,*,#11375,.F.);
#11378=ORIENTED_EDGE('',*,*,#11377,.F.);
#11380=ORIENTED_EDGE('',*,*,#11379,.F.);
#11382=ORIENTED_EDGE('',*,*,#11381,.F.);
#11384=ORIENTED_EDGE('',*,*,#11383,.F.);
#11386=ORIENTED_EDGE('',*,*,#11385,.F.);
#11388=ORIENTED_EDGE('',*,*,#11387,.F.);
#11390=ORIENTED_EDGE('',*,*,#11389,.F.);
#11392=ORIENTED_EDGE('',*,*,#11391,.F.);
#11394=ORIENTED_EDGE('',*,*,#11393,.F.);
#11396=ORIENTED_EDGE('',*,*,#11395,.F.);
#11398=ORIENTED_EDGE('',*,*,#11397,.F.);
#11400=ORIENTED_EDGE('',*,*,#11399,.F.);
#11402=ORIENTED_EDGE('',*,*,#11401,.F.);
#11404=ORIENTED_EDGE('',*,*,#11403,.F.);
#11406=ORIENTED_EDGE('',*,*,#11405,.F.);
#11408=ORIENTED_EDGE('',*,*,#11407,.F.);
#11410=ORIENTED_EDGE('',*,*,#11409,.F.);
#11412=ORIENTED_EDGE('',*,*,#11411,.F.);
#11413=EDGE_LOOP('',(#11362,#11364,#11366,#11368,#11370,#11372,#11374,#11376,
#11378,#11380,#11382,#11384,#11386,#11388,#11390,#11392,#11394,#11396,#11398,
#11400,#11402,#11404,#11406,#11408,#11410,#11412));
#11414=FACE_OUTER_BOUND('',#11413,.F.);
#11416=ORIENTED_EDGE('',*,*,#11415,.F.);
#11418=ORIENTED_EDGE('',*,*,#11417,.F.);
#11420=ORIENTED_EDGE('',*,*,#11419,.F.);
#11422=ORIENTED_EDGE('',*,*,#11421,.F.);
#11424=ORIENTED_EDGE('',*,*,#11423,.F.);
#11426=ORIENTED_EDGE('',*,*,#11425,.F.);
#11428=ORIENTED_EDGE('',*,*,#11427,.F.);
#11430=ORIENTED_EDGE('',*,*,#11429,.F.);
#11432=ORIENTED_EDGE('',*,*,#11431,.F.);
#11434=ORIENTED_EDGE('',*,*,#11433,.F.);
#11436=ORIENTED_EDGE('',*,*,#11435,.F.);
#11438=ORIENTED_EDGE('',*,*,#11437,.F.);
#11440=ORIENTED_EDGE('',*,*,#11439,.F.);
#11442=ORIENTED_EDGE('',*,*,#11441,.F.);
#11444=ORIENTED_EDGE('',*,*,#11443,.F.);
#11446=ORIENTED_EDGE('',*,*,#11445,.F.);
#11448=ORIENTED_EDGE('',*,*,#11447,.F.);
#11450=ORIENTED_EDGE('',*,*,#11449,.F.);
#11451=EDGE_LOOP('',(#11416,#11418,#11420,#11422,#11424,#11426,#11428,#11430,
#11432,#11434,#11436,#11438,#11440,#11442,#11444,#11446,#11448,#11450));
#11452=FACE_BOUND('',#11451,.F.);
#11454=CARTESIAN_POINT('',(0.E0,0.E0,6.2E0));
#11455=DIRECTION('',(0.E0,0.E0,1.E0));
#11456=DIRECTION('',(1.E0,0.E0,0.E0));
#11457=AXIS2_PLACEMENT_3D('',#11454,#11455,#11456);
#11458=PLANE('',#11457);
#11460=ORIENTED_EDGE('',*,*,#11459,.F.);
#11462=ORIENTED_EDGE('',*,*,#11461,.F.);
#11464=ORIENTED_EDGE('',*,*,#11463,.F.);
#11466=ORIENTED_EDGE('',*,*,#11465,.F.);
#11468=ORIENTED_EDGE('',*,*,#11467,.F.);
#11470=ORIENTED_EDGE('',*,*,#11469,.F.);
#11472=ORIENTED_EDGE('',*,*,#11471,.F.);
#11474=ORIENTED_EDGE('',*,*,#11473,.F.);
#11476=ORIENTED_EDGE('',*,*,#11475,.F.);
#11478=ORIENTED_EDGE('',*,*,#11477,.F.);
#11480=ORIENTED_EDGE('',*,*,#11479,.F.);
#11482=ORIENTED_EDGE('',*,*,#11481,.F.);
#11484=ORIENTED_EDGE('',*,*,#11483,.F.);
#11486=ORIENTED_EDGE('',*,*,#11485,.F.);
#11488=ORIENTED_EDGE('',*,*,#11487,.F.);
#11490=ORIENTED_EDGE('',*,*,#11489,.F.);
#11492=ORIENTED_EDGE('',*,*,#11491,.F.);
#11494=ORIENTED_EDGE('',*,*,#11493,.F.);
#11496=ORIENTED_EDGE('',*,*,#11495,.F.);
#11498=ORIENTED_EDGE('',*,*,#11497,.F.);
#11500=ORIENTED_EDGE('',*,*,#11499,.F.);
#11502=ORIENTED_EDGE('',*,*,#11501,.F.);
#11504=ORIENTED_EDGE('',*,*,#11503,.F.);
#11506=ORIENTED_EDGE('',*,*,#11505,.F.);
#11508=ORIENTED_EDGE('',*,*,#11507,.F.);
#11510=ORIENTED_EDGE('',*,*,#11509,.F.);
#11512=ORIENTED_EDGE('',*,*,#11511,.F.);
#11514=ORIENTED_EDGE('',*,*,#11513,.F.);
#11515=EDGE_LOOP('',(#11460,#11462,#11464,#11466,#11468,#11470,#11472,#11474,
#11476,#11478,#11480,#11482,#11484,#11486,#11488,#11490,#11492,#11494,#11496,
#11498,#11500,#11502,#11504,#11506,#11508,#11510,#11512,#11514));
#11516=FACE_OUTER_BOUND('',#11515,.F.);
#11518=CARTESIAN_POINT('',(0.E0,0.E0,6.2E0));
#11519=DIRECTION('',(0.E0,0.E0,1.E0));
#11520=DIRECTION('',(1.E0,0.E0,0.E0));
#11521=AXIS2_PLACEMENT_3D('',#11518,#11519,#11520);
#11522=PLANE('',#11521);
#11524=ORIENTED_EDGE('',*,*,#11523,.F.);
#11526=ORIENTED_EDGE('',*,*,#11525,.F.);
#11528=ORIENTED_EDGE('',*,*,#11527,.F.);
#11530=ORIENTED_EDGE('',*,*,#11529,.F.);
#11532=ORIENTED_EDGE('',*,*,#11531,.F.);
#11534=ORIENTED_EDGE('',*,*,#11533,.F.);
#11536=ORIENTED_EDGE('',*,*,#11535,.F.);
#11538=ORIENTED_EDGE('',*,*,#11537,.F.);
#11540=ORIENTED_EDGE('',*,*,#11539,.F.);
#11542=ORIENTED_EDGE('',*,*,#11541,.F.);
#11544=ORIENTED_EDGE('',*,*,#11543,.F.);
#11546=ORIENTED_EDGE('',*,*,#11545,.F.);
#11548=ORIENTED_EDGE('',*,*,#11547,.F.);
#11550=ORIENTED_EDGE('',*,*,#11549,.F.);
#11552=ORIENTED_EDGE('',*,*,#11551,.F.);
#11554=ORIENTED_EDGE('',*,*,#11553,.F.);
#11556=ORIENTED_EDGE('',*,*,#11555,.F.);
#11558=ORIENTED_EDGE('',*,*,#11557,.F.);
#11560=ORIENTED_EDGE('',*,*,#11559,.F.);
#11562=ORIENTED_EDGE('',*,*,#11561,.F.);
#11564=ORIENTED_EDGE('',*,*,#11563,.F.);
#11566=ORIENTED_EDGE('',*,*,#11565,.F.);
#11568=ORIENTED_EDGE('',*,*,#11567,.F.);
#11570=ORIENTED_EDGE('',*,*,#11569,.F.);
#11572=ORIENTED_EDGE('',*,*,#11571,.F.);
#11574=ORIENTED_EDGE('',*,*,#11573,.F.);
#11576=ORIENTED_EDGE('',*,*,#11575,.F.);
#11578=ORIENTED_EDGE('',*,*,#11577,.F.);
#11580=ORIENTED_EDGE('',*,*,#11579,.F.);
#11582=ORIENTED_EDGE('',*,*,#11581,.F.);
#11584=ORIENTED_EDGE('',*,*,#11583,.F.);
#11586=ORIENTED_EDGE('',*,*,#11585,.F.);
#11588=ORIENTED_EDGE('',*,*,#11587,.F.);
#11590=ORIENTED_EDGE('',*,*,#11589,.F.);
#11592=ORIENTED_EDGE('',*,*,#11591,.F.);
#11594=ORIENTED_EDGE('',*,*,#11593,.F.);
#11596=ORIENTED_EDGE('',*,*,#11595,.F.);
#11598=ORIENTED_EDGE('',*,*,#11597,.F.);
#11600=ORIENTED_EDGE('',*,*,#11599,.F.);
#11602=ORIENTED_EDGE('',*,*,#11601,.F.);
#11603=EDGE_LOOP('',(#11524,#11526,#11528,#11530,#11532,#11534,#11536,#11538,
#11540,#11542,#11544,#11546,#11548,#11550,#11552,#11554,#11556,#11558,#11560,
#11562,#11564,#11566,#11568,#11570,#11572,#11574,#11576,#11578,#11580,#11582,
#11584,#11586,#11588,#11590,#11592,#11594,#11596,#11598,#11600,#11602));
#11604=FACE_OUTER_BOUND('',#11603,.F.);
#11606=CARTESIAN_POINT('',(-7.908333387971E0,5.031914949417E0,6.E0));
#11607=DIRECTION('',(-9.506451918075E-1,-3.102800658973E-1,0.E0));
#11608=DIRECTION('',(3.102800658973E-1,-9.506451918075E-1,0.E0));
#11609=AXIS2_PLACEMENT_3D('',#11606,#11607,#11608);
#11610=PLANE('',#11609);
#11611=ORIENTED_EDGE('',*,*,#10422,.F.);
#11613=ORIENTED_EDGE('',*,*,#11612,.T.);
#11614=ORIENTED_EDGE('',*,*,#11077,.T.);
#11616=ORIENTED_EDGE('',*,*,#11615,.F.);
#11617=EDGE_LOOP('',(#11611,#11613,#11614,#11616));
#11618=FACE_OUTER_BOUND('',#11617,.F.);
#11620=CARTESIAN_POINT('',(-8.939583306015E0,1.872340366244E0,6.E0));
#11621=DIRECTION('',(9.506452136281E-1,-3.102799990428E-1,0.E0));
#11622=DIRECTION('',(3.102799990428E-1,9.506452136281E-1,0.E0));
#11623=AXIS2_PLACEMENT_3D('',#11620,#11621,#11622);
#11624=PLANE('',#11623);
#11625=ORIENTED_EDGE('',*,*,#10426,.F.);
#11627=ORIENTED_EDGE('',*,*,#11626,.T.);
#11628=ORIENTED_EDGE('',*,*,#11079,.T.);
#11629=ORIENTED_EDGE('',*,*,#11612,.F.);
#11630=EDGE_LOOP('',(#11625,#11627,#11628,#11629));
#11631=FACE_OUTER_BOUND('',#11630,.F.);
#11633=CARTESIAN_POINT('',(-6.877083224058E0,1.872340366244E0,6.E0));
#11634=DIRECTION('',(0.E0,1.E0,0.E0));
#11635=DIRECTION('',(-1.E0,0.E0,0.E0));
#11636=AXIS2_PLACEMENT_3D('',#11633,#11634,#11635);
#11637=PLANE('',#11636);
#11638=ORIENTED_EDGE('',*,*,#10424,.F.);
#11639=ORIENTED_EDGE('',*,*,#11615,.T.);
#11640=ORIENTED_EDGE('',*,*,#11081,.T.);
#11641=ORIENTED_EDGE('',*,*,#11626,.F.);
#11642=EDGE_LOOP('',(#11638,#11639,#11640,#11641));
#11643=FACE_OUTER_BOUND('',#11642,.F.);
#11645=CARTESIAN_POINT('',(-1.491666448116E0,4.212766110897E0,6.E0));
#11646=DIRECTION('',(0.E0,-1.E0,0.E0));
#11647=DIRECTION('',(1.E0,0.E0,0.E0));
#11648=AXIS2_PLACEMENT_3D('',#11645,#11646,#11647);
#11649=PLANE('',#11648);
#11650=ORIENTED_EDGE('',*,*,#10531,.F.);
#11652=ORIENTED_EDGE('',*,*,#11651,.T.);
#11653=ORIENTED_EDGE('',*,*,#11091,.T.);
#11655=ORIENTED_EDGE('',*,*,#11654,.F.);
#11656=EDGE_LOOP('',(#11650,#11652,#11653,#11655));
#11657=FACE_OUTER_BOUND('',#11656,.F.);
#11659=CARTESIAN_POINT('',(-1.60625E0,4.446808636189E0,6.E0));
#11660=DIRECTION('',(-8.981377659536E-1,-4.397141723527E-1,0.E0));
#11661=DIRECTION('',(4.397141723527E-1,-8.981377659536E-1,0.E0));
#11662=AXIS2_PLACEMENT_3D('',#11659,#11660,#11661);
#11663=PLANE('',#11662);
#11664=ORIENTED_EDGE('',*,*,#10637,.F.);
#11666=ORIENTED_EDGE('',*,*,#11665,.T.);
#11667=ORIENTED_EDGE('',*,*,#11093,.T.);
#11668=ORIENTED_EDGE('',*,*,#11651,.F.);
#11669=EDGE_LOOP('',(#11664,#11666,#11667,#11668));
#11670=FACE_OUTER_BOUND('',#11669,.F.);
#11672=CARTESIAN_POINT('',(-1.835416448116E0,4.680851161480E0,6.E0));
#11673=DIRECTION('',(-7.145107183351E-1,-6.996244945571E-1,0.E0));
#11674=DIRECTION('',(6.996244945571E-1,-7.145107183351E-1,0.E0));
#11675=AXIS2_PLACEMENT_3D('',#11672,#11673,#11674);
#11676=PLANE('',#11675);
#11677=ORIENTED_EDGE('',*,*,#10635,.F.);
#11679=ORIENTED_EDGE('',*,*,#11678,.T.);
#11680=ORIENTED_EDGE('',*,*,#11095,.T.);
#11681=ORIENTED_EDGE('',*,*,#11665,.F.);
#11682=EDGE_LOOP('',(#11677,#11679,#11680,#11681));
#11683=FACE_OUTER_BOUND('',#11682,.F.);
#11685=CARTESIAN_POINT('',(-2.179166448116E0,4.797872424126E0,6.E0));
#11686=DIRECTION('',(-3.222637633772E-1,-9.466499177700E-1,0.E0));
#11687=DIRECTION('',(9.466499177700E-1,-3.222637633772E-1,0.E0));
#11688=AXIS2_PLACEMENT_3D('',#11685,#11686,#11687);
#11689=PLANE('',#11688);
#11690=ORIENTED_EDGE('',*,*,#10633,.F.);
#11692=ORIENTED_EDGE('',*,*,#11691,.T.);
#11693=ORIENTED_EDGE('',*,*,#11097,.T.);
#11694=ORIENTED_EDGE('',*,*,#11678,.F.);
#11695=EDGE_LOOP('',(#11690,#11692,#11693,#11694));
#11696=FACE_OUTER_BOUND('',#11695,.F.);
#11698=CARTESIAN_POINT('',(-2.866666448116E0,4.797872424126E0,6.E0));
#11699=DIRECTION('',(0.E0,-1.E0,0.E0));
#11700=DIRECTION('',(1.E0,0.E0,0.E0));
#11701=AXIS2_PLACEMENT_3D('',#11698,#11699,#11700);
#11702=PLANE('',#11701);
#11703=ORIENTED_EDGE('',*,*,#10631,.F.);
#11705=ORIENTED_EDGE('',*,*,#11704,.T.);
#11706=ORIENTED_EDGE('',*,*,#11099,.T.);
#11707=ORIENTED_EDGE('',*,*,#11691,.F.);
#11708=EDGE_LOOP('',(#11703,#11705,#11706,#11707));
#11709=FACE_OUTER_BOUND('',#11708,.F.);
#11711=CARTESIAN_POINT('',(-3.210416448116E0,4.680851161480E0,6.E0));
#11712=DIRECTION('',(3.222637633772E-1,-9.466499177700E-1,0.E0));
#11713=DIRECTION('',(9.466499177700E-1,3.222637633772E-1,0.E0));
#11714=AXIS2_PLACEMENT_3D('',#11711,#11712,#11713);
#11715=PLANE('',#11714);
#11716=ORIENTED_EDGE('',*,*,#10629,.F.);
#11718=ORIENTED_EDGE('',*,*,#11717,.T.);
#11719=ORIENTED_EDGE('',*,*,#11101,.T.);
#11720=ORIENTED_EDGE('',*,*,#11704,.F.);
#11721=EDGE_LOOP('',(#11716,#11718,#11719,#11720));
#11722=FACE_OUTER_BOUND('',#11721,.F.);
#11724=CARTESIAN_POINT('',(-3.554166448116E0,4.446808636189E0,6.E0));
#11725=DIRECTION('',(5.627909312417E-1,-8.265992787996E-1,0.E0));
#11726=DIRECTION('',(8.265992787996E-1,5.627909312417E-1,0.E0));
#11727=AXIS2_PLACEMENT_3D('',#11724,#11725,#11726);
#11728=PLANE('',#11727);
#11729=ORIENTED_EDGE('',*,*,#10627,.F.);
#11731=ORIENTED_EDGE('',*,*,#11730,.T.);
#11732=ORIENTED_EDGE('',*,*,#11103,.T.);
#11733=ORIENTED_EDGE('',*,*,#11717,.F.);
#11734=EDGE_LOOP('',(#11729,#11731,#11732,#11733));
#11735=FACE_OUTER_BOUND('',#11734,.F.);
#11737=CARTESIAN_POINT('',(-3.66875E0,4.095744520426E0,6.E0));
#11738=DIRECTION('',(9.506451030099E-1,-3.102803379578E-1,0.E0));
#11739=DIRECTION('',(3.102803379578E-1,9.506451030099E-1,0.E0));
#11740=AXIS2_PLACEMENT_3D('',#11737,#11738,#11739);
#11741=PLANE('',#11740);
#11742=ORIENTED_EDGE('',*,*,#10625,.F.);
#11744=ORIENTED_EDGE('',*,*,#11743,.T.);
#11745=ORIENTED_EDGE('',*,*,#11105,.T.);
#11746=ORIENTED_EDGE('',*,*,#11730,.F.);
#11747=EDGE_LOOP('',(#11742,#11744,#11745,#11746));
#11748=FACE_OUTER_BOUND('',#11747,.F.);
#11750=CARTESIAN_POINT('',(-3.66875E0,3.861701995134E0,6.E0));
#11751=DIRECTION('',(1.E0,0.E0,0.E0));
#11752=DIRECTION('',(0.E0,1.E0,0.E0));
#11753=AXIS2_PLACEMENT_3D('',#11750,#11751,#11752);
#11754=PLANE('',#11753);
#11755=ORIENTED_EDGE('',*,*,#10623,.F.);
#11757=ORIENTED_EDGE('',*,*,#11756,.T.);
#11758=ORIENTED_EDGE('',*,*,#11107,.T.);
#11759=ORIENTED_EDGE('',*,*,#11743,.F.);
#11760=EDGE_LOOP('',(#11755,#11757,#11758,#11759));
#11761=FACE_OUTER_BOUND('',#11760,.F.);
#11763=CARTESIAN_POINT('',(-3.554166448116E0,3.510638207197E0,6.E0));
#11764=DIRECTION('',(9.506450175458E-1,3.102805998049E-1,0.E0));
#11765=DIRECTION('',(-3.102805998049E-1,9.506450175458E-1,0.E0));
#11766=AXIS2_PLACEMENT_3D('',#11763,#11764,#11765);
#11767=PLANE('',#11766);
#11768=ORIENTED_EDGE('',*,*,#10621,.F.);
#11770=ORIENTED_EDGE('',*,*,#11769,.T.);
#11771=ORIENTED_EDGE('',*,*,#11109,.T.);
#11772=ORIENTED_EDGE('',*,*,#11756,.F.);
#11773=EDGE_LOOP('',(#11768,#11770,#11771,#11772));
#11774=FACE_OUTER_BOUND('',#11773,.F.);
#11776=CARTESIAN_POINT('',(-3.210416448116E0,3.276595681906E0,6.E0));
#11777=DIRECTION('',(5.627909312417E-1,8.265992787996E-1,0.E0));
#11778=DIRECTION('',(-8.265992787996E-1,5.627909312417E-1,0.E0));
#11779=AXIS2_PLACEMENT_3D('',#11776,#11777,#11778);
#11780=PLANE('',#11779);
#11781=ORIENTED_EDGE('',*,*,#10619,.F.);
#11783=ORIENTED_EDGE('',*,*,#11782,.T.);
#11784=ORIENTED_EDGE('',*,*,#11111,.T.);
#11785=ORIENTED_EDGE('',*,*,#11769,.F.);
#11786=EDGE_LOOP('',(#11781,#11783,#11784,#11785));
#11787=FACE_OUTER_BOUND('',#11786,.F.);
#11789=CARTESIAN_POINT('',(-2.866666448116E0,3.159574419260E0,6.E0));
#11790=DIRECTION('',(3.222637633772E-1,9.466499177700E-1,0.E0));
#11791=DIRECTION('',(-9.466499177700E-1,3.222637633772E-1,0.E0));
#11792=AXIS2_PLACEMENT_3D('',#11789,#11790,#11791);
#11793=PLANE('',#11792);
#11794=ORIENTED_EDGE('',*,*,#10617,.F.);
#11796=ORIENTED_EDGE('',*,*,#11795,.T.);
#11797=ORIENTED_EDGE('',*,*,#11113,.T.);
#11798=ORIENTED_EDGE('',*,*,#11782,.F.);
#11799=EDGE_LOOP('',(#11794,#11796,#11797,#11798));
#11800=FACE_OUTER_BOUND('',#11799,.F.);
#11802=CARTESIAN_POINT('',(-2.179166448116E0,3.159574419260E0,6.E0));
#11803=DIRECTION('',(0.E0,1.E0,0.E0));
#11804=DIRECTION('',(-1.E0,0.E0,0.E0));
#11805=AXIS2_PLACEMENT_3D('',#11802,#11803,#11804);
#11806=PLANE('',#11805);
#11807=ORIENTED_EDGE('',*,*,#10615,.F.);
#11809=ORIENTED_EDGE('',*,*,#11808,.T.);
#11810=ORIENTED_EDGE('',*,*,#11115,.T.);
#11811=ORIENTED_EDGE('',*,*,#11795,.F.);
#11812=EDGE_LOOP('',(#11807,#11809,#11810,#11811));
#11813=FACE_OUTER_BOUND('',#11812,.F.);
#11815=CARTESIAN_POINT('',(-1.60625E0,3.042553156614E0,6.E0));
#11816=DIRECTION('',(2.001234283435E-1,9.797706943097E-1,0.E0));
#11817=DIRECTION('',(-9.797706943097E-1,2.001234283435E-1,0.E0));
#11818=AXIS2_PLACEMENT_3D('',#11815,#11816,#11817);
#11819=PLANE('',#11818);
#11820=ORIENTED_EDGE('',*,*,#10613,.F.);
#11822=ORIENTED_EDGE('',*,*,#11821,.T.);
#11823=ORIENTED_EDGE('',*,*,#11117,.T.);
#11824=ORIENTED_EDGE('',*,*,#11808,.F.);
#11825=EDGE_LOOP('',(#11820,#11822,#11823,#11824));
#11826=FACE_OUTER_BOUND('',#11825,.F.);
#11828=CARTESIAN_POINT('',(-1.147916448116E0,2.808510631323E0,6.E0));
#11829=DIRECTION('',(4.547769415434E-1,8.906053746977E-1,0.E0));
#11830=DIRECTION('',(-8.906053746977E-1,4.547769415434E-1,0.E0));
#11831=AXIS2_PLACEMENT_3D('',#11828,#11829,#11830);
#11832=PLANE('',#11831);
#11833=ORIENTED_EDGE('',*,*,#10611,.F.);
#11835=ORIENTED_EDGE('',*,*,#11834,.T.);
#11836=ORIENTED_EDGE('',*,*,#11119,.T.);
#11837=ORIENTED_EDGE('',*,*,#11821,.F.);
#11838=EDGE_LOOP('',(#11833,#11835,#11836,#11837));
#11839=FACE_OUTER_BOUND('',#11838,.F.);
#11841=CARTESIAN_POINT('',(-6.895835518837E-1,2.340425580740E0,6.E0));
#11842=DIRECTION('',(7.145107183351E-1,6.996244945571E-1,0.E0));
#11843=DIRECTION('',(-6.996244945571E-1,7.145107183351E-1,0.E0));
#11844=AXIS2_PLACEMENT_3D('',#11841,#11842,#11843);
#11845=PLANE('',#11844);
#11846=ORIENTED_EDGE('',*,*,#10609,.F.);
#11848=ORIENTED_EDGE('',*,*,#11847,.T.);
#11849=ORIENTED_EDGE('',*,*,#11121,.T.);
#11850=ORIENTED_EDGE('',*,*,#11834,.F.);
#11851=EDGE_LOOP('',(#11846,#11848,#11849,#11850));
#11852=FACE_OUTER_BOUND('',#11851,.F.);
#11854=CARTESIAN_POINT('',(-4.604164481163E-1,1.872340366244E0,6.E0));
#11855=DIRECTION('',(8.981378267632E-1,4.397140481462E-1,0.E0));
#11856=DIRECTION('',(-4.397140481462E-1,8.981378267632E-1,0.E0));
#11857=AXIS2_PLACEMENT_3D('',#11854,#11855,#11856);
#11858=PLANE('',#11857);
#11859=ORIENTED_EDGE('',*,*,#10607,.F.);
#11861=ORIENTED_EDGE('',*,*,#11860,.T.);
#11862=ORIENTED_EDGE('',*,*,#11123,.T.);
#11863=ORIENTED_EDGE('',*,*,#11847,.F.);
#11864=EDGE_LOOP('',(#11859,#11861,#11862,#11863));
#11865=FACE_OUTER_BOUND('',#11864,.F.);
#11867=CARTESIAN_POINT('',(-4.604164481163E-1,1.287234053016E0,6.E0));
#11868=DIRECTION('',(1.E0,0.E0,0.E0));
#11869=DIRECTION('',(0.E0,1.E0,0.E0));
#11870=AXIS2_PLACEMENT_3D('',#11867,#11868,#11869);
#11871=PLANE('',#11870);
#11872=ORIENTED_EDGE('',*,*,#10605,.F.);
#11874=ORIENTED_EDGE('',*,*,#11873,.T.);
#11875=ORIENTED_EDGE('',*,*,#11125,.T.);
#11876=ORIENTED_EDGE('',*,*,#11860,.F.);
#11877=EDGE_LOOP('',(#11872,#11874,#11875,#11876));
#11878=FACE_OUTER_BOUND('',#11877,.F.);
#11880=CARTESIAN_POINT('',(-6.895835518837E-1,8.191489204764E-1,6.E0));
#11881=DIRECTION('',(8.981377963584E-1,-4.397141102494E-1,0.E0));
#11882=DIRECTION('',(4.397141102494E-1,8.981377963584E-1,0.E0));
#11883=AXIS2_PLACEMENT_3D('',#11880,#11881,#11882);
#11884=PLANE('',#11883);
#11885=ORIENTED_EDGE('',*,*,#10603,.F.);
#11887=ORIENTED_EDGE('',*,*,#11886,.T.);
#11888=ORIENTED_EDGE('',*,*,#11127,.T.);
#11889=ORIENTED_EDGE('',*,*,#11873,.F.);
#11890=EDGE_LOOP('',(#11885,#11887,#11888,#11889));
#11891=FACE_OUTER_BOUND('',#11890,.F.);
#11893=CARTESIAN_POINT('',(-1.147916448116E0,3.510638289154E-1,6.E0));
#11894=DIRECTION('',(7.145107489524E-1,-6.996244632883E-1,0.E0));
#11895=DIRECTION('',(6.996244632883E-1,7.145107489524E-1,0.E0));
#11896=AXIS2_PLACEMENT_3D('',#11893,#11894,#11895);
#11897=PLANE('',#11896);
#11898=ORIENTED_EDGE('',*,*,#10601,.F.);
#11900=ORIENTED_EDGE('',*,*,#11899,.T.);
#11901=ORIENTED_EDGE('',*,*,#11129,.T.);
#11902=ORIENTED_EDGE('',*,*,#11886,.F.);
#11903=EDGE_LOOP('',(#11898,#11900,#11901,#11902));
#11904=FACE_OUTER_BOUND('',#11903,.F.);
#11906=CARTESIAN_POINT('',(-1.60625E0,1.170212728903E-1,6.E0));
#11907=DIRECTION('',(4.547769889117E-1,-8.906053505096E-1,0.E0));
#11908=DIRECTION('',(8.906053505096E-1,4.547769889117E-1,0.E0));
#11909=AXIS2_PLACEMENT_3D('',#11906,#11907,#11908);
#11910=PLANE('',#11909);
#11911=ORIENTED_EDGE('',*,*,#10599,.F.);
#11913=ORIENTED_EDGE('',*,*,#11912,.T.);
#11914=ORIENTED_EDGE('',*,*,#11131,.T.);
#11915=ORIENTED_EDGE('',*,*,#11899,.F.);
#11916=EDGE_LOOP('',(#11911,#11913,#11914,#11915));
#11917=FACE_OUTER_BOUND('',#11916,.F.);
#11919=CARTESIAN_POINT('',(-2.179166448116E0,0.E0,6.E0));
#11920=DIRECTION('',(2.001234451615E-1,-9.797706908745E-1,0.E0));
#11921=DIRECTION('',(9.797706908745E-1,2.001234451615E-1,0.E0));
#11922=AXIS2_PLACEMENT_3D('',#11919,#11920,#11921);
#11923=PLANE('',#11922);
#11924=ORIENTED_EDGE('',*,*,#10597,.F.);
#11926=ORIENTED_EDGE('',*,*,#11925,.T.);
#11927=ORIENTED_EDGE('',*,*,#11133,.T.);
#11928=ORIENTED_EDGE('',*,*,#11912,.F.);
#11929=EDGE_LOOP('',(#11924,#11926,#11927,#11928));
#11930=FACE_OUTER_BOUND('',#11929,.F.);
#11932=CARTESIAN_POINT('',(-3.095833551884E0,0.E0,6.E0));
#11933=DIRECTION('',(0.E0,-1.E0,0.E0));
#11934=DIRECTION('',(1.E0,0.E0,0.E0));
#11935=AXIS2_PLACEMENT_3D('',#11932,#11933,#11934);
#11936=PLANE('',#11935);
#11937=ORIENTED_EDGE('',*,*,#10595,.F.);
#11939=ORIENTED_EDGE('',*,*,#11938,.T.);
#11940=ORIENTED_EDGE('',*,*,#11135,.T.);
#11941=ORIENTED_EDGE('',*,*,#11925,.F.);
#11942=EDGE_LOOP('',(#11937,#11939,#11940,#11941));
#11943=FACE_OUTER_BOUND('',#11942,.F.);
#11945=CARTESIAN_POINT('',(-3.66875E0,1.170212728903E-1,6.E0));
#11946=DIRECTION('',(-2.001234451615E-1,-9.797706908745E-1,0.E0));
#11947=DIRECTION('',(9.797706908745E-1,-2.001234451615E-1,0.E0));
#11948=AXIS2_PLACEMENT_3D('',#11945,#11946,#11947);
#11949=PLANE('',#11948);
#11950=ORIENTED_EDGE('',*,*,#10593,.F.);
#11952=ORIENTED_EDGE('',*,*,#11951,.T.);
#11953=ORIENTED_EDGE('',*,*,#11137,.T.);
#11954=ORIENTED_EDGE('',*,*,#11938,.F.);
#11955=EDGE_LOOP('',(#11950,#11952,#11953,#11954));
#11956=FACE_OUTER_BOUND('',#11955,.F.);
#11958=CARTESIAN_POINT('',(-4.241666448116E0,4.680850915611E-1,6.E0));
#11959=DIRECTION('',(-5.224771067470E-1,-8.526533134429E-1,0.E0));
#11960=DIRECTION('',(8.526533134429E-1,-5.224771067470E-1,0.E0));
#11961=AXIS2_PLACEMENT_3D('',#11958,#11959,#11960);
#11962=PLANE('',#11961);
#11963=ORIENTED_EDGE('',*,*,#10591,.F.);
#11965=ORIENTED_EDGE('',*,*,#11964,.T.);
#11966=ORIENTED_EDGE('',*,*,#11139,.T.);
#11967=ORIENTED_EDGE('',*,*,#11951,.F.);
#11968=EDGE_LOOP('',(#11963,#11965,#11966,#11967));
#11969=FACE_OUTER_BOUND('',#11968,.F.);
#11971=CARTESIAN_POINT('',(-4.585416448116E0,1.053191527724E0,6.E0));
#11972=DIRECTION('',(-8.622111667155E-1,-5.065490144015E-1,0.E0));
#11973=DIRECTION('',(5.065490144015E-1,-8.622111667155E-1,0.E0));
#11974=AXIS2_PLACEMENT_3D('',#11971,#11972,#11973);
#11975=PLANE('',#11974);
#11976=ORIENTED_EDGE('',*,*,#10589,.F.);
#11978=ORIENTED_EDGE('',*,*,#11977,.T.);
#11979=ORIENTED_EDGE('',*,*,#11141,.T.);
#11980=ORIENTED_EDGE('',*,*,#11964,.F.);
#11981=EDGE_LOOP('',(#11976,#11978,#11979,#11980));
#11982=FACE_OUTER_BOUND('',#11981,.F.);
#11984=CARTESIAN_POINT('',(-4.7E0,1.521276578307E0,6.E0));
#11985=DIRECTION('',(-9.713210491251E-1,-2.377717803411E-1,0.E0));
#11986=DIRECTION('',(2.377717803411E-1,-9.713210491251E-1,0.E0));
#11987=AXIS2_PLACEMENT_3D('',#11984,#11985,#11986);
#11988=PLANE('',#11987);
#11989=ORIENTED_EDGE('',*,*,#10587,.F.);
#11991=ORIENTED_EDGE('',*,*,#11990,.T.);
#11992=ORIENTED_EDGE('',*,*,#11143,.T.);
#11993=ORIENTED_EDGE('',*,*,#11977,.F.);
#11994=EDGE_LOOP('',(#11989,#11991,#11992,#11993));
#11995=FACE_OUTER_BOUND('',#11994,.F.);
#11997=CARTESIAN_POINT('',(-4.0125E0,1.521276578307E0,6.E0));
#11998=DIRECTION('',(0.E0,1.E0,0.E0));
#11999=DIRECTION('',(-1.E0,0.E0,0.E0));
#12000=AXIS2_PLACEMENT_3D('',#11997,#11998,#11999);
#12001=PLANE('',#12000);
#12002=ORIENTED_EDGE('',*,*,#10585,.F.);
#12004=ORIENTED_EDGE('',*,*,#12003,.T.);
#12005=ORIENTED_EDGE('',*,*,#11145,.T.);
#12006=ORIENTED_EDGE('',*,*,#11990,.F.);
#12007=EDGE_LOOP('',(#12002,#12004,#12005,#12006));
#12008=FACE_OUTER_BOUND('',#12007,.F.);
#12010=CARTESIAN_POINT('',(-3.897916448116E0,1.170212790370E0,6.E0));
#12011=DIRECTION('',(9.506450175458E-1,3.102805998049E-1,0.E0));
#12012=DIRECTION('',(-3.102805998049E-1,9.506450175458E-1,0.E0));
#12013=AXIS2_PLACEMENT_3D('',#12010,#12011,#12012);
#12014=PLANE('',#12013);
#12015=ORIENTED_EDGE('',*,*,#10583,.F.);
#12017=ORIENTED_EDGE('',*,*,#12016,.T.);
#12018=ORIENTED_EDGE('',*,*,#11147,.T.);
#12019=ORIENTED_EDGE('',*,*,#12003,.F.);
#12020=EDGE_LOOP('',(#12015,#12017,#12018,#12019));
#12021=FACE_OUTER_BOUND('',#12020,.F.);
#12023=CARTESIAN_POINT('',(-3.554166448116E0,8.191489204764E-1,6.E0));
#12024=DIRECTION('',(7.145104664480E-1,6.996247518036E-1,0.E0));
#12025=DIRECTION('',(-6.996247518036E-1,7.145104664480E-1,0.E0));
#12026=AXIS2_PLACEMENT_3D('',#12023,#12024,#12025);
#12027=PLANE('',#12026);
#12028=ORIENTED_EDGE('',*,*,#10581,.F.);
#12030=ORIENTED_EDGE('',*,*,#12029,.T.);
#12031=ORIENTED_EDGE('',*,*,#11149,.T.);
#12032=ORIENTED_EDGE('',*,*,#12016,.F.);
#12033=EDGE_LOOP('',(#12028,#12030,#12031,#12032));
#12034=FACE_OUTER_BOUND('',#12033,.F.);
#12036=CARTESIAN_POINT('',(-3.095833551884E0,7.021276578307E-1,6.E0));
#12037=DIRECTION('',(2.473834390653E-1,9.689176611437E-1,0.E0));
#12038=DIRECTION('',(-9.689176611437E-1,2.473834390653E-1,0.E0));
#12039=AXIS2_PLACEMENT_3D('',#12036,#12037,#12038);
#12040=PLANE('',#12039);
#12041=ORIENTED_EDGE('',*,*,#10579,.F.);
#12043=ORIENTED_EDGE('',*,*,#12042,.T.);
#12044=ORIENTED_EDGE('',*,*,#11151,.T.);
#12045=ORIENTED_EDGE('',*,*,#12029,.F.);
#12046=EDGE_LOOP('',(#12041,#12043,#12044,#12045));
#12047=FACE_OUTER_BOUND('',#12046,.F.);
#12049=CARTESIAN_POINT('',(-2.179166448116E0,7.021276578307E-1,6.E0));
#12050=DIRECTION('',(0.E0,1.E0,0.E0));
#12051=DIRECTION('',(-1.E0,0.E0,0.E0));
#12052=AXIS2_PLACEMENT_3D('',#12049,#12050,#12051);
#12053=PLANE('',#12052);
#12054=ORIENTED_EDGE('',*,*,#10577,.F.);
#12056=ORIENTED_EDGE('',*,*,#12055,.T.);
#12057=ORIENTED_EDGE('',*,*,#11153,.T.);
#12058=ORIENTED_EDGE('',*,*,#12042,.F.);
#12059=EDGE_LOOP('',(#12054,#12056,#12057,#12058));
#12060=FACE_OUTER_BOUND('',#12059,.F.);
#12062=CARTESIAN_POINT('',(-1.720833551884E0,8.191489204764E-1,6.E0));
#12063=DIRECTION('',(-2.473834390653E-1,9.689176611437E-1,0.E0));
#12064=DIRECTION('',(-9.689176611437E-1,-2.473834390653E-1,0.E0));
#12065=AXIS2_PLACEMENT_3D('',#12062,#12063,#12064);
#12066=PLANE('',#12065);
#12067=ORIENTED_EDGE('',*,*,#10575,.F.);
#12069=ORIENTED_EDGE('',*,*,#12068,.T.);
#12070=ORIENTED_EDGE('',*,*,#11155,.T.);
#12071=ORIENTED_EDGE('',*,*,#12055,.F.);
#12072=EDGE_LOOP('',(#12067,#12069,#12070,#12071));
#12073=FACE_OUTER_BOUND('',#12072,.F.);
#12075=CARTESIAN_POINT('',(-1.377083551884E0,1.053191527724E0,6.E0));
#12076=DIRECTION('',(-5.627910658975E-1,8.265991871191E-1,0.E0));
#12077=DIRECTION('',(-8.265991871191E-1,-5.627910658975E-1,0.E0));
#12078=AXIS2_PLACEMENT_3D('',#12075,#12076,#12077);
#12079=PLANE('',#12078);
#12080=ORIENTED_EDGE('',*,*,#10573,.F.);
#12082=ORIENTED_EDGE('',*,*,#12081,.T.);
#12083=ORIENTED_EDGE('',*,*,#11157,.T.);
#12084=ORIENTED_EDGE('',*,*,#12068,.F.);
#12085=EDGE_LOOP('',(#12080,#12082,#12083,#12084));
#12086=FACE_OUTER_BOUND('',#12085,.F.);
#12088=CARTESIAN_POINT('',(-1.147916448116E0,1.404255315661E0,6.E0));
#12089=DIRECTION('',(-8.373786433120E-1,5.466232777014E-1,0.E0));
#12090=DIRECTION('',(-5.466232777014E-1,-8.373786433120E-1,0.E0));
#12091=AXIS2_PLACEMENT_3D('',#12088,#12089,#12090);
#12092=PLANE('',#12091);
#12093=ORIENTED_EDGE('',*,*,#10571,.F.);
#12095=ORIENTED_EDGE('',*,*,#12094,.T.);
#12096=ORIENTED_EDGE('',*,*,#11159,.T.);
#12097=ORIENTED_EDGE('',*,*,#12081,.F.);
#12098=EDGE_LOOP('',(#12093,#12095,#12096,#12097));
#12099=FACE_OUTER_BOUND('',#12098,.F.);
#12101=CARTESIAN_POINT('',(-1.147916448116E0,1.755319103599E0,6.E0));
#12102=DIRECTION('',(-1.E0,0.E0,0.E0));
#12103=DIRECTION('',(0.E0,-1.E0,0.E0));
#12104=AXIS2_PLACEMENT_3D('',#12101,#12102,#12103);
#12105=PLANE('',#12104);
#12106=ORIENTED_EDGE('',*,*,#10569,.F.);
#12108=ORIENTED_EDGE('',*,*,#12107,.T.);
#12109=ORIENTED_EDGE('',*,*,#11161,.T.);
#12110=ORIENTED_EDGE('',*,*,#12094,.F.);
#12111=EDGE_LOOP('',(#12106,#12108,#12109,#12110));
#12112=FACE_OUTER_BOUND('',#12111,.F.);
#12114=CARTESIAN_POINT('',(-1.377083551884E0,2.106383055449E0,6.E0));
#12115=DIRECTION('',(-8.373787601340E-1,-5.466230987403E-1,0.E0));
#12116=DIRECTION('',(5.466230987403E-1,-8.373787601340E-1,0.E0));
#12117=AXIS2_PLACEMENT_3D('',#12114,#12115,#12116);
#12118=PLANE('',#12117);
#12119=ORIENTED_EDGE('',*,*,#10567,.F.);
#12121=ORIENTED_EDGE('',*,*,#12120,.T.);
#12122=ORIENTED_EDGE('',*,*,#11163,.T.);
#12123=ORIENTED_EDGE('',*,*,#12107,.F.);
#12124=EDGE_LOOP('',(#12119,#12121,#12122,#12123));
#12125=FACE_OUTER_BOUND('',#12124,.F.);
#12127=CARTESIAN_POINT('',(-1.720833551884E0,2.340425580740E0,6.E0));
#12128=DIRECTION('',(-5.627909312417E-1,-8.265992787996E-1,0.E0));
#12129=DIRECTION('',(8.265992787996E-1,-5.627909312417E-1,0.E0));
#12130=AXIS2_PLACEMENT_3D('',#12127,#12128,#12129);
#12131=PLANE('',#12130);
#12132=ORIENTED_EDGE('',*,*,#10565,.F.);
#12134=ORIENTED_EDGE('',*,*,#12133,.T.);
#12135=ORIENTED_EDGE('',*,*,#11165,.T.);
#12136=ORIENTED_EDGE('',*,*,#12120,.F.);
#12137=EDGE_LOOP('',(#12132,#12134,#12135,#12136));
#12138=FACE_OUTER_BOUND('',#12137,.F.);
#12140=CARTESIAN_POINT('',(-2.179166448116E0,2.457446843386E0,6.E0));
#12141=DIRECTION('',(-2.473834390653E-1,-9.689176611437E-1,0.E0));
#12142=DIRECTION('',(9.689176611437E-1,-2.473834390653E-1,0.E0));
#12143=AXIS2_PLACEMENT_3D('',#12140,#12141,#12142);
#12144=PLANE('',#12143);
#12145=ORIENTED_EDGE('',*,*,#10563,.F.);
#12147=ORIENTED_EDGE('',*,*,#12146,.T.);
#12148=ORIENTED_EDGE('',*,*,#11167,.T.);
#12149=ORIENTED_EDGE('',*,*,#12133,.F.);
#12150=EDGE_LOOP('',(#12145,#12147,#12148,#12149));
#12151=FACE_OUTER_BOUND('',#12150,.F.);
#12153=CARTESIAN_POINT('',(-2.866666448116E0,2.457446843386E0,6.E0));
#12154=DIRECTION('',(0.E0,-1.E0,0.E0));
#12155=DIRECTION('',(1.E0,0.E0,0.E0));
#12156=AXIS2_PLACEMENT_3D('',#12153,#12154,#12155);
#12157=PLANE('',#12156);
#12158=ORIENTED_EDGE('',*,*,#10561,.F.);
#12160=ORIENTED_EDGE('',*,*,#12159,.T.);
#12161=ORIENTED_EDGE('',*,*,#11169,.T.);
#12162=ORIENTED_EDGE('',*,*,#12146,.F.);
#12163=EDGE_LOOP('',(#12158,#12160,#12161,#12162));
#12164=FACE_OUTER_BOUND('',#12163,.F.);
#12166=CARTESIAN_POINT('',(-3.325E0,2.574468106031E0,6.E0));
#12167=DIRECTION('',(-2.473831068378E-1,-9.689177459678E-1,0.E0));
#12168=DIRECTION('',(9.689177459678E-1,-2.473831068378E-1,0.E0));
#12169=AXIS2_PLACEMENT_3D('',#12166,#12167,#12168);
#12170=PLANE('',#12169);
#12171=ORIENTED_EDGE('',*,*,#10559,.F.);
#12173=ORIENTED_EDGE('',*,*,#12172,.T.);
#12174=ORIENTED_EDGE('',*,*,#11171,.T.);
#12175=ORIENTED_EDGE('',*,*,#12159,.F.);
#12176=EDGE_LOOP('',(#12171,#12173,#12174,#12175));
#12177=FACE_OUTER_BOUND('',#12176,.F.);
#12179=CARTESIAN_POINT('',(-3.783333551884E0,2.808510631323E0,6.E0));
#12180=DIRECTION('',(-4.547769415434E-1,-8.906053746977E-1,0.E0));
#12181=DIRECTION('',(8.906053746977E-1,-4.547769415434E-1,0.E0));
#12182=AXIS2_PLACEMENT_3D('',#12179,#12180,#12181);
#12183=PLANE('',#12182);
#12184=ORIENTED_EDGE('',*,*,#10557,.F.);
#12186=ORIENTED_EDGE('',*,*,#12185,.T.);
#12187=ORIENTED_EDGE('',*,*,#11173,.T.);
#12188=ORIENTED_EDGE('',*,*,#12172,.F.);
#12189=EDGE_LOOP('',(#12184,#12186,#12187,#12188));
#12190=FACE_OUTER_BOUND('',#12189,.F.);
#12192=CARTESIAN_POINT('',(-4.241666448116E0,3.276595681906E0,6.E0));
#12193=DIRECTION('',(-7.145107183351E-1,-6.996244945571E-1,0.E0));
#12194=DIRECTION('',(6.996244945571E-1,-7.145107183351E-1,0.E0));
#12195=AXIS2_PLACEMENT_3D('',#12192,#12193,#12194);
#12196=PLANE('',#12195);
#12197=ORIENTED_EDGE('',*,*,#10555,.F.);
#12199=ORIENTED_EDGE('',*,*,#12198,.T.);
#12200=ORIENTED_EDGE('',*,*,#11175,.T.);
#12201=ORIENTED_EDGE('',*,*,#12185,.F.);
#12202=EDGE_LOOP('',(#12197,#12199,#12200,#12201));
#12203=FACE_OUTER_BOUND('',#12202,.F.);
#12205=CARTESIAN_POINT('',(-4.35625E0,3.744680732489E0,6.E0));
#12206=DIRECTION('',(-9.713210491251E-1,-2.377717803411E-1,0.E0));
#12207=DIRECTION('',(2.377717803411E-1,-9.713210491251E-1,0.E0));
#12208=AXIS2_PLACEMENT_3D('',#12205,#12206,#12207);
#12209=PLANE('',#12208);
#12210=ORIENTED_EDGE('',*,*,#10553,.F.);
#12212=ORIENTED_EDGE('',*,*,#12211,.T.);
#12213=ORIENTED_EDGE('',*,*,#11177,.T.);
#12214=ORIENTED_EDGE('',*,*,#12198,.F.);
#12215=EDGE_LOOP('',(#12210,#12212,#12213,#12214));
#12216=FACE_OUTER_BOUND('',#12215,.F.);
#12218=CARTESIAN_POINT('',(-4.35625E0,4.212766110897E0,6.E0));
#12219=DIRECTION('',(-1.E0,0.E0,0.E0));
#12220=DIRECTION('',(0.E0,-1.E0,0.E0));
#12221=AXIS2_PLACEMENT_3D('',#12218,#12219,#12220);
#12222=PLANE('',#12221);
#12223=ORIENTED_EDGE('',*,*,#10551,.F.);
#12225=ORIENTED_EDGE('',*,*,#12224,.T.);
#12226=ORIENTED_EDGE('',*,*,#11179,.T.);
#12227=ORIENTED_EDGE('',*,*,#12211,.F.);
#12228=EDGE_LOOP('',(#12223,#12225,#12226,#12227));
#12229=FACE_OUTER_BOUND('',#12228,.F.);
#12231=CARTESIAN_POINT('',(-4.241666448116E0,4.680851161480E0,6.E0));
#12232=DIRECTION('',(-9.713210491251E-1,2.377717803411E-1,0.E0));
#12233=DIRECTION('',(-2.377717803411E-1,-9.713210491251E-1,0.E0));
#12234=AXIS2_PLACEMENT_3D('',#12231,#12232,#12233);
#12235=PLANE('',#12234);
#12236=ORIENTED_EDGE('',*,*,#10549,.F.);
#12238=ORIENTED_EDGE('',*,*,#12237,.T.);
#12239=ORIENTED_EDGE('',*,*,#11181,.T.);
#12240=ORIENTED_EDGE('',*,*,#12224,.F.);
#12241=EDGE_LOOP('',(#12236,#12238,#12239,#12240));
#12242=FACE_OUTER_BOUND('',#12241,.F.);
#12244=CARTESIAN_POINT('',(-3.783333551884E0,5.148936212063E0,6.E0));
#12245=DIRECTION('',(-7.145107183351E-1,6.996244945571E-1,0.E0));
#12246=DIRECTION('',(-6.996244945571E-1,-7.145107183351E-1,0.E0));
#12247=AXIS2_PLACEMENT_3D('',#12244,#12245,#12246);
#12248=PLANE('',#12247);
#12249=ORIENTED_EDGE('',*,*,#10547,.F.);
#12251=ORIENTED_EDGE('',*,*,#12250,.T.);
#12252=ORIENTED_EDGE('',*,*,#11183,.T.);
#12253=ORIENTED_EDGE('',*,*,#12237,.F.);
#12254=EDGE_LOOP('',(#12249,#12251,#12252,#12253));
#12255=FACE_OUTER_BOUND('',#12254,.F.);
#12257=CARTESIAN_POINT('',(-3.325E0,5.382978737354E0,6.E0));
#12258=DIRECTION('',(-4.547769415434E-1,8.906053746977E-1,0.E0));
#12259=DIRECTION('',(-8.906053746977E-1,-4.547769415434E-1,0.E0));
#12260=AXIS2_PLACEMENT_3D('',#12257,#12258,#12259);
#12261=PLANE('',#12260);
#12262=ORIENTED_EDGE('',*,*,#10545,.F.);
#12264=ORIENTED_EDGE('',*,*,#12263,.T.);
#12265=ORIENTED_EDGE('',*,*,#11185,.T.);
#12266=ORIENTED_EDGE('',*,*,#12250,.F.);
#12267=EDGE_LOOP('',(#12262,#12264,#12265,#12266));
#12268=FACE_OUTER_BOUND('',#12267,.F.);
#12270=CARTESIAN_POINT('',(-2.866666448116E0,5.5E0,6.E0));
#12271=DIRECTION('',(-2.473831068378E-1,9.689177459678E-1,0.E0));
#12272=DIRECTION('',(-9.689177459678E-1,-2.473831068378E-1,0.E0));
#12273=AXIS2_PLACEMENT_3D('',#12270,#12271,#12272);
#12274=PLANE('',#12273);
#12275=ORIENTED_EDGE('',*,*,#10543,.F.);
#12277=ORIENTED_EDGE('',*,*,#12276,.T.);
#12278=ORIENTED_EDGE('',*,*,#11187,.T.);
#12279=ORIENTED_EDGE('',*,*,#12263,.F.);
#12280=EDGE_LOOP('',(#12275,#12277,#12278,#12279));
#12281=FACE_OUTER_BOUND('',#12280,.F.);
#12283=CARTESIAN_POINT('',(-2.29375E0,5.5E0,6.E0));
#12284=DIRECTION('',(0.E0,1.E0,0.E0));
#12285=DIRECTION('',(-1.E0,0.E0,0.E0));
#12286=AXIS2_PLACEMENT_3D('',#12283,#12284,#12285);
#12287=PLANE('',#12286);
#12288=ORIENTED_EDGE('',*,*,#10541,.F.);
#12290=ORIENTED_EDGE('',*,*,#12289,.T.);
#12291=ORIENTED_EDGE('',*,*,#11189,.T.);
#12292=ORIENTED_EDGE('',*,*,#12276,.F.);
#12293=EDGE_LOOP('',(#12288,#12290,#12291,#12292));
#12294=FACE_OUTER_BOUND('',#12293,.F.);
#12296=CARTESIAN_POINT('',(-1.720833551884E0,5.382978737354E0,6.E0));
#12297=DIRECTION('',(2.001234283435E-1,9.797706943097E-1,0.E0));
#12298=DIRECTION('',(-9.797706943097E-1,2.001234283435E-1,0.E0));
#12299=AXIS2_PLACEMENT_3D('',#12296,#12297,#12298);
#12300=PLANE('',#12299);
#12301=ORIENTED_EDGE('',*,*,#10539,.F.);
#12303=ORIENTED_EDGE('',*,*,#12302,.T.);
#12304=ORIENTED_EDGE('',*,*,#11191,.T.);
#12305=ORIENTED_EDGE('',*,*,#12289,.F.);
#12306=EDGE_LOOP('',(#12301,#12303,#12304,#12305));
#12307=FACE_OUTER_BOUND('',#12306,.F.);
#12309=CARTESIAN_POINT('',(-1.2625E0,5.031914949417E0,6.E0));
#12310=DIRECTION('',(6.080766493621E-1,7.938783209665E-1,0.E0));
#12311=DIRECTION('',(-7.938783209665E-1,6.080766493621E-1,0.E0));
#12312=AXIS2_PLACEMENT_3D('',#12309,#12310,#12311);
#12313=PLANE('',#12312);
#12314=ORIENTED_EDGE('',*,*,#10537,.F.);
#12316=ORIENTED_EDGE('',*,*,#12315,.T.);
#12317=ORIENTED_EDGE('',*,*,#11193,.T.);
#12318=ORIENTED_EDGE('',*,*,#12302,.F.);
#12319=EDGE_LOOP('',(#12314,#12316,#12317,#12318));
#12320=FACE_OUTER_BOUND('',#12319,.F.);
#12322=CARTESIAN_POINT('',(-9.1875E-1,4.563829898834E0,6.E0));
#12323=DIRECTION('',(8.060043958311E-1,5.919095487496E-1,0.E0));
#12324=DIRECTION('',(-5.919095487496E-1,8.060043958311E-1,0.E0));
#12325=AXIS2_PLACEMENT_3D('',#12322,#12323,#12324);
#12326=PLANE('',#12325);
#12327=ORIENTED_EDGE('',*,*,#10535,.F.);
#12329=ORIENTED_EDGE('',*,*,#12328,.T.);
#12330=ORIENTED_EDGE('',*,*,#11195,.T.);
#12331=ORIENTED_EDGE('',*,*,#12315,.F.);
#12332=EDGE_LOOP('',(#12327,#12329,#12330,#12331));
#12333=FACE_OUTER_BOUND('',#12332,.F.);
#12335=CARTESIAN_POINT('',(-8.041664481163E-1,4.212766110897E0,6.E0));
#12336=DIRECTION('',(9.506450175458E-1,3.102805998049E-1,0.E0));
#12337=DIRECTION('',(-3.102805998049E-1,9.506450175458E-1,0.E0));
#12338=AXIS2_PLACEMENT_3D('',#12335,#12336,#12337);
#12339=PLANE('',#12338);
#12340=ORIENTED_EDGE('',*,*,#10533,.F.);
#12341=ORIENTED_EDGE('',*,*,#11654,.T.);
#12342=ORIENTED_EDGE('',*,*,#11197,.T.);
#12343=ORIENTED_EDGE('',*,*,#12328,.F.);
#12344=EDGE_LOOP('',(#12340,#12341,#12342,#12343));
#12345=FACE_OUTER_BOUND('',#12344,.F.);
#12347=CARTESIAN_POINT('',(4.695832896233E0,4.212766110897E0,6.E0));
#12348=DIRECTION('',(9.506455412394E-1,3.102789952956E-1,0.E0));
#12349=DIRECTION('',(-3.102789952956E-1,9.506455412394E-1,0.E0));
#12350=AXIS2_PLACEMENT_3D('',#12347,#12348,#12349);
#12351=PLANE('',#12350);
#12352=ORIENTED_EDGE('',*,*,#10641,.F.);
#12354=ORIENTED_EDGE('',*,*,#12353,.T.);
#12355=ORIENTED_EDGE('',*,*,#11207,.T.);
#12357=ORIENTED_EDGE('',*,*,#12356,.F.);
#12358=EDGE_LOOP('',(#12352,#12354,#12355,#12357));
#12359=FACE_OUTER_BOUND('',#12358,.F.);
#12361=CARTESIAN_POINT('',(4.695832896233E0,3.744680732489E0,6.E0));
#12362=DIRECTION('',(1.E0,0.E0,0.E0));
#12363=DIRECTION('',(0.E0,1.E0,0.E0));
#12364=AXIS2_PLACEMENT_3D('',#12361,#12362,#12363);
#12365=PLANE('',#12364);
#12366=ORIENTED_EDGE('',*,*,#10667,.F.);
#12368=ORIENTED_EDGE('',*,*,#12367,.T.);
#12369=ORIENTED_EDGE('',*,*,#11209,.T.);
#12370=ORIENTED_EDGE('',*,*,#12353,.F.);
#12371=EDGE_LOOP('',(#12366,#12368,#12369,#12370));
#12372=FACE_OUTER_BOUND('',#12371,.F.);
#12374=CARTESIAN_POINT('',(4.58125E0,3.393616944551E0,6.E0));
#12375=DIRECTION('',(9.506455412394E-1,-3.102789952956E-1,0.E0));
#12376=DIRECTION('',(3.102789952956E-1,9.506455412394E-1,0.E0));
#12377=AXIS2_PLACEMENT_3D('',#12374,#12375,#12376);
#12378=PLANE('',#12377);
#12379=ORIENTED_EDGE('',*,*,#10665,.F.);
#12381=ORIENTED_EDGE('',*,*,#12380,.T.);
#12382=ORIENTED_EDGE('',*,*,#11211,.T.);
#12383=ORIENTED_EDGE('',*,*,#12367,.F.);
#12384=EDGE_LOOP('',(#12379,#12381,#12382,#12383));
#12385=FACE_OUTER_BOUND('',#12384,.F.);
#12387=CARTESIAN_POINT('',(4.2375E0,2.925531893969E0,6.E0));
#12388=DIRECTION('',(8.060043958311E-1,-5.919095487496E-1,0.E0));
#12389=DIRECTION('',(5.919095487496E-1,8.060043958311E-1,0.E0));
#12390=AXIS2_PLACEMENT_3D('',#12387,#12388,#12389);
#12391=PLANE('',#12390);
#12392=ORIENTED_EDGE('',*,*,#10663,.F.);
#12394=ORIENTED_EDGE('',*,*,#12393,.T.);
#12395=ORIENTED_EDGE('',*,*,#11213,.T.);
#12396=ORIENTED_EDGE('',*,*,#12380,.F.);
#12397=EDGE_LOOP('',(#12392,#12394,#12395,#12396));
#12398=FACE_OUTER_BOUND('',#12397,.F.);
#12400=CARTESIAN_POINT('',(3.779167103767E0,2.574468106031E0,6.E0));
#12401=DIRECTION('',(6.080771975856E-1,-7.938779010506E-1,0.E0));
#12402=DIRECTION('',(7.938779010506E-1,6.080771975856E-1,0.E0));
#12403=AXIS2_PLACEMENT_3D('',#12400,#12401,#12402);
#12404=PLANE('',#12403);
#12405=ORIENTED_EDGE('',*,*,#10661,.F.);
#12407=ORIENTED_EDGE('',*,*,#12406,.T.);
#12408=ORIENTED_EDGE('',*,*,#11215,.T.);
#12409=ORIENTED_EDGE('',*,*,#12393,.F.);
#12410=EDGE_LOOP('',(#12405,#12407,#12408,#12409));
#12411=FACE_OUTER_BOUND('',#12410,.F.);
#12413=CARTESIAN_POINT('',(3.20625E0,2.457446843386E0,6.E0));
#12414=DIRECTION('',(2.001232084928E-1,-9.797707392153E-1,0.E0));
#12415=DIRECTION('',(9.797707392153E-1,2.001232084928E-1,0.E0));
#12416=AXIS2_PLACEMENT_3D('',#12413,#12414,#12415);
#12417=PLANE('',#12416);
#12418=ORIENTED_EDGE('',*,*,#10659,.F.);
#12420=ORIENTED_EDGE('',*,*,#12419,.T.);
#12421=ORIENTED_EDGE('',*,*,#11217,.T.);
#12422=ORIENTED_EDGE('',*,*,#12406,.F.);
#12423=EDGE_LOOP('',(#12418,#12420,#12421,#12422));
#12424=FACE_OUTER_BOUND('',#12423,.F.);
#12426=CARTESIAN_POINT('',(1.14375E0,2.457446843386E0,6.E0));
#12427=DIRECTION('',(0.E0,-1.E0,0.E0));
#12428=DIRECTION('',(1.E0,0.E0,0.E0));
#12429=AXIS2_PLACEMENT_3D('',#12426,#12427,#12428);
#12430=PLANE('',#12429);
#12431=ORIENTED_EDGE('',*,*,#10657,.F.);
#12433=ORIENTED_EDGE('',*,*,#12432,.T.);
#12434=ORIENTED_EDGE('',*,*,#11219,.T.);
#12435=ORIENTED_EDGE('',*,*,#12419,.F.);
#12436=EDGE_LOOP('',(#12431,#12433,#12434,#12435));
#12437=FACE_OUTER_BOUND('',#12436,.F.);
#12439=CARTESIAN_POINT('',(1.14375E0,0.E0,6.E0));
#12440=DIRECTION('',(1.E0,0.E0,0.E0));
#12441=DIRECTION('',(0.E0,1.E0,0.E0));
#12442=AXIS2_PLACEMENT_3D('',#12439,#12440,#12441);
#12443=PLANE('',#12442);
#12444=ORIENTED_EDGE('',*,*,#10655,.F.);
#12446=ORIENTED_EDGE('',*,*,#12445,.T.);
#12447=ORIENTED_EDGE('',*,*,#11221,.T.);
#12448=ORIENTED_EDGE('',*,*,#12432,.F.);
#12449=EDGE_LOOP('',(#12444,#12446,#12447,#12448));
#12450=FACE_OUTER_BOUND('',#12449,.F.);
#12452=CARTESIAN_POINT('',(4.5625E-1,0.E0,6.E0));
#12453=DIRECTION('',(0.E0,-1.E0,0.E0));
#12454=DIRECTION('',(1.E0,0.E0,0.E0));
#12455=AXIS2_PLACEMENT_3D('',#12452,#12453,#12454);
#12456=PLANE('',#12455);
#12457=ORIENTED_EDGE('',*,*,#10653,.F.);
#12459=ORIENTED_EDGE('',*,*,#12458,.T.);
#12460=ORIENTED_EDGE('',*,*,#11223,.T.);
#12461=ORIENTED_EDGE('',*,*,#12445,.F.);
#12462=EDGE_LOOP('',(#12457,#12459,#12460,#12461));
#12463=FACE_OUTER_BOUND('',#12462,.F.);
#12465=CARTESIAN_POINT('',(4.5625E-1,5.5E0,6.E0));
#12466=DIRECTION('',(-1.E0,0.E0,0.E0));
#12467=DIRECTION('',(0.E0,-1.E0,0.E0));
#12468=AXIS2_PLACEMENT_3D('',#12465,#12466,#12467);
#12469=PLANE('',#12468);
#12470=ORIENTED_EDGE('',*,*,#10651,.F.);
#12472=ORIENTED_EDGE('',*,*,#12471,.T.);
#12473=ORIENTED_EDGE('',*,*,#11225,.T.);
#12474=ORIENTED_EDGE('',*,*,#12458,.F.);
#12475=EDGE_LOOP('',(#12470,#12472,#12473,#12474));
#12476=FACE_OUTER_BOUND('',#12475,.F.);
#12478=CARTESIAN_POINT('',(3.20625E0,5.5E0,6.E0));
#12479=DIRECTION('',(0.E0,1.E0,0.E0));
#12480=DIRECTION('',(-1.E0,0.E0,0.E0));
#12481=AXIS2_PLACEMENT_3D('',#12478,#12479,#12480);
#12482=PLANE('',#12481);
#12483=ORIENTED_EDGE('',*,*,#10649,.F.);
#12485=ORIENTED_EDGE('',*,*,#12484,.T.);
#12486=ORIENTED_EDGE('',*,*,#11227,.T.);
#12487=ORIENTED_EDGE('',*,*,#12471,.F.);
#12488=EDGE_LOOP('',(#12483,#12485,#12486,#12487));
#12489=FACE_OUTER_BOUND('',#12488,.F.);
#12491=CARTESIAN_POINT('',(3.779167103767E0,5.382978737354E0,6.E0));
#12492=DIRECTION('',(2.001232084928E-1,9.797707392153E-1,0.E0));
#12493=DIRECTION('',(-9.797707392153E-1,2.001232084928E-1,0.E0));
#12494=AXIS2_PLACEMENT_3D('',#12491,#12492,#12493);
#12495=PLANE('',#12494);
#12496=ORIENTED_EDGE('',*,*,#10647,.F.);
#12498=ORIENTED_EDGE('',*,*,#12497,.T.);
#12499=ORIENTED_EDGE('',*,*,#11229,.T.);
#12500=ORIENTED_EDGE('',*,*,#12484,.F.);
#12501=EDGE_LOOP('',(#12496,#12498,#12499,#12500));
#12502=FACE_OUTER_BOUND('',#12501,.F.);
#12504=CARTESIAN_POINT('',(4.2375E0,5.031914949417E0,6.E0));
#12505=DIRECTION('',(6.080771975856E-1,7.938779010506E-1,0.E0));
#12506=DIRECTION('',(-7.938779010506E-1,6.080771975856E-1,0.E0));
#12507=AXIS2_PLACEMENT_3D('',#12504,#12505,#12506);
#12508=PLANE('',#12507);
#12509=ORIENTED_EDGE('',*,*,#10645,.F.);
#12511=ORIENTED_EDGE('',*,*,#12510,.T.);
#12512=ORIENTED_EDGE('',*,*,#11231,.T.);
#12513=ORIENTED_EDGE('',*,*,#12497,.F.);
#12514=EDGE_LOOP('',(#12509,#12511,#12512,#12513));
#12515=FACE_OUTER_BOUND('',#12514,.F.);
#12517=CARTESIAN_POINT('',(4.58125E0,4.563829898834E0,6.E0));
#12518=DIRECTION('',(8.060043958311E-1,5.919095487496E-1,0.E0));
#12519=DIRECTION('',(-5.919095487496E-1,8.060043958311E-1,0.E0));
#12520=AXIS2_PLACEMENT_3D('',#12517,#12518,#12519);
#12521=PLANE('',#12520);
#12522=ORIENTED_EDGE('',*,*,#10643,.F.);
#12523=ORIENTED_EDGE('',*,*,#12356,.T.);
#12524=ORIENTED_EDGE('',*,*,#11233,.T.);
#12525=ORIENTED_EDGE('',*,*,#12510,.F.);
#12526=EDGE_LOOP('',(#12522,#12523,#12524,#12525));
#12527=FACE_OUTER_BOUND('',#12526,.F.);
#12529=CARTESIAN_POINT('',(3.320832896233E0,3.159574419260E0,6.E0));
#12530=DIRECTION('',(0.E0,1.E0,0.E0));
#12531=DIRECTION('',(-1.E0,0.E0,0.E0));
#12532=AXIS2_PLACEMENT_3D('',#12529,#12530,#12531);
#12533=PLANE('',#12532);
#12534=ORIENTED_EDGE('',*,*,#10436,.F.);
#12536=ORIENTED_EDGE('',*,*,#12535,.T.);
#12537=ORIENTED_EDGE('',*,*,#11237,.T.);
#12539=ORIENTED_EDGE('',*,*,#12538,.F.);
#12540=EDGE_LOOP('',(#12534,#12536,#12537,#12539));
#12541=FACE_OUTER_BOUND('',#12540,.F.);
#12543=CARTESIAN_POINT('',(3.664582896233E0,3.276595681906E0,6.E0));
#12544=DIRECTION('',(-3.222637633772E-1,9.466499177700E-1,0.E0));
#12545=DIRECTION('',(-9.466499177700E-1,-3.222637633772E-1,0.E0));
#12546=AXIS2_PLACEMENT_3D('',#12543,#12544,#12545);
#12547=PLANE('',#12546);
#12548=ORIENTED_EDGE('',*,*,#10454,.F.);
#12550=ORIENTED_EDGE('',*,*,#12549,.T.);
#12551=ORIENTED_EDGE('',*,*,#11239,.T.);
#12552=ORIENTED_EDGE('',*,*,#12535,.F.);
#12553=EDGE_LOOP('',(#12548,#12550,#12551,#12552));
#12554=FACE_OUTER_BOUND('',#12553,.F.);
#12556=CARTESIAN_POINT('',(3.89375E0,3.510638207197E0,6.E0));
#12557=DIRECTION('',(-7.145097177357E-1,6.996255164452E-1,0.E0));
#12558=DIRECTION('',(-6.996255164452E-1,-7.145097177357E-1,0.E0));
#12559=AXIS2_PLACEMENT_3D('',#12556,#12557,#12558);
#12560=PLANE('',#12559);
#12561=ORIENTED_EDGE('',*,*,#10452,.F.);
#12563=ORIENTED_EDGE('',*,*,#12562,.T.);
#12564=ORIENTED_EDGE('',*,*,#11241,.T.);
#12565=ORIENTED_EDGE('',*,*,#12549,.F.);
#12566=EDGE_LOOP('',(#12561,#12563,#12564,#12565));
#12567=FACE_OUTER_BOUND('',#12566,.F.);
#12569=CARTESIAN_POINT('',(4.008332896233E0,3.861701995134E0,6.E0));
#12570=DIRECTION('',(-9.506455412394E-1,3.102789952956E-1,0.E0));
#12571=DIRECTION('',(-3.102789952956E-1,-9.506455412394E-1,0.E0));
#12572=AXIS2_PLACEMENT_3D('',#12569,#12570,#12571);
#12573=PLANE('',#12572);
#12574=ORIENTED_EDGE('',*,*,#10450,.F.);
#12576=ORIENTED_EDGE('',*,*,#12575,.T.);
#12577=ORIENTED_EDGE('',*,*,#11243,.T.);
#12578=ORIENTED_EDGE('',*,*,#12562,.F.);
#12579=EDGE_LOOP('',(#12574,#12576,#12577,#12578));
#12580=FACE_OUTER_BOUND('',#12579,.F.);
#12582=CARTESIAN_POINT('',(4.008332896233E0,4.212766110897E0,6.E0));
#12583=DIRECTION('',(-1.E0,0.E0,0.E0));
#12584=DIRECTION('',(0.E0,-1.E0,0.E0));
#12585=AXIS2_PLACEMENT_3D('',#12582,#12583,#12584);
#12586=PLANE('',#12585);
#12587=ORIENTED_EDGE('',*,*,#10448,.F.);
#12589=ORIENTED_EDGE('',*,*,#12588,.T.);
#12590=ORIENTED_EDGE('',*,*,#11245,.T.);
#12591=ORIENTED_EDGE('',*,*,#12575,.F.);
#12592=EDGE_LOOP('',(#12587,#12589,#12590,#12591));
#12593=FACE_OUTER_BOUND('',#12592,.F.);
#12595=CARTESIAN_POINT('',(3.89375E0,4.563829898834E0,6.E0));
#12596=DIRECTION('',(-9.506455412394E-1,-3.102789952956E-1,0.E0));
#12597=DIRECTION('',(3.102789952956E-1,-9.506455412394E-1,0.E0));
#12598=AXIS2_PLACEMENT_3D('',#12595,#12596,#12597);
#12599=PLANE('',#12598);
#12600=ORIENTED_EDGE('',*,*,#10446,.F.);
#12602=ORIENTED_EDGE('',*,*,#12601,.T.);
#12603=ORIENTED_EDGE('',*,*,#11247,.T.);
#12604=ORIENTED_EDGE('',*,*,#12588,.F.);
#12605=EDGE_LOOP('',(#12600,#12602,#12603,#12604));
#12606=FACE_OUTER_BOUND('',#12605,.F.);
#12608=CARTESIAN_POINT('',(3.664582896233E0,4.797872424126E0,6.E0));
#12609=DIRECTION('',(-7.145097177357E-1,-6.996255164452E-1,0.E0));
#12610=DIRECTION('',(6.996255164452E-1,-7.145097177357E-1,0.E0));
#12611=AXIS2_PLACEMENT_3D('',#12608,#12609,#12610);
#12612=PLANE('',#12611);
#12613=ORIENTED_EDGE('',*,*,#10444,.F.);
#12615=ORIENTED_EDGE('',*,*,#12614,.T.);
#12616=ORIENTED_EDGE('',*,*,#11249,.T.);
#12617=ORIENTED_EDGE('',*,*,#12601,.F.);
#12618=EDGE_LOOP('',(#12613,#12615,#12616,#12617));
#12619=FACE_OUTER_BOUND('',#12618,.F.);
#12621=CARTESIAN_POINT('',(3.320832896233E0,4.914893686771E0,6.E0));
#12622=DIRECTION('',(-3.222637633772E-1,-9.466499177700E-1,0.E0));
#12623=DIRECTION('',(9.466499177700E-1,-3.222637633772E-1,0.E0));
#12624=AXIS2_PLACEMENT_3D('',#12621,#12622,#12623);
#12625=PLANE('',#12624);
#12626=ORIENTED_EDGE('',*,*,#10442,.F.);
#12628=ORIENTED_EDGE('',*,*,#12627,.T.);
#12629=ORIENTED_EDGE('',*,*,#11251,.T.);
#12630=ORIENTED_EDGE('',*,*,#12614,.F.);
#12631=EDGE_LOOP('',(#12626,#12628,#12629,#12630));
#12632=FACE_OUTER_BOUND('',#12631,.F.);
#12634=CARTESIAN_POINT('',(1.14375E0,4.914893686771E0,6.E0));
#12635=DIRECTION('',(0.E0,-1.E0,0.E0));
#12636=DIRECTION('',(1.E0,0.E0,0.E0));
#12637=AXIS2_PLACEMENT_3D('',#12634,#12635,#12636);
#12638=PLANE('',#12637);
#12639=ORIENTED_EDGE('',*,*,#10440,.F.);
#12641=ORIENTED_EDGE('',*,*,#12640,.T.);
#12642=ORIENTED_EDGE('',*,*,#11253,.T.);
#12643=ORIENTED_EDGE('',*,*,#12627,.F.);
#12644=EDGE_LOOP('',(#12639,#12641,#12642,#12643));
#12645=FACE_OUTER_BOUND('',#12644,.F.);
#12647=CARTESIAN_POINT('',(1.14375E0,3.159574419260E0,6.E0));
#12648=DIRECTION('',(1.E0,0.E0,0.E0));
#12649=DIRECTION('',(0.E0,1.E0,0.E0));
#12650=AXIS2_PLACEMENT_3D('',#12647,#12648,#12649);
#12651=PLANE('',#12650);
#12652=ORIENTED_EDGE('',*,*,#10438,.F.);
#12653=ORIENTED_EDGE('',*,*,#12538,.T.);
#12654=ORIENTED_EDGE('',*,*,#11255,.T.);
#12655=ORIENTED_EDGE('',*,*,#12640,.F.);
#12656=EDGE_LOOP('',(#12652,#12653,#12654,#12655));
#12657=FACE_OUTER_BOUND('',#12656,.F.);
#12659=CARTESIAN_POINT('',(9.7375E0,7.021276578307E-1,6.E0));
#12660=DIRECTION('',(0.E0,1.E0,0.E0));
#12661=DIRECTION('',(-1.E0,0.E0,0.E0));
#12662=AXIS2_PLACEMENT_3D('',#12659,#12660,#12661);
#12663=PLANE('',#12662);
#12664=ORIENTED_EDGE('',*,*,#10671,.F.);
#12666=ORIENTED_EDGE('',*,*,#12665,.T.);
#12667=ORIENTED_EDGE('',*,*,#11265,.T.);
#12669=ORIENTED_EDGE('',*,*,#12668,.F.);
#12670=EDGE_LOOP('',(#12664,#12666,#12667,#12669));
#12671=FACE_OUTER_BOUND('',#12670,.F.);
#12673=CARTESIAN_POINT('',(9.7375E0,0.E0,6.E0));
#12674=DIRECTION('',(1.E0,0.E0,0.E0));
#12675=DIRECTION('',(0.E0,1.E0,0.E0));
#12676=AXIS2_PLACEMENT_3D('',#12673,#12674,#12675);
#12677=PLANE('',#12676);
#12678=ORIENTED_EDGE('',*,*,#10693,.F.);
#12680=ORIENTED_EDGE('',*,*,#12679,.T.);
#12681=ORIENTED_EDGE('',*,*,#11267,.T.);
#12682=ORIENTED_EDGE('',*,*,#12665,.F.);
#12683=EDGE_LOOP('',(#12678,#12680,#12681,#12682));
#12684=FACE_OUTER_BOUND('',#12683,.F.);
#12686=CARTESIAN_POINT('',(5.6125E0,0.E0,6.E0));
#12687=DIRECTION('',(0.E0,-1.E0,0.E0));
#12688=DIRECTION('',(1.E0,0.E0,0.E0));
#12689=AXIS2_PLACEMENT_3D('',#12686,#12687,#12688);
#12690=PLANE('',#12689);
#12691=ORIENTED_EDGE('',*,*,#10691,.F.);
#12693=ORIENTED_EDGE('',*,*,#12692,.T.);
#12694=ORIENTED_EDGE('',*,*,#11269,.T.);
#12695=ORIENTED_EDGE('',*,*,#12679,.F.);
#12696=EDGE_LOOP('',(#12691,#12693,#12694,#12695));
#12697=FACE_OUTER_BOUND('',#12696,.F.);
#12699=CARTESIAN_POINT('',(5.6125E0,5.5E0,6.E0));
#12700=DIRECTION('',(-1.E0,0.E0,0.E0));
#12701=DIRECTION('',(0.E0,-1.E0,0.E0));
#12702=AXIS2_PLACEMENT_3D('',#12699,#12700,#12701);
#12703=PLANE('',#12702);
#12704=ORIENTED_EDGE('',*,*,#10689,.F.);
#12706=ORIENTED_EDGE('',*,*,#12705,.T.);
#12707=ORIENTED_EDGE('',*,*,#11271,.T.);
#12708=ORIENTED_EDGE('',*,*,#12692,.F.);
#12709=EDGE_LOOP('',(#12704,#12706,#12707,#12708));
#12710=FACE_OUTER_BOUND('',#12709,.F.);
#12712=CARTESIAN_POINT('',(9.7375E0,5.5E0,6.E0));
#12713=DIRECTION('',(0.E0,1.E0,0.E0));
#12714=DIRECTION('',(-1.E0,0.E0,0.E0));
#12715=AXIS2_PLACEMENT_3D('',#12712,#12713,#12714);
#12716=PLANE('',#12715);
#12717=ORIENTED_EDGE('',*,*,#10687,.F.);
#12719=ORIENTED_EDGE('',*,*,#12718,.T.);
#12720=ORIENTED_EDGE('',*,*,#11273,.T.);
#12721=ORIENTED_EDGE('',*,*,#12705,.F.);
#12722=EDGE_LOOP('',(#12717,#12719,#12720,#12721));
#12723=FACE_OUTER_BOUND('',#12722,.F.);
#12725=CARTESIAN_POINT('',(9.7375E0,4.797872424126E0,6.E0));
#12726=DIRECTION('',(1.E0,0.E0,0.E0));
#12727=DIRECTION('',(0.E0,1.E0,0.E0));
#12728=AXIS2_PLACEMENT_3D('',#12725,#12726,#12727);
#12729=PLANE('',#12728);
#12730=ORIENTED_EDGE('',*,*,#10685,.F.);
#12732=ORIENTED_EDGE('',*,*,#12731,.T.);
#12733=ORIENTED_EDGE('',*,*,#11275,.T.);
#12734=ORIENTED_EDGE('',*,*,#12718,.F.);
#12735=EDGE_LOOP('',(#12730,#12732,#12733,#12734));
#12736=FACE_OUTER_BOUND('',#12735,.F.);
#12738=CARTESIAN_POINT('',(6.3E0,4.797872424126E0,6.E0));
#12739=DIRECTION('',(0.E0,-1.E0,0.E0));
#12740=DIRECTION('',(1.E0,0.E0,0.E0));
#12741=AXIS2_PLACEMENT_3D('',#12738,#12739,#12740);
#12742=PLANE('',#12741);
#12743=ORIENTED_EDGE('',*,*,#10683,.F.);
#12745=ORIENTED_EDGE('',*,*,#12744,.T.);
#12746=ORIENTED_EDGE('',*,*,#11277,.T.);
#12747=ORIENTED_EDGE('',*,*,#12731,.F.);
#12748=EDGE_LOOP('',(#12743,#12745,#12746,#12747));
#12749=FACE_OUTER_BOUND('',#12748,.F.);
#12751=CARTESIAN_POINT('',(6.3E0,3.276595681906E0,6.E0));
#12752=DIRECTION('',(1.E0,0.E0,0.E0));
#12753=DIRECTION('',(0.E0,1.E0,0.E0));
#12754=AXIS2_PLACEMENT_3D('',#12751,#12752,#12753);
#12755=PLANE('',#12754);
#12756=ORIENTED_EDGE('',*,*,#10681,.F.);
#12758=ORIENTED_EDGE('',*,*,#12757,.T.);
#12759=ORIENTED_EDGE('',*,*,#11279,.T.);
#12760=ORIENTED_EDGE('',*,*,#12744,.F.);
#12761=EDGE_LOOP('',(#12756,#12758,#12759,#12760));
#12762=FACE_OUTER_BOUND('',#12761,.F.);
#12764=CARTESIAN_POINT('',(9.279167103767E0,3.276595681906E0,6.E0));
#12765=DIRECTION('',(0.E0,1.E0,0.E0));
#12766=DIRECTION('',(-1.E0,0.E0,0.E0));
#12767=AXIS2_PLACEMENT_3D('',#12764,#12765,#12766);
#12768=PLANE('',#12767);
#12769=ORIENTED_EDGE('',*,*,#10679,.F.);
#12771=ORIENTED_EDGE('',*,*,#12770,.T.);
#12772=ORIENTED_EDGE('',*,*,#11281,.T.);
#12773=ORIENTED_EDGE('',*,*,#12757,.F.);
#12774=EDGE_LOOP('',(#12769,#12771,#12772,#12773));
#12775=FACE_OUTER_BOUND('',#12774,.F.);
#12777=CARTESIAN_POINT('',(9.279167103767E0,2.574468106031E0,6.E0));
#12778=DIRECTION('',(1.E0,0.E0,0.E0));
#12779=DIRECTION('',(0.E0,1.E0,0.E0));
#12780=AXIS2_PLACEMENT_3D('',#12777,#12778,#12779);
#12781=PLANE('',#12780);
#12782=ORIENTED_EDGE('',*,*,#10677,.F.);
#12784=ORIENTED_EDGE('',*,*,#12783,.T.);
#12785=ORIENTED_EDGE('',*,*,#11283,.T.);
#12786=ORIENTED_EDGE('',*,*,#12770,.F.);
#12787=EDGE_LOOP('',(#12782,#12784,#12785,#12786));
#12788=FACE_OUTER_BOUND('',#12787,.F.);
#12790=CARTESIAN_POINT('',(6.3E0,2.574468106031E0,6.E0));
#12791=DIRECTION('',(0.E0,-1.E0,0.E0));
#12792=DIRECTION('',(1.E0,0.E0,0.E0));
#12793=AXIS2_PLACEMENT_3D('',#12790,#12791,#12792);
#12794=PLANE('',#12793);
#12795=ORIENTED_EDGE('',*,*,#10675,.F.);
#12797=ORIENTED_EDGE('',*,*,#12796,.T.);
#12798=ORIENTED_EDGE('',*,*,#11285,.T.);
#12799=ORIENTED_EDGE('',*,*,#12783,.F.);
#12800=EDGE_LOOP('',(#12795,#12797,#12798,#12799));
#12801=FACE_OUTER_BOUND('',#12800,.F.);
#12803=CARTESIAN_POINT('',(6.3E0,7.021276578307E-1,6.E0));
#12804=DIRECTION('',(1.E0,0.E0,0.E0));
#12805=DIRECTION('',(0.E0,1.E0,0.E0));
#12806=AXIS2_PLACEMENT_3D('',#12803,#12804,#12805);
#12807=PLANE('',#12806);
#12808=ORIENTED_EDGE('',*,*,#10673,.F.);
#12809=ORIENTED_EDGE('',*,*,#12668,.T.);
#12810=ORIENTED_EDGE('',*,*,#11287,.T.);
#12811=ORIENTED_EDGE('',*,*,#12796,.F.);
#12812=EDGE_LOOP('',(#12808,#12809,#12810,#12811));
#12813=FACE_OUTER_BOUND('',#12812,.F.);
#12815=CARTESIAN_POINT('',(-7.95E0,-5.171276585758E0,6.E0));
#12816=DIRECTION('',(-1.E0,0.E0,0.E0));
#12817=DIRECTION('',(0.E0,-1.E0,0.E0));
#12818=AXIS2_PLACEMENT_3D('',#12815,#12816,#12817);
#12819=PLANE('',#12818);
#12820=ORIENTED_EDGE('',*,*,#10697,.F.);
#12822=ORIENTED_EDGE('',*,*,#12821,.T.);
#12823=ORIENTED_EDGE('',*,*,#11297,.T.);
#12825=ORIENTED_EDGE('',*,*,#12824,.F.);
#12826=EDGE_LOOP('',(#12820,#12822,#12823,#12825));
#12827=FACE_OUTER_BOUND('',#12826,.F.);
#12829=CARTESIAN_POINT('',(-5.325000089407E0,-2.777659648657E0,6.E0));
#12830=DIRECTION('',(-6.737899277363E-1,7.389229549020E-1,0.E0));
#12831=DIRECTION('',(-7.389229549020E-1,-6.737899277363E-1,0.E0));
#12832=AXIS2_PLACEMENT_3D('',#12829,#12830,#12831);
#12833=PLANE('',#12832);
#12834=ORIENTED_EDGE('',*,*,#10751,.F.);
#12836=ORIENTED_EDGE('',*,*,#12835,.T.);
#12837=ORIENTED_EDGE('',*,*,#11299,.T.);
#12838=ORIENTED_EDGE('',*,*,#12821,.F.);
#12839=EDGE_LOOP('',(#12834,#12836,#12837,#12838));
#12840=FACE_OUTER_BOUND('',#12839,.F.);
#12842=CARTESIAN_POINT('',(-5.1375E0,-2.394680970907E0,6.E0));
#12843=DIRECTION('',(-8.981380143666E-1,4.397136649566E-1,0.E0));
#12844=DIRECTION('',(-4.397136649566E-1,-8.981380143666E-1,0.E0));
#12845=AXIS2_PLACEMENT_3D('',#12842,#12843,#12844);
#12846=PLANE('',#12845);
#12847=ORIENTED_EDGE('',*,*,#10749,.F.);
#12849=ORIENTED_EDGE('',*,*,#12848,.T.);
#12850=ORIENTED_EDGE('',*,*,#11301,.T.);
#12851=ORIENTED_EDGE('',*,*,#12835,.F.);
#12852=EDGE_LOOP('',(#12847,#12849,#12850,#12851));
#12853=FACE_OUTER_BOUND('',#12852,.F.);
#12855=CARTESIAN_POINT('',(-5.1375E0,-2.203191363811E0,6.E0));
#12856=DIRECTION('',(-1.E0,0.E0,0.E0));
#12857=DIRECTION('',(0.E0,-1.E0,0.E0));
#12858=AXIS2_PLACEMENT_3D('',#12855,#12856,#12857);
#12859=PLANE('',#12858);
#12860=ORIENTED_EDGE('',*,*,#10747,.F.);
#12862=ORIENTED_EDGE('',*,*,#12861,.T.);
#12863=ORIENTED_EDGE('',*,*,#11303,.T.);
#12864=ORIENTED_EDGE('',*,*,#12848,.F.);
#12865=EDGE_LOOP('',(#12860,#12862,#12863,#12864));
#12866=FACE_OUTER_BOUND('',#12865,.F.);
#12868=CARTESIAN_POINT('',(-5.325000089407E0,-1.915957355499E0,6.E0));
#12869=DIRECTION('',(-8.373790012342E-1,-5.466227293958E-1,0.E0));
#12870=DIRECTION('',(5.466227293958E-1,-8.373790012342E-1,0.E0));
#12871=AXIS2_PLACEMENT_3D('',#12868,#12869,#12870);
#12872=PLANE('',#12871);
#12873=ORIENTED_EDGE('',*,*,#10745,.F.);
#12875=ORIENTED_EDGE('',*,*,#12874,.T.);
#12876=ORIENTED_EDGE('',*,*,#11305,.T.);
#12877=ORIENTED_EDGE('',*,*,#12861,.F.);
#12878=EDGE_LOOP('',(#12873,#12875,#12876,#12877));
#12879=FACE_OUTER_BOUND('',#12878,.F.);
#12881=CARTESIAN_POINT('',(-5.606250089407E0,-1.724468016624E0,6.E0));
#12882=DIRECTION('',(-5.627909312417E-1,-8.265992787996E-1,0.E0));
#12883=DIRECTION('',(8.265992787996E-1,-5.627909312417E-1,0.E0));
#12884=AXIS2_PLACEMENT_3D('',#12881,#12882,#12883);
#12885=PLANE('',#12884);
#12886=ORIENTED_EDGE('',*,*,#10743,.F.);
#12888=ORIENTED_EDGE('',*,*,#12887,.T.);
#12889=ORIENTED_EDGE('',*,*,#11307,.T.);
#12890=ORIENTED_EDGE('',*,*,#12874,.F.);
#12891=EDGE_LOOP('',(#12886,#12888,#12889,#12890));
#12892=FACE_OUTER_BOUND('',#12891,.F.);
#12894=CARTESIAN_POINT('',(-6.075000044703E0,-1.628723347187E0,6.E0));
#12895=DIRECTION('',(-2.001233733807E-1,-9.797707055361E-1,0.E0));
#12896=DIRECTION('',(9.797707055361E-1,-2.001233733807E-1,0.E0));
#12897=AXIS2_PLACEMENT_3D('',#12894,#12895,#12896);
#12898=PLANE('',#12897);
#12899=ORIENTED_EDGE('',*,*,#10741,.F.);
#12901=ORIENTED_EDGE('',*,*,#12900,.T.);
#12902=ORIENTED_EDGE('',*,*,#11309,.T.);
#12903=ORIENTED_EDGE('',*,*,#12887,.F.);
#12904=EDGE_LOOP('',(#12899,#12901,#12902,#12903));
#12905=FACE_OUTER_BOUND('',#12904,.F.);
#12907=CARTESIAN_POINT('',(-6.449999955297E0,-1.628723347187E0,6.E0));
#12908=DIRECTION('',(0.E0,-1.E0,0.E0));
#12909=DIRECTION('',(1.E0,0.E0,0.E0));
#12910=AXIS2_PLACEMENT_3D('',#12907,#12908,#12909);
#12911=PLANE('',#12910);
#12912=ORIENTED_EDGE('',*,*,#10739,.F.);
#12914=ORIENTED_EDGE('',*,*,#12913,.T.);
#12915=ORIENTED_EDGE('',*,*,#11311,.T.);
#12916=ORIENTED_EDGE('',*,*,#12900,.F.);
#12917=EDGE_LOOP('',(#12912,#12914,#12915,#12916));
#12918=FACE_OUTER_BOUND('',#12917,.F.);
#12920=CARTESIAN_POINT('',(-6.918749977648E0,-1.724468016624E0,6.E0));
#12921=DIRECTION('',(2.001233458994E-1,-9.797707111493E-1,0.E0));
#12922=DIRECTION('',(9.797707111493E-1,2.001233458994E-1,0.E0));
#12923=AXIS2_PLACEMENT_3D('',#12920,#12921,#12922);
#12924=PLANE('',#12923);
#12925=ORIENTED_EDGE('',*,*,#10737,.F.);
#12927=ORIENTED_EDGE('',*,*,#12926,.T.);
#12928=ORIENTED_EDGE('',*,*,#11313,.T.);
#12929=ORIENTED_EDGE('',*,*,#12913,.F.);
#12930=EDGE_LOOP('',(#12925,#12927,#12928,#12929));
#12931=FACE_OUTER_BOUND('',#12930,.F.);
#12933=CARTESIAN_POINT('',(-7.199999977648E0,-1.915957355499E0,6.E0));
#12934=DIRECTION('',(5.627909312417E-1,-8.265992787996E-1,0.E0));
#12935=DIRECTION('',(8.265992787996E-1,5.627909312417E-1,0.E0));
#12936=AXIS2_PLACEMENT_3D('',#12933,#12934,#12935);
#12937=PLANE('',#12936);
#12938=ORIENTED_EDGE('',*,*,#10735,.F.);
#12940=ORIENTED_EDGE('',*,*,#12939,.T.);
#12941=ORIENTED_EDGE('',*,*,#11315,.T.);
#12942=ORIENTED_EDGE('',*,*,#12926,.F.);
#12943=EDGE_LOOP('',(#12938,#12940,#12941,#12942));
#12944=FACE_OUTER_BOUND('',#12943,.F.);
#12946=CARTESIAN_POINT('',(-7.3875E0,-2.203191363811E0,6.E0));
#12947=DIRECTION('',(8.373790907147E-1,-5.466225923193E-1,0.E0));
#12948=DIRECTION('',(5.466225923193E-1,8.373790907147E-1,0.E0));
#12949=AXIS2_PLACEMENT_3D('',#12946,#12947,#12948);
#12950=PLANE('',#12949);
#12951=ORIENTED_EDGE('',*,*,#10733,.F.);
#12953=ORIENTED_EDGE('',*,*,#12952,.T.);
#12954=ORIENTED_EDGE('',*,*,#11317,.T.);
#12955=ORIENTED_EDGE('',*,*,#12939,.F.);
#12956=EDGE_LOOP('',(#12951,#12953,#12954,#12955));
#12957=FACE_OUTER_BOUND('',#12956,.F.);
#12959=CARTESIAN_POINT('',(-7.856249997206E0,-2.203191363811E0,6.E0));
#12960=DIRECTION('',(0.E0,-1.E0,0.E0));
#12961=DIRECTION('',(1.E0,0.E0,0.E0));
#12962=AXIS2_PLACEMENT_3D('',#12959,#12960,#12961);
#12963=PLANE('',#12962);
#12964=ORIENTED_EDGE('',*,*,#10731,.F.);
#12966=ORIENTED_EDGE('',*,*,#12965,.T.);
#12967=ORIENTED_EDGE('',*,*,#11319,.T.);
#12968=ORIENTED_EDGE('',*,*,#12952,.F.);
#12969=EDGE_LOOP('',(#12964,#12966,#12967,#12968));
#12970=FACE_OUTER_BOUND('',#12969,.F.);
#12972=CARTESIAN_POINT('',(-7.762499994412E0,-1.820212686062E0,6.E0));
#12973=DIRECTION('',(-9.713211522284E-1,2.377713591533E-1,0.E0));
#12974=DIRECTION('',(-2.377713591533E-1,-9.713211522284E-1,0.E0));
#12975=AXIS2_PLACEMENT_3D('',#12972,#12973,#12974);
#12976=PLANE('',#12975);
#12977=ORIENTED_EDGE('',*,*,#10729,.F.);
#12979=ORIENTED_EDGE('',*,*,#12978,.T.);
#12980=ORIENTED_EDGE('',*,*,#11321,.T.);
#12981=ORIENTED_EDGE('',*,*,#12965,.F.);
#12982=EDGE_LOOP('',(#12977,#12979,#12980,#12981));
#12983=FACE_OUTER_BOUND('',#12982,.F.);
#12985=CARTESIAN_POINT('',(-7.3875E0,-1.437234008312E0,6.E0));
#12986=DIRECTION('',(-7.145103900133E-1,6.996248298646E-1,0.E0));
#12987=DIRECTION('',(-6.996248298646E-1,-7.145103900133E-1,0.E0));
#12988=AXIS2_PLACEMENT_3D('',#12985,#12986,#12987);
#12989=PLANE('',#12988);
#12990=ORIENTED_EDGE('',*,*,#10727,.F.);
#12992=ORIENTED_EDGE('',*,*,#12991,.T.);
#12993=ORIENTED_EDGE('',*,*,#11323,.T.);
#12994=ORIENTED_EDGE('',*,*,#12978,.F.);
#12995=EDGE_LOOP('',(#12990,#12992,#12993,#12994));
#12996=FACE_OUTER_BOUND('',#12995,.F.);
#12998=CARTESIAN_POINT('',(-7.012500022352E0,-1.245744669437E0,6.E0));
#12999=DIRECTION('',(-4.547771350481E-1,8.906052758868E-1,0.E0));
#13000=DIRECTION('',(-8.906052758868E-1,-4.547771350481E-1,0.E0));
#13001=AXIS2_PLACEMENT_3D('',#12998,#12999,#13000);
#13002=PLANE('',#13001);
#13003=ORIENTED_EDGE('',*,*,#10725,.F.);
#13005=ORIENTED_EDGE('',*,*,#13004,.T.);
#13006=ORIENTED_EDGE('',*,*,#11325,.T.);
#13007=ORIENTED_EDGE('',*,*,#12991,.F.);
#13008=EDGE_LOOP('',(#13003,#13005,#13006,#13007));
#13009=FACE_OUTER_BOUND('',#13008,.F.);
#13011=CARTESIAN_POINT('',(-6.356250044703E0,-1.15E0,6.E0));
#13012=DIRECTION('',(-1.443682357291E-1,9.895240333173E-1,0.E0));
#13013=DIRECTION('',(-9.895240333173E-1,-1.443682357291E-1,0.E0));
#13014=AXIS2_PLACEMENT_3D('',#13011,#13012,#13013);
#13015=PLANE('',#13014);
#13016=ORIENTED_EDGE('',*,*,#10723,.F.);
#13018=ORIENTED_EDGE('',*,*,#13017,.T.);
#13019=ORIENTED_EDGE('',*,*,#11327,.T.);
#13020=ORIENTED_EDGE('',*,*,#13004,.F.);
#13021=EDGE_LOOP('',(#13016,#13018,#13019,#13020));
#13022=FACE_OUTER_BOUND('',#13021,.F.);
#13024=CARTESIAN_POINT('',(-5.98125E0,-1.15E0,6.E0));
#13025=DIRECTION('',(0.E0,1.E0,0.E0));
#13026=DIRECTION('',(-1.E0,0.E0,0.E0));
#13027=AXIS2_PLACEMENT_3D('',#13024,#13025,#13026);
#13028=PLANE('',#13027);
#13029=ORIENTED_EDGE('',*,*,#10721,.F.);
#13031=ORIENTED_EDGE('',*,*,#13030,.T.);
#13032=ORIENTED_EDGE('',*,*,#11329,.T.);
#13033=ORIENTED_EDGE('',*,*,#13017,.F.);
#13034=EDGE_LOOP('',(#13029,#13031,#13032,#13033));
#13035=FACE_OUTER_BOUND('',#13034,.F.);
#13037=CARTESIAN_POINT('',(-5.41875E0,-1.245744669437E0,6.E0));
#13038=DIRECTION('',(1.677993286083E-1,9.858211730931E-1,0.E0));
#13039=DIRECTION('',(-9.858211730931E-1,1.677993286083E-1,0.E0));
#13040=AXIS2_PLACEMENT_3D('',#13037,#13038,#13039);
#13041=PLANE('',#13040);
#13042=ORIENTED_EDGE('',*,*,#10719,.F.);
#13044=ORIENTED_EDGE('',*,*,#13043,.T.);
#13045=ORIENTED_EDGE('',*,*,#11331,.T.);
#13046=ORIENTED_EDGE('',*,*,#13030,.F.);
#13047=EDGE_LOOP('',(#13042,#13044,#13045,#13046));
#13048=FACE_OUTER_BOUND('',#13047,.F.);
#13050=CARTESIAN_POINT('',(-5.043750089407E0,-1.437234008312E0,6.E0));
#13051=DIRECTION('',(4.547771995497E-1,8.906052429498E-1,0.E0));
#13052=DIRECTION('',(-8.906052429498E-1,4.547771995497E-1,0.E0));
#13053=AXIS2_PLACEMENT_3D('',#13050,#13051,#13052);
#13054=PLANE('',#13053);
#13055=ORIENTED_EDGE('',*,*,#10717,.F.);
#13057=ORIENTED_EDGE('',*,*,#13056,.T.);
#13058=ORIENTED_EDGE('',*,*,#11333,.T.);
#13059=ORIENTED_EDGE('',*,*,#13043,.F.);
#13060=EDGE_LOOP('',(#13055,#13057,#13058,#13059));
#13061=FACE_OUTER_BOUND('',#13060,.F.);
#13063=CARTESIAN_POINT('',(-4.668749910593E0,-1.820212686062E0,6.E0));
#13064=DIRECTION('',(7.145102180353E-1,6.996250055017E-1,0.E0));
#13065=DIRECTION('',(-6.996250055017E-1,7.145102180353E-1,0.E0));
#13066=AXIS2_PLACEMENT_3D('',#13063,#13064,#13065);
#13067=PLANE('',#13066);
#13068=ORIENTED_EDGE('',*,*,#10715,.F.);
#13070=ORIENTED_EDGE('',*,*,#13069,.T.);
#13071=ORIENTED_EDGE('',*,*,#11335,.T.);
#13072=ORIENTED_EDGE('',*,*,#13056,.F.);
#13073=EDGE_LOOP('',(#13068,#13070,#13071,#13072));
#13074=FACE_OUTER_BOUND('',#13073,.F.);
#13076=CARTESIAN_POINT('',(-4.575E0,-2.203191363811E0,6.E0));
#13077=DIRECTION('',(9.713212062349E-1,2.377711385310E-1,0.E0));
#13078=DIRECTION('',(-2.377711385310E-1,9.713212062349E-1,0.E0));
#13079=AXIS2_PLACEMENT_3D('',#13076,#13077,#13078);
#13080=PLANE('',#13079);
#13081=ORIENTED_EDGE('',*,*,#10713,.F.);
#13083=ORIENTED_EDGE('',*,*,#13082,.T.);
#13084=ORIENTED_EDGE('',*,*,#11337,.T.);
#13085=ORIENTED_EDGE('',*,*,#13069,.F.);
#13086=EDGE_LOOP('',(#13081,#13083,#13084,#13085));
#13087=FACE_OUTER_BOUND('',#13086,.F.);
#13089=CARTESIAN_POINT('',(-4.575E0,-2.394680970907E0,6.E0));
#13090=DIRECTION('',(1.E0,0.E0,0.E0));
#13091=DIRECTION('',(0.E0,1.E0,0.E0));
#13092=AXIS2_PLACEMENT_3D('',#13089,#13090,#13091);
#13093=PLANE('',#13092);
#13094=ORIENTED_EDGE('',*,*,#10711,.F.);
#13096=ORIENTED_EDGE('',*,*,#13095,.T.);
#13097=ORIENTED_EDGE('',*,*,#11339,.T.);
#13098=ORIENTED_EDGE('',*,*,#13082,.F.);
#13099=EDGE_LOOP('',(#13094,#13096,#13097,#13098));
#13100=FACE_OUTER_BOUND('',#13099,.F.);
#13102=CARTESIAN_POINT('',(-4.668749910593E0,-2.777659648657E0,6.E0));
#13103=DIRECTION('',(9.713212062349E-1,-2.377711385310E-1,0.E0));
#13104=DIRECTION('',(2.377711385310E-1,9.713212062349E-1,0.E0));
#13105=AXIS2_PLACEMENT_3D('',#13102,#13103,#13104);
#13106=PLANE('',#13105);
#13107=ORIENTED_EDGE('',*,*,#10709,.F.);
#13109=ORIENTED_EDGE('',*,*,#13108,.T.);
#13110=ORIENTED_EDGE('',*,*,#11341,.T.);
#13111=ORIENTED_EDGE('',*,*,#13095,.F.);
#13112=EDGE_LOOP('',(#13107,#13109,#13110,#13111));
#13113=FACE_OUTER_BOUND('',#13112,.F.);
#13115=CARTESIAN_POINT('',(-4.85625E0,-3.064893656969E0,6.E0));
#13116=DIRECTION('',(8.373790012342E-1,-5.466227293958E-1,0.E0));
#13117=DIRECTION('',(5.466227293958E-1,8.373790012342E-1,0.E0));
#13118=AXIS2_PLACEMENT_3D('',#13115,#13116,#13117);
#13119=PLANE('',#13118);
#13120=ORIENTED_EDGE('',*,*,#10707,.F.);
#13122=ORIENTED_EDGE('',*,*,#13121,.T.);
#13123=ORIENTED_EDGE('',*,*,#11343,.T.);
#13124=ORIENTED_EDGE('',*,*,#13108,.F.);
#13125=EDGE_LOOP('',(#13120,#13122,#13123,#13124));
#13126=FACE_OUTER_BOUND('',#13125,.F.);
#13128=CARTESIAN_POINT('',(-7.199999977648E0,-5.171276585758E0,6.E0));
#13129=DIRECTION('',(6.684399804373E-1,-7.437660872566E-1,0.E0));
#13130=DIRECTION('',(7.437660872566E-1,6.684399804373E-1,0.E0));
#13131=AXIS2_PLACEMENT_3D('',#13128,#13129,#13130);
#13132=PLANE('',#13131);
#13133=ORIENTED_EDGE('',*,*,#10705,.F.);
#13135=ORIENTED_EDGE('',*,*,#13134,.T.);
#13136=ORIENTED_EDGE('',*,*,#11345,.T.);
#13137=ORIENTED_EDGE('',*,*,#13121,.F.);
#13138=EDGE_LOOP('',(#13133,#13135,#13136,#13137));
#13139=FACE_OUTER_BOUND('',#13138,.F.);
#13141=CARTESIAN_POINT('',(-4.575E0,-5.171276585758E0,6.E0));
#13142=DIRECTION('',(0.E0,1.E0,0.E0));
#13143=DIRECTION('',(-1.E0,0.E0,0.E0));
#13144=AXIS2_PLACEMENT_3D('',#13141,#13142,#13143);
#13145=PLANE('',#13144);
#13146=ORIENTED_EDGE('',*,*,#10703,.F.);
#13148=ORIENTED_EDGE('',*,*,#13147,.T.);
#13149=ORIENTED_EDGE('',*,*,#11347,.T.);
#13150=ORIENTED_EDGE('',*,*,#13134,.F.);
#13151=EDGE_LOOP('',(#13146,#13148,#13149,#13150));
#13152=FACE_OUTER_BOUND('',#13151,.F.);
#13154=CARTESIAN_POINT('',(-4.575E0,-5.65E0,6.E0));
#13155=DIRECTION('',(1.E0,0.E0,0.E0));
#13156=DIRECTION('',(0.E0,1.E0,0.E0));
#13157=AXIS2_PLACEMENT_3D('',#13154,#13155,#13156);
#13158=PLANE('',#13157);
#13159=ORIENTED_EDGE('',*,*,#10701,.F.);
#13161=ORIENTED_EDGE('',*,*,#13160,.T.);
#13162=ORIENTED_EDGE('',*,*,#11349,.T.);
#13163=ORIENTED_EDGE('',*,*,#13147,.F.);
#13164=EDGE_LOOP('',(#13159,#13161,#13162,#13163));
#13165=FACE_OUTER_BOUND('',#13164,.F.);
#13167=CARTESIAN_POINT('',(-7.95E0,-5.65E0,6.E0));
#13168=DIRECTION('',(0.E0,-1.E0,0.E0));
#13169=DIRECTION('',(1.E0,0.E0,0.E0));
#13170=AXIS2_PLACEMENT_3D('',#13167,#13168,#13169);
#13171=PLANE('',#13170);
#13172=ORIENTED_EDGE('',*,*,#10699,.F.);
#13173=ORIENTED_EDGE('',*,*,#12824,.T.);
#13174=ORIENTED_EDGE('',*,*,#11351,.T.);
#13175=ORIENTED_EDGE('',*,*,#13160,.F.);
#13176=EDGE_LOOP('',(#13172,#13173,#13174,#13175));
#13177=FACE_OUTER_BOUND('',#13176,.F.);
#13179=CARTESIAN_POINT('',(-3.824999910593E0,-2.969148987532E0,6.E0));
#13180=DIRECTION('',(-1.E0,0.E0,0.E0));
#13181=DIRECTION('',(0.E0,-1.E0,0.E0));
#13182=AXIS2_PLACEMENT_3D('',#13179,#13180,#13181);
#13183=PLANE('',#13182);
#13184=ORIENTED_EDGE('',*,*,#10755,.F.);
#13186=ORIENTED_EDGE('',*,*,#13185,.T.);
#13187=ORIENTED_EDGE('',*,*,#11361,.T.);
#13189=ORIENTED_EDGE('',*,*,#13188,.F.);
#13190=EDGE_LOOP('',(#13184,#13186,#13187,#13189));
#13191=FACE_OUTER_BOUND('',#13190,.F.);
#13193=CARTESIAN_POINT('',(-3.73125E0,-2.490425640345E0,6.E0));
#13194=DIRECTION('',(-9.813591690599E-1,1.921826769043E-1,0.E0));
#13195=DIRECTION('',(-1.921826769043E-1,-9.813591690599E-1,0.E0));
#13196=AXIS2_PLACEMENT_3D('',#13193,#13194,#13195);
#13197=PLANE('',#13196);
#13198=ORIENTED_EDGE('',*,*,#10805,.F.);
#13200=ORIENTED_EDGE('',*,*,#13199,.T.);
#13201=ORIENTED_EDGE('',*,*,#11363,.T.);
#13202=ORIENTED_EDGE('',*,*,#13185,.F.);
#13203=EDGE_LOOP('',(#13198,#13200,#13201,#13202));
#13204=FACE_OUTER_BOUND('',#13203,.F.);
#13206=CARTESIAN_POINT('',(-3.637500089407E0,-2.203191363811E0,6.E0));
#13207=DIRECTION('',(-9.506453648566E-1,3.102795357040E-1,0.E0));
#13208=DIRECTION('',(-3.102795357040E-1,-9.506453648566E-1,0.E0));
#13209=AXIS2_PLACEMENT_3D('',#13206,#13207,#13208);
#13210=PLANE('',#13209);
#13211=ORIENTED_EDGE('',*,*,#10803,.F.);
#13213=ORIENTED_EDGE('',*,*,#13212,.T.);
#13214=ORIENTED_EDGE('',*,*,#11365,.T.);
#13215=ORIENTED_EDGE('',*,*,#13199,.F.);
#13216=EDGE_LOOP('',(#13211,#13213,#13214,#13215));
#13217=FACE_OUTER_BOUND('',#13216,.F.);
#13219=CARTESIAN_POINT('',(-3.45E0,-1.820212686062E0,6.E0));
#13220=DIRECTION('',(-8.981380143666E-1,4.397136649566E-1,0.E0));
#13221=DIRECTION('',(-4.397136649566E-1,-8.981380143666E-1,0.E0));
#13222=AXIS2_PLACEMENT_3D('',#13219,#13220,#13221);
#13223=PLANE('',#13222);
#13224=ORIENTED_EDGE('',*,*,#10801,.F.);
#13226=ORIENTED_EDGE('',*,*,#13225,.T.);
#13227=ORIENTED_EDGE('',*,*,#11367,.T.);
#13228=ORIENTED_EDGE('',*,*,#13212,.F.);
#13229=EDGE_LOOP('',(#13224,#13226,#13227,#13228));
#13230=FACE_OUTER_BOUND('',#13229,.F.);
#13232=CARTESIAN_POINT('',(-3.16875E0,-1.532978677750E0,6.E0));
#13233=DIRECTION('',(-7.145103848018E-1,6.996248351869E-1,0.E0));
#13234=DIRECTION('',(-6.996248351869E-1,-7.145103848018E-1,0.E0));
#13235=AXIS2_PLACEMENT_3D('',#13232,#13233,#13234);
#13236=PLANE('',#13235);
#13237=ORIENTED_EDGE('',*,*,#10799,.F.);
#13239=ORIENTED_EDGE('',*,*,#13238,.T.);
#13240=ORIENTED_EDGE('',*,*,#11369,.T.);
#13241=ORIENTED_EDGE('',*,*,#13225,.F.);
#13242=EDGE_LOOP('',(#13237,#13239,#13240,#13241));
#13243=FACE_OUTER_BOUND('',#13242,.F.);
#13245=CARTESIAN_POINT('',(-2.700000178814E0,-1.245744669437E0,6.E0));
#13246=DIRECTION('',(-5.224770734933E-1,8.526533338197E-1,0.E0));
#13247=DIRECTION('',(-8.526533338197E-1,-5.224770734933E-1,0.E0));
#13248=AXIS2_PLACEMENT_3D('',#13245,#13246,#13247);
#13249=PLANE('',#13248);
#13250=ORIENTED_EDGE('',*,*,#10797,.F.);
#13252=ORIENTED_EDGE('',*,*,#13251,.T.);
#13253=ORIENTED_EDGE('',*,*,#11371,.T.);
#13254=ORIENTED_EDGE('',*,*,#13238,.F.);
#13255=EDGE_LOOP('',(#13250,#13252,#13253,#13254));
#13256=FACE_OUTER_BOUND('',#13255,.F.);
#13258=CARTESIAN_POINT('',(-2.137500178814E0,-1.15E0,6.E0));
#13259=DIRECTION('',(-1.677993286083E-1,9.858211730931E-1,0.E0));
#13260=DIRECTION('',(-9.858211730931E-1,-1.677993286083E-1,0.E0));
#13261=AXIS2_PLACEMENT_3D('',#13258,#13259,#13260);
#13262=PLANE('',#13261);
#13263=ORIENTED_EDGE('',*,*,#10795,.F.);
#13265=ORIENTED_EDGE('',*,*,#13264,.T.);
#13266=ORIENTED_EDGE('',*,*,#11373,.T.);
#13267=ORIENTED_EDGE('',*,*,#13251,.F.);
#13268=EDGE_LOOP('',(#13263,#13265,#13266,#13267));
#13269=FACE_OUTER_BOUND('',#13268,.F.);
#13271=CARTESIAN_POINT('',(-1.575000178814E0,-1.245744669437E0,6.E0));
#13272=DIRECTION('',(1.677993286083E-1,9.858211730931E-1,0.E0));
#13273=DIRECTION('',(-9.858211730931E-1,1.677993286083E-1,0.E0));
#13274=AXIS2_PLACEMENT_3D('',#13271,#13272,#13273);
#13275=PLANE('',#13274);
#13276=ORIENTED_EDGE('',*,*,#10793,.F.);
#13278=ORIENTED_EDGE('',*,*,#13277,.T.);
#13279=ORIENTED_EDGE('',*,*,#11375,.T.);
#13280=ORIENTED_EDGE('',*,*,#13264,.F.);
#13281=EDGE_LOOP('',(#13276,#13278,#13279,#13280));
#13282=FACE_OUTER_BOUND('',#13281,.F.);
#13284=CARTESIAN_POINT('',(-1.106249821186E0,-1.532978677750E0,6.E0));
#13285=DIRECTION('',(5.224766387895E-1,8.526536001913E-1,0.E0));
#13286=DIRECTION('',(-8.526536001913E-1,5.224766387895E-1,0.E0));
#13287=AXIS2_PLACEMENT_3D('',#13284,#13285,#13286);
#13288=PLANE('',#13287);
#13289=ORIENTED_EDGE('',*,*,#10791,.F.);
#13291=ORIENTED_EDGE('',*,*,#13290,.T.);
#13292=ORIENTED_EDGE('',*,*,#11377,.T.);
#13293=ORIENTED_EDGE('',*,*,#13277,.F.);
#13294=EDGE_LOOP('',(#13289,#13291,#13292,#13293));
#13295=FACE_OUTER_BOUND('',#13294,.F.);
#13297=CARTESIAN_POINT('',(-8.249998211861E-1,-1.820212686062E0,6.E0));
#13298=DIRECTION('',(7.145103848018E-1,6.996248351869E-1,0.E0));
#13299=DIRECTION('',(-6.996248351869E-1,7.145103848018E-1,0.E0));
#13300=AXIS2_PLACEMENT_3D('',#13297,#13298,#13299);
#13301=PLANE('',#13300);
#13302=ORIENTED_EDGE('',*,*,#10789,.F.);
#13304=ORIENTED_EDGE('',*,*,#13303,.T.);
#13305=ORIENTED_EDGE('',*,*,#11379,.T.);
#13306=ORIENTED_EDGE('',*,*,#13290,.F.);
#13307=EDGE_LOOP('',(#13302,#13304,#13305,#13306));
#13308=FACE_OUTER_BOUND('',#13307,.F.);
#13310=CARTESIAN_POINT('',(-6.375E-1,-2.203191363811E0,6.E0));
#13311=DIRECTION('',(8.981382627794E-1,4.397131575602E-1,0.E0));
#13312=DIRECTION('',(-4.397131575602E-1,8.981382627794E-1,0.E0));
#13313=AXIS2_PLACEMENT_3D('',#13310,#13311,#13312);
#13314=PLANE('',#13313);
#13315=ORIENTED_EDGE('',*,*,#10787,.F.);
#13317=ORIENTED_EDGE('',*,*,#13316,.T.);
#13318=ORIENTED_EDGE('',*,*,#11381,.T.);
#13319=ORIENTED_EDGE('',*,*,#13303,.F.);
#13320=EDGE_LOOP('',(#13315,#13317,#13318,#13319));
#13321=FACE_OUTER_BOUND('',#13320,.F.);
#13323=CARTESIAN_POINT('',(-5.437498211861E-1,-2.490425640345E0,6.E0));
#13324=DIRECTION('',(9.506451030099E-1,3.102803379578E-1,0.E0));
#13325=DIRECTION('',(-3.102803379578E-1,9.506451030099E-1,0.E0));
#13326=AXIS2_PLACEMENT_3D('',#13323,#13324,#13325);
#13327=PLANE('',#13326);
#13328=ORIENTED_EDGE('',*,*,#10785,.F.);
#13330=ORIENTED_EDGE('',*,*,#13329,.T.);
#13331=ORIENTED_EDGE('',*,*,#11383,.T.);
#13332=ORIENTED_EDGE('',*,*,#13316,.F.);
#13333=EDGE_LOOP('',(#13328,#13330,#13331,#13332));
#13334=FACE_OUTER_BOUND('',#13333,.F.);
#13336=CARTESIAN_POINT('',(-4.500001788139E-1,-2.969148987532E0,6.E0));
#13337=DIRECTION('',(9.813592727596E-1,1.921821473726E-1,0.E0));
#13338=DIRECTION('',(-1.921821473726E-1,9.813592727596E-1,0.E0));
#13339=AXIS2_PLACEMENT_3D('',#13336,#13337,#13338);
#13340=PLANE('',#13339);
#13341=ORIENTED_EDGE('',*,*,#10783,.F.);
#13343=ORIENTED_EDGE('',*,*,#13342,.T.);
#13344=ORIENTED_EDGE('',*,*,#11385,.T.);
#13345=ORIENTED_EDGE('',*,*,#13329,.F.);
#13346=EDGE_LOOP('',(#13341,#13343,#13344,#13345));
#13347=FACE_OUTER_BOUND('',#13346,.F.);
#13349=CARTESIAN_POINT('',(-4.500001788139E-1,-3.830851012468E0,6.E0));
#13350=DIRECTION('',(1.E0,0.E0,0.E0));
#13351=DIRECTION('',(0.E0,1.E0,0.E0));
#13352=AXIS2_PLACEMENT_3D('',#13349,#13350,#13351);
#13353=PLANE('',#13352);
#13354=ORIENTED_EDGE('',*,*,#10781,.F.);
#13356=ORIENTED_EDGE('',*,*,#13355,.T.);
#13357=ORIENTED_EDGE('',*,*,#11387,.T.);
#13358=ORIENTED_EDGE('',*,*,#13342,.F.);
#13359=EDGE_LOOP('',(#13354,#13356,#13357,#13358));
#13360=FACE_OUTER_BOUND('',#13359,.F.);
#13362=CARTESIAN_POINT('',(-5.437498211861E-1,-4.309574493766E0,6.E0));
#13363=DIRECTION('',(9.813592829135E-1,-1.921820955228E-1,0.E0));
#13364=DIRECTION('',(1.921820955228E-1,9.813592829135E-1,0.E0));
#13365=AXIS2_PLACEMENT_3D('',#13362,#13363,#13364);
#13366=PLANE('',#13365);
#13367=ORIENTED_EDGE('',*,*,#10779,.F.);
#13369=ORIENTED_EDGE('',*,*,#13368,.T.);
#13370=ORIENTED_EDGE('',*,*,#11389,.T.);
#13371=ORIENTED_EDGE('',*,*,#13355,.F.);
#13372=EDGE_LOOP('',(#13367,#13369,#13370,#13371));
#13373=FACE_OUTER_BOUND('',#13372,.F.);
#13375=CARTESIAN_POINT('',(-6.375E-1,-4.596808502078E0,6.E0));
#13376=DIRECTION('',(9.506450175458E-1,-3.102805998049E-1,0.E0));
#13377=DIRECTION('',(3.102805998049E-1,9.506450175458E-1,0.E0));
#13378=AXIS2_PLACEMENT_3D('',#13375,#13376,#13377);
#13379=PLANE('',#13378);
#13380=ORIENTED_EDGE('',*,*,#10777,.F.);
#13382=ORIENTED_EDGE('',*,*,#13381,.T.);
#13383=ORIENTED_EDGE('',*,*,#11391,.T.);
#13384=ORIENTED_EDGE('',*,*,#13368,.F.);
#13385=EDGE_LOOP('',(#13380,#13382,#13383,#13384));
#13386=FACE_OUTER_BOUND('',#13385,.F.);
#13388=CARTESIAN_POINT('',(-8.249998211861E-1,-4.979787246883E0,6.E0));
#13389=DIRECTION('',(8.981382931841E-1,-4.397130954570E-1,0.E0));
#13390=DIRECTION('',(4.397130954570E-1,8.981382931841E-1,0.E0));
#13391=AXIS2_PLACEMENT_3D('',#13388,#13389,#13390);
#13392=PLANE('',#13391);
#13393=ORIENTED_EDGE('',*,*,#10775,.F.);
#13395=ORIENTED_EDGE('',*,*,#13394,.T.);
#13396=ORIENTED_EDGE('',*,*,#11393,.T.);
#13397=ORIENTED_EDGE('',*,*,#13381,.F.);
#13398=EDGE_LOOP('',(#13393,#13395,#13396,#13397));
#13399=FACE_OUTER_BOUND('',#13398,.F.);
#13401=CARTESIAN_POINT('',(-1.106249821186E0,-5.267021288723E0,6.E0));
#13402=DIRECTION('',(7.145104256249E-1,-6.996247934953E-1,0.E0));
#13403=DIRECTION('',(6.996247934953E-1,7.145104256249E-1,0.E0));
#13404=AXIS2_PLACEMENT_3D('',#13401,#13402,#13403);
#13405=PLANE('',#13404);
#13406=ORIENTED_EDGE('',*,*,#10773,.F.);
#13408=ORIENTED_EDGE('',*,*,#13407,.T.);
#13409=ORIENTED_EDGE('',*,*,#11395,.T.);
#13410=ORIENTED_EDGE('',*,*,#13394,.F.);
#13411=EDGE_LOOP('',(#13406,#13408,#13409,#13410));
#13412=FACE_OUTER_BOUND('',#13411,.F.);
#13414=CARTESIAN_POINT('',(-1.575000178814E0,-5.554255322181E0,6.E0));
#13415=DIRECTION('',(5.224766720432E-1,-8.526535798146E-1,0.E0));
#13416=DIRECTION('',(8.526535798146E-1,5.224766720432E-1,0.E0));
#13417=AXIS2_PLACEMENT_3D('',#13414,#13415,#13416);
#13418=PLANE('',#13417);
#13419=ORIENTED_EDGE('',*,*,#10771,.F.);
#13421=ORIENTED_EDGE('',*,*,#13420,.T.);
#13422=ORIENTED_EDGE('',*,*,#11397,.T.);
#13423=ORIENTED_EDGE('',*,*,#13407,.F.);
#13424=EDGE_LOOP('',(#13419,#13421,#13422,#13423));
#13425=FACE_OUTER_BOUND('',#13424,.F.);
#13427=CARTESIAN_POINT('',(-2.137500178814E0,-5.65E0,6.E0));
#13428=DIRECTION('',(1.677993428846E-1,-9.858211706631E-1,0.E0));
#13429=DIRECTION('',(9.858211706631E-1,1.677993428846E-1,0.E0));
#13430=AXIS2_PLACEMENT_3D('',#13427,#13428,#13429);
#13431=PLANE('',#13430);
#13432=ORIENTED_EDGE('',*,*,#10769,.F.);
#13434=ORIENTED_EDGE('',*,*,#13433,.T.);
#13435=ORIENTED_EDGE('',*,*,#11399,.T.);
#13436=ORIENTED_EDGE('',*,*,#13420,.F.);
#13437=EDGE_LOOP('',(#13432,#13434,#13435,#13436));
#13438=FACE_OUTER_BOUND('',#13437,.F.);
#13440=CARTESIAN_POINT('',(-2.700000178814E0,-5.554255322181E0,6.E0));
#13441=DIRECTION('',(-1.677993428846E-1,-9.858211706631E-1,0.E0));
#13442=DIRECTION('',(9.858211706631E-1,-1.677993428846E-1,0.E0));
#13443=AXIS2_PLACEMENT_3D('',#13440,#13441,#13442);
#13444=PLANE('',#13443);
#13445=ORIENTED_EDGE('',*,*,#10767,.F.);
#13447=ORIENTED_EDGE('',*,*,#13446,.T.);
#13448=ORIENTED_EDGE('',*,*,#11401,.T.);
#13449=ORIENTED_EDGE('',*,*,#13433,.F.);
#13450=EDGE_LOOP('',(#13445,#13447,#13448,#13449));
#13451=FACE_OUTER_BOUND('',#13450,.F.);
#13453=CARTESIAN_POINT('',(-3.16875E0,-5.267021288723E0,6.E0));
#13454=DIRECTION('',(-5.224771067470E-1,-8.526533134429E-1,0.E0));
#13455=DIRECTION('',(8.526533134429E-1,-5.224771067470E-1,0.E0));
#13456=AXIS2_PLACEMENT_3D('',#13453,#13454,#13455);
#13457=PLANE('',#13456);
#13458=ORIENTED_EDGE('',*,*,#10765,.F.);
#13460=ORIENTED_EDGE('',*,*,#13459,.T.);
#13461=ORIENTED_EDGE('',*,*,#11403,.T.);
#13462=ORIENTED_EDGE('',*,*,#13446,.F.);
#13463=EDGE_LOOP('',(#13458,#13460,#13461,#13462));
#13464=FACE_OUTER_BOUND('',#13463,.F.);
#13466=CARTESIAN_POINT('',(-3.45E0,-4.979787246883E0,6.E0));
#13467=DIRECTION('',(-7.145104256249E-1,-6.996247934953E-1,0.E0));
#13468=DIRECTION('',(6.996247934953E-1,-7.145104256249E-1,0.E0));
#13469=AXIS2_PLACEMENT_3D('',#13466,#13467,#13468);
#13470=PLANE('',#13469);
#13471=ORIENTED_EDGE('',*,*,#10763,.F.);
#13473=ORIENTED_EDGE('',*,*,#13472,.T.);
#13474=ORIENTED_EDGE('',*,*,#11405,.T.);
#13475=ORIENTED_EDGE('',*,*,#13459,.F.);
#13476=EDGE_LOOP('',(#13471,#13473,#13474,#13475));
#13477=FACE_OUTER_BOUND('',#13476,.F.);
#13479=CARTESIAN_POINT('',(-3.637500089407E0,-4.596808502078E0,6.E0));
#13480=DIRECTION('',(-8.981380447713E-1,-4.397136028534E-1,0.E0));
#13481=DIRECTION('',(4.397136028534E-1,-8.981380447713E-1,0.E0));
#13482=AXIS2_PLACEMENT_3D('',#13479,#13480,#13481);
#13483=PLANE('',#13482);
#13484=ORIENTED_EDGE('',*,*,#10761,.F.);
#13486=ORIENTED_EDGE('',*,*,#13485,.T.);
#13487=ORIENTED_EDGE('',*,*,#11407,.T.);
#13488=ORIENTED_EDGE('',*,*,#13472,.F.);
#13489=EDGE_LOOP('',(#13484,#13486,#13487,#13488));
#13490=FACE_OUTER_BOUND('',#13489,.F.);
#13492=CARTESIAN_POINT('',(-3.73125E0,-4.309574493766E0,6.E0));
#13493=DIRECTION('',(-9.506452793929E-1,-3.102797975506E-1,0.E0));
#13494=DIRECTION('',(3.102797975506E-1,-9.506452793929E-1,0.E0));
#13495=AXIS2_PLACEMENT_3D('',#13492,#13493,#13494);
#13496=PLANE('',#13495);
#13497=ORIENTED_EDGE('',*,*,#10759,.F.);
#13499=ORIENTED_EDGE('',*,*,#13498,.T.);
#13500=ORIENTED_EDGE('',*,*,#11409,.T.);
#13501=ORIENTED_EDGE('',*,*,#13485,.F.);
#13502=EDGE_LOOP('',(#13497,#13499,#13500,#13501));
#13503=FACE_OUTER_BOUND('',#13502,.F.);
#13505=CARTESIAN_POINT('',(-3.824999910593E0,-3.830851012468E0,6.E0));
#13506=DIRECTION('',(-9.813591792138E-1,-1.921826250544E-1,0.E0));
#13507=DIRECTION('',(1.921826250544E-1,-9.813591792138E-1,0.E0));
#13508=AXIS2_PLACEMENT_3D('',#13505,#13506,#13507);
#13509=PLANE('',#13508);
#13510=ORIENTED_EDGE('',*,*,#10757,.F.);
#13511=ORIENTED_EDGE('',*,*,#13188,.T.);
#13512=ORIENTED_EDGE('',*,*,#11411,.T.);
#13513=ORIENTED_EDGE('',*,*,#13498,.F.);
#13514=EDGE_LOOP('',(#13510,#13511,#13512,#13513));
#13515=FACE_OUTER_BOUND('',#13514,.F.);
#13517=CARTESIAN_POINT('',(-3.356249821186E0,-3.064893656969E0,6.E0));
#13518=DIRECTION('',(9.869440947885E-1,-1.610631980374E-1,0.E0));
#13519=DIRECTION('',(1.610631980374E-1,9.869440947885E-1,0.E0));
#13520=AXIS2_PLACEMENT_3D('',#13517,#13518,#13519);
#13521=PLANE('',#13520);
#13522=ORIENTED_EDGE('',*,*,#10464,.F.);
#13524=ORIENTED_EDGE('',*,*,#13523,.T.);
#13525=ORIENTED_EDGE('',*,*,#11415,.T.);
#13527=ORIENTED_EDGE('',*,*,#13526,.F.);
#13528=EDGE_LOOP('',(#13522,#13524,#13525,#13527));
#13529=FACE_OUTER_BOUND('',#13528,.F.);
#13531=CARTESIAN_POINT('',(-3.356249821186E0,-3.735106343031E0,6.E0));
#13532=DIRECTION('',(1.E0,0.E0,0.E0));
#13533=DIRECTION('',(0.E0,1.E0,0.E0));
#13534=AXIS2_PLACEMENT_3D('',#13531,#13532,#13533);
#13535=PLANE('',#13534);
#13536=ORIENTED_EDGE('',*,*,#10498,.F.);
#13538=ORIENTED_EDGE('',*,*,#13537,.T.);
#13539=ORIENTED_EDGE('',*,*,#11417,.T.);
#13540=ORIENTED_EDGE('',*,*,#13523,.F.);
#13541=EDGE_LOOP('',(#13536,#13538,#13539,#13540));
#13542=FACE_OUTER_BOUND('',#13541,.F.);
#13544=CARTESIAN_POINT('',(-3.262500178814E0,-4.309574493766E0,6.E0));
#13545=DIRECTION('',(9.869441007655E-1,1.610631614123E-1,0.E0));
#13546=DIRECTION('',(-1.610631614123E-1,9.869441007655E-1,0.E0));
#13547=AXIS2_PLACEMENT_3D('',#13544,#13545,#13546);
#13548=PLANE('',#13547);
#13549=ORIENTED_EDGE('',*,*,#10496,.F.);
#13551=ORIENTED_EDGE('',*,*,#13550,.T.);
#13552=ORIENTED_EDGE('',*,*,#11419,.T.);
#13553=ORIENTED_EDGE('',*,*,#13537,.F.);
#13554=EDGE_LOOP('',(#13549,#13551,#13552,#13553));
#13555=FACE_OUTER_BOUND('',#13554,.F.);
#13557=CARTESIAN_POINT('',(-2.8875E0,-4.884042577446E0,6.E0));
#13558=DIRECTION('',(8.373790304396E-1,5.466226846555E-1,0.E0));
#13559=DIRECTION('',(-5.466226846555E-1,8.373790304396E-1,0.E0));
#13560=AXIS2_PLACEMENT_3D('',#13557,#13558,#13559);
#13561=PLANE('',#13560);
#13562=ORIENTED_EDGE('',*,*,#10494,.F.);
#13564=ORIENTED_EDGE('',*,*,#13563,.T.);
#13565=ORIENTED_EDGE('',*,*,#11421,.T.);
#13566=ORIENTED_EDGE('',*,*,#13550,.F.);
#13567=EDGE_LOOP('',(#13562,#13564,#13565,#13566));
#13568=FACE_OUTER_BOUND('',#13567,.F.);
#13570=CARTESIAN_POINT('',(-2.60625E0,-5.075531916320E0,6.E0));
#13571=DIRECTION('',(5.627909312417E-1,8.265992787996E-1,0.E0));
#13572=DIRECTION('',(-8.265992787996E-1,5.627909312417E-1,0.E0));
#13573=AXIS2_PLACEMENT_3D('',#13570,#13571,#13572);
#13574=PLANE('',#13573);
#13575=ORIENTED_EDGE('',*,*,#10492,.F.);
#13577=ORIENTED_EDGE('',*,*,#13576,.T.);
#13578=ORIENTED_EDGE('',*,*,#11423,.T.);
#13579=ORIENTED_EDGE('',*,*,#13563,.F.);
#13580=EDGE_LOOP('',(#13575,#13577,#13578,#13579));
#13581=FACE_OUTER_BOUND('',#13580,.F.);
#13583=CARTESIAN_POINT('',(-2.137500178814E0,-5.171276585758E0,6.E0));
#13584=DIRECTION('',(2.001234283435E-1,9.797706943097E-1,0.E0));
#13585=DIRECTION('',(-9.797706943097E-1,2.001234283435E-1,0.E0));
#13586=AXIS2_PLACEMENT_3D('',#13583,#13584,#13585);
#13587=PLANE('',#13586);
#13588=ORIENTED_EDGE('',*,*,#10490,.F.);
#13590=ORIENTED_EDGE('',*,*,#13589,.T.);
#13591=ORIENTED_EDGE('',*,*,#11425,.T.);
#13592=ORIENTED_EDGE('',*,*,#13576,.F.);
#13593=EDGE_LOOP('',(#13588,#13590,#13591,#13592));
#13594=FACE_OUTER_BOUND('',#13593,.F.);
#13596=CARTESIAN_POINT('',(-1.668749821186E0,-5.075531916320E0,6.E0));
#13597=DIRECTION('',(-2.001232084928E-1,9.797707392153E-1,0.E0));
#13598=DIRECTION('',(-9.797707392153E-1,-2.001232084928E-1,0.E0));
#13599=AXIS2_PLACEMENT_3D('',#13596,#13597,#13598);
#13600=PLANE('',#13599);
#13601=ORIENTED_EDGE('',*,*,#10488,.F.);
#13603=ORIENTED_EDGE('',*,*,#13602,.T.);
#13604=ORIENTED_EDGE('',*,*,#11427,.T.);
#13605=ORIENTED_EDGE('',*,*,#13589,.F.);
#13606=EDGE_LOOP('',(#13601,#13603,#13604,#13605));
#13607=FACE_OUTER_BOUND('',#13606,.F.);
#13609=CARTESIAN_POINT('',(-1.387499821186E0,-4.884042577446E0,6.E0));
#13610=DIRECTION('',(-5.627909312417E-1,8.265992787996E-1,0.E0));
#13611=DIRECTION('',(-8.265992787996E-1,-5.627909312417E-1,0.E0));
#13612=AXIS2_PLACEMENT_3D('',#13609,#13610,#13611);
#13613=PLANE('',#13612);
#13614=ORIENTED_EDGE('',*,*,#10486,.F.);
#13616=ORIENTED_EDGE('',*,*,#13615,.T.);
#13617=ORIENTED_EDGE('',*,*,#11429,.T.);
#13618=ORIENTED_EDGE('',*,*,#13602,.F.);
#13619=EDGE_LOOP('',(#13614,#13616,#13617,#13618));
#13620=FACE_OUTER_BOUND('',#13619,.F.);
#13622=CARTESIAN_POINT('',(-1.012500178814E0,-4.309574493766E0,6.E0));
#13623=DIRECTION('',(-8.373793883617E-1,5.466221363492E-1,0.E0));
#13624=DIRECTION('',(-5.466221363492E-1,-8.373793883617E-1,0.E0));
#13625=AXIS2_PLACEMENT_3D('',#13622,#13623,#13624);
#13626=PLANE('',#13625);
#13627=ORIENTED_EDGE('',*,*,#10484,.F.);
#13629=ORIENTED_EDGE('',*,*,#13628,.T.);
#13630=ORIENTED_EDGE('',*,*,#11431,.T.);
#13631=ORIENTED_EDGE('',*,*,#13615,.F.);
#13632=EDGE_LOOP('',(#13627,#13629,#13630,#13631));
#13633=FACE_OUTER_BOUND('',#13632,.F.);
#13635=CARTESIAN_POINT('',(-9.1875E-1,-3.735106343031E0,6.E0));
#13636=DIRECTION('',(-9.869439542650E-1,1.610640591185E-1,0.E0));
#13637=DIRECTION('',(-1.610640591185E-1,-9.869439542650E-1,0.E0));
#13638=AXIS2_PLACEMENT_3D('',#13635,#13636,#13637);
#13639=PLANE('',#13638);
#13640=ORIENTED_EDGE('',*,*,#10482,.F.);
#13642=ORIENTED_EDGE('',*,*,#13641,.T.);
#13643=ORIENTED_EDGE('',*,*,#11433,.T.);
#13644=ORIENTED_EDGE('',*,*,#13628,.F.);
#13645=EDGE_LOOP('',(#13640,#13642,#13643,#13644));
#13646=FACE_OUTER_BOUND('',#13645,.F.);
#13648=CARTESIAN_POINT('',(-9.1875E-1,-3.064893656969E0,6.E0));
#13649=DIRECTION('',(-1.E0,0.E0,0.E0));
#13650=DIRECTION('',(0.E0,-1.E0,0.E0));
#13651=AXIS2_PLACEMENT_3D('',#13648,#13649,#13650);
#13652=PLANE('',#13651);
#13653=ORIENTED_EDGE('',*,*,#10480,.F.);
#13655=ORIENTED_EDGE('',*,*,#13654,.T.);
#13656=ORIENTED_EDGE('',*,*,#11435,.T.);
#13657=ORIENTED_EDGE('',*,*,#13641,.F.);
#13658=EDGE_LOOP('',(#13653,#13655,#13656,#13657));
#13659=FACE_OUTER_BOUND('',#13658,.F.);
#13661=CARTESIAN_POINT('',(-1.012500178814E0,-2.490425640345E0,6.E0));
#13662=DIRECTION('',(-9.869439482880E-1,-1.610640957438E-1,0.E0));
#13663=DIRECTION('',(1.610640957438E-1,-9.869439482880E-1,0.E0));
#13664=AXIS2_PLACEMENT_3D('',#13661,#13662,#13663);
#13665=PLANE('',#13664);
#13666=ORIENTED_EDGE('',*,*,#10478,.F.);
#13668=ORIENTED_EDGE('',*,*,#13667,.T.);
#13669=ORIENTED_EDGE('',*,*,#11437,.T.);
#13670=ORIENTED_EDGE('',*,*,#13654,.F.);
#13671=EDGE_LOOP('',(#13666,#13668,#13669,#13670));
#13672=FACE_OUTER_BOUND('',#13671,.F.);
#13674=CARTESIAN_POINT('',(-1.387499821186E0,-1.915957355499E0,6.E0));
#13675=DIRECTION('',(-8.373794759779E-1,-5.466220021285E-1,0.E0));
#13676=DIRECTION('',(5.466220021285E-1,-8.373794759779E-1,0.E0));
#13677=AXIS2_PLACEMENT_3D('',#13674,#13675,#13676);
#13678=PLANE('',#13677);
#13679=ORIENTED_EDGE('',*,*,#10476,.F.);
#13681=ORIENTED_EDGE('',*,*,#13680,.T.);
#13682=ORIENTED_EDGE('',*,*,#11439,.T.);
#13683=ORIENTED_EDGE('',*,*,#13667,.F.);
#13684=EDGE_LOOP('',(#13679,#13681,#13682,#13683));
#13685=FACE_OUTER_BOUND('',#13684,.F.);
#13687=CARTESIAN_POINT('',(-1.668749821186E0,-1.724468016624E0,6.E0));
#13688=DIRECTION('',(-5.627909312417E-1,-8.265992787996E-1,0.E0));
#13689=DIRECTION('',(8.265992787996E-1,-5.627909312417E-1,0.E0));
#13690=AXIS2_PLACEMENT_3D('',#13687,#13688,#13689);
#13691=PLANE('',#13690);
#13692=ORIENTED_EDGE('',*,*,#10474,.F.);
#13694=ORIENTED_EDGE('',*,*,#13693,.T.);
#13695=ORIENTED_EDGE('',*,*,#11441,.T.);
#13696=ORIENTED_EDGE('',*,*,#13680,.F.);
#13697=EDGE_LOOP('',(#13692,#13694,#13695,#13696));
#13698=FACE_OUTER_BOUND('',#13697,.F.);
#13700=CARTESIAN_POINT('',(-2.137500178814E0,-1.628723347187E0,6.E0));
#13701=DIRECTION('',(-2.001232084928E-1,-9.797707392153E-1,0.E0));
#13702=DIRECTION('',(9.797707392153E-1,-2.001232084928E-1,0.E0));
#13703=AXIS2_PLACEMENT_3D('',#13700,#13701,#13702);
#13704=PLANE('',#13703);
#13705=ORIENTED_EDGE('',*,*,#10472,.F.);
#13707=ORIENTED_EDGE('',*,*,#13706,.T.);
#13708=ORIENTED_EDGE('',*,*,#11443,.T.);
#13709=ORIENTED_EDGE('',*,*,#13693,.F.);
#13710=EDGE_LOOP('',(#13705,#13707,#13708,#13709));
#13711=FACE_OUTER_BOUND('',#13710,.F.);
#13713=CARTESIAN_POINT('',(-2.60625E0,-1.724468016624E0,6.E0));
#13714=DIRECTION('',(2.001234283435E-1,-9.797706943097E-1,0.E0));
#13715=DIRECTION('',(9.797706943097E-1,2.001234283435E-1,0.E0));
#13716=AXIS2_PLACEMENT_3D('',#13713,#13714,#13715);
#13717=PLANE('',#13716);
#13718=ORIENTED_EDGE('',*,*,#10470,.F.);
#13720=ORIENTED_EDGE('',*,*,#13719,.T.);
#13721=ORIENTED_EDGE('',*,*,#11445,.T.);
#13722=ORIENTED_EDGE('',*,*,#13706,.F.);
#13723=EDGE_LOOP('',(#13718,#13720,#13721,#13722));
#13724=FACE_OUTER_BOUND('',#13723,.F.);
#13726=CARTESIAN_POINT('',(-2.8875E0,-1.915957355499E0,6.E0));
#13727=DIRECTION('',(5.627909312417E-1,-8.265992787996E-1,0.E0));
#13728=DIRECTION('',(8.265992787996E-1,5.627909312417E-1,0.E0));
#13729=AXIS2_PLACEMENT_3D('',#13726,#13727,#13728);
#13730=PLANE('',#13729);
#13731=ORIENTED_EDGE('',*,*,#10468,.F.);
#13733=ORIENTED_EDGE('',*,*,#13732,.T.);
#13734=ORIENTED_EDGE('',*,*,#11447,.T.);
#13735=ORIENTED_EDGE('',*,*,#13719,.F.);
#13736=EDGE_LOOP('',(#13731,#13733,#13734,#13735));
#13737=FACE_OUTER_BOUND('',#13736,.F.);
#13739=CARTESIAN_POINT('',(-3.262500178814E0,-2.490425640345E0,6.E0));
#13740=DIRECTION('',(8.373791180560E-1,-5.466225504348E-1,0.E0));
#13741=DIRECTION('',(5.466225504348E-1,8.373791180560E-1,0.E0));
#13742=AXIS2_PLACEMENT_3D('',#13739,#13740,#13741);
#13743=PLANE('',#13742);
#13744=ORIENTED_EDGE('',*,*,#10466,.F.);
#13745=ORIENTED_EDGE('',*,*,#13526,.T.);
#13746=ORIENTED_EDGE('',*,*,#11449,.T.);
#13747=ORIENTED_EDGE('',*,*,#13732,.F.);
#13748=EDGE_LOOP('',(#13744,#13745,#13746,#13747));
#13749=FACE_OUTER_BOUND('',#13748,.F.);
#13751=CARTESIAN_POINT('',(3.000001788139E-1,-5.171276585758E0,6.E0));
#13752=DIRECTION('',(-1.E0,0.E0,0.E0));
#13753=DIRECTION('',(0.E0,-1.E0,0.E0));
#13754=AXIS2_PLACEMENT_3D('',#13751,#13752,#13753);
#13755=PLANE('',#13754);
#13756=ORIENTED_EDGE('',*,*,#10809,.F.);
#13758=ORIENTED_EDGE('',*,*,#13757,.T.);
#13759=ORIENTED_EDGE('',*,*,#11459,.T.);
#13761=ORIENTED_EDGE('',*,*,#13760,.F.);
#13762=EDGE_LOOP('',(#13756,#13758,#13759,#13761));
#13763=FACE_OUTER_BOUND('',#13762,.F.);
#13765=CARTESIAN_POINT('',(2.925000357628E0,-2.777659648657E0,6.E0));
#13766=DIRECTION('',(-6.737898901451E-1,7.389229891797E-1,0.E0));
#13767=DIRECTION('',(-7.389229891797E-1,-6.737898901451E-1,0.E0));
#13768=AXIS2_PLACEMENT_3D('',#13765,#13766,#13767);
#13769=PLANE('',#13768);
#13770=ORIENTED_EDGE('',*,*,#10863,.F.);
#13772=ORIENTED_EDGE('',*,*,#13771,.T.);
#13773=ORIENTED_EDGE('',*,*,#11461,.T.);
#13774=ORIENTED_EDGE('',*,*,#13757,.F.);
#13775=EDGE_LOOP('',(#13770,#13772,#13773,#13774));
#13776=FACE_OUTER_BOUND('',#13775,.F.);
#13778=CARTESIAN_POINT('',(3.112499642372E0,-2.394680970907E0,6.E0));
#13779=DIRECTION('',(-8.981387596046E-1,4.397121427660E-1,0.E0));
#13780=DIRECTION('',(-4.397121427660E-1,-8.981387596046E-1,0.E0));
#13781=AXIS2_PLACEMENT_3D('',#13778,#13779,#13780);
#13782=PLANE('',#13781);
#13783=ORIENTED_EDGE('',*,*,#10861,.F.);
#13785=ORIENTED_EDGE('',*,*,#13784,.T.);
#13786=ORIENTED_EDGE('',*,*,#11463,.T.);
#13787=ORIENTED_EDGE('',*,*,#13771,.F.);
#13788=EDGE_LOOP('',(#13783,#13785,#13786,#13787));
#13789=FACE_OUTER_BOUND('',#13788,.F.);
#13791=CARTESIAN_POINT('',(3.112499642372E0,-2.203191363811E0,6.E0));
#13792=DIRECTION('',(-1.E0,0.E0,0.E0));
#13793=DIRECTION('',(0.E0,-1.E0,0.E0));
#13794=AXIS2_PLACEMENT_3D('',#13791,#13792,#13793);
#13795=PLANE('',#13794);
#13796=ORIENTED_EDGE('',*,*,#10859,.F.);
#13798=ORIENTED_EDGE('',*,*,#13797,.T.);
#13799=ORIENTED_EDGE('',*,*,#11465,.T.);
#13800=ORIENTED_EDGE('',*,*,#13784,.F.);
#13801=EDGE_LOOP('',(#13796,#13798,#13799,#13800));
#13802=FACE_OUTER_BOUND('',#13801,.F.);
#13804=CARTESIAN_POINT('',(2.925000357628E0,-1.915957355499E0,6.E0));
#13805=DIRECTION('',(-8.373800750004E-1,-5.466210844748E-1,0.E0));
#13806=DIRECTION('',(5.466210844748E-1,-8.373800750004E-1,0.E0));
#13807=AXIS2_PLACEMENT_3D('',#13804,#13805,#13806);
#13808=PLANE('',#13807);
#13809=ORIENTED_EDGE('',*,*,#10857,.F.);
#13811=ORIENTED_EDGE('',*,*,#13810,.T.);
#13812=ORIENTED_EDGE('',*,*,#11467,.T.);
#13813=ORIENTED_EDGE('',*,*,#13797,.F.);
#13814=EDGE_LOOP('',(#13809,#13811,#13812,#13813));
#13815=FACE_OUTER_BOUND('',#13814,.F.);
#13817=CARTESIAN_POINT('',(2.643750357628E0,-1.724468016624E0,6.E0));
#13818=DIRECTION('',(-5.627909312417E-1,-8.265992787996E-1,0.E0));
#13819=DIRECTION('',(8.265992787996E-1,-5.627909312417E-1,0.E0));
#13820=AXIS2_PLACEMENT_3D('',#13817,#13818,#13819);
#13821=PLANE('',#13820);
#13822=ORIENTED_EDGE('',*,*,#10855,.F.);
#13824=ORIENTED_EDGE('',*,*,#13823,.T.);
#13825=ORIENTED_EDGE('',*,*,#11469,.T.);
#13826=ORIENTED_EDGE('',*,*,#13810,.F.);
#13827=EDGE_LOOP('',(#13822,#13824,#13825,#13826));
#13828=FACE_OUTER_BOUND('',#13827,.F.);
#13830=CARTESIAN_POINT('',(2.175E0,-1.628723347187E0,6.E0));
#13831=DIRECTION('',(-2.001232084928E-1,-9.797707392153E-1,0.E0));
#13832=DIRECTION('',(9.797707392153E-1,-2.001232084928E-1,0.E0));
#13833=AXIS2_PLACEMENT_3D('',#13830,#13831,#13832);
#13834=PLANE('',#13833);
#13835=ORIENTED_EDGE('',*,*,#10853,.F.);
#13837=ORIENTED_EDGE('',*,*,#13836,.T.);
#13838=ORIENTED_EDGE('',*,*,#11471,.T.);
#13839=ORIENTED_EDGE('',*,*,#13823,.F.);
#13840=EDGE_LOOP('',(#13835,#13837,#13838,#13839));
#13841=FACE_OUTER_BOUND('',#13840,.F.);
#13843=CARTESIAN_POINT('',(1.800000357628E0,-1.628723347187E0,6.E0));
#13844=DIRECTION('',(0.E0,-1.E0,0.E0));
#13845=DIRECTION('',(1.E0,0.E0,0.E0));
#13846=AXIS2_PLACEMENT_3D('',#13843,#13844,#13845);
#13847=PLANE('',#13846);
#13848=ORIENTED_EDGE('',*,*,#10851,.F.);
#13850=ORIENTED_EDGE('',*,*,#13849,.T.);
#13851=ORIENTED_EDGE('',*,*,#11473,.T.);
#13852=ORIENTED_EDGE('',*,*,#13836,.F.);
#13853=EDGE_LOOP('',(#13848,#13850,#13851,#13852));
#13854=FACE_OUTER_BOUND('',#13853,.F.);
#13856=CARTESIAN_POINT('',(1.33125E0,-1.724468016624E0,6.E0));
#13857=DIRECTION('',(2.001232084928E-1,-9.797707392153E-1,0.E0));
#13858=DIRECTION('',(9.797707392153E-1,2.001232084928E-1,0.E0));
#13859=AXIS2_PLACEMENT_3D('',#13856,#13857,#13858);
#13860=PLANE('',#13859);
#13861=ORIENTED_EDGE('',*,*,#10849,.F.);
#13863=ORIENTED_EDGE('',*,*,#13862,.T.);
#13864=ORIENTED_EDGE('',*,*,#11475,.T.);
#13865=ORIENTED_EDGE('',*,*,#13849,.F.);
#13866=EDGE_LOOP('',(#13861,#13863,#13864,#13865));
#13867=FACE_OUTER_BOUND('',#13866,.F.);
#13869=CARTESIAN_POINT('',(1.05E0,-1.915957355499E0,6.E0));
#13870=DIRECTION('',(5.627909312417E-1,-8.265992787996E-1,0.E0));
#13871=DIRECTION('',(8.265992787996E-1,5.627909312417E-1,0.E0));
#13872=AXIS2_PLACEMENT_3D('',#13869,#13870,#13871);
#13873=PLANE('',#13872);
#13874=ORIENTED_EDGE('',*,*,#10847,.F.);
#13876=ORIENTED_EDGE('',*,*,#13875,.T.);
#13877=ORIENTED_EDGE('',*,*,#11477,.T.);
#13878=ORIENTED_EDGE('',*,*,#13862,.F.);
#13879=EDGE_LOOP('',(#13874,#13876,#13877,#13878));
#13880=FACE_OUTER_BOUND('',#13879,.F.);
#13882=CARTESIAN_POINT('',(8.625001788139E-1,-2.203191363811E0,6.E0));
#13883=DIRECTION('',(8.373793591563E-1,-5.466221810895E-1,0.E0));
#13884=DIRECTION('',(5.466221810895E-1,8.373793591563E-1,0.E0));
#13885=AXIS2_PLACEMENT_3D('',#13882,#13883,#13884);
#13886=PLANE('',#13885);
#13887=ORIENTED_EDGE('',*,*,#10845,.F.);
#13889=ORIENTED_EDGE('',*,*,#13888,.T.);
#13890=ORIENTED_EDGE('',*,*,#11479,.T.);
#13891=ORIENTED_EDGE('',*,*,#13875,.F.);
#13892=EDGE_LOOP('',(#13887,#13889,#13890,#13891));
#13893=FACE_OUTER_BOUND('',#13892,.F.);
#13895=CARTESIAN_POINT('',(3.937498211861E-1,-2.203191363811E0,6.E0));
#13896=DIRECTION('',(0.E0,-1.E0,0.E0));
#13897=DIRECTION('',(1.E0,0.E0,0.E0));
#13898=AXIS2_PLACEMENT_3D('',#13895,#13896,#13897);
#13899=PLANE('',#13898);
#13900=ORIENTED_EDGE('',*,*,#10843,.F.);
#13902=ORIENTED_EDGE('',*,*,#13901,.T.);
#13903=ORIENTED_EDGE('',*,*,#11481,.T.);
#13904=ORIENTED_EDGE('',*,*,#13888,.F.);
#13905=EDGE_LOOP('',(#13900,#13902,#13903,#13904));
#13906=FACE_OUTER_BOUND('',#13905,.F.);
#13908=CARTESIAN_POINT('',(4.875E-1,-1.820212686062E0,6.E0));
#13909=DIRECTION('',(-9.713210491251E-1,2.377717803411E-1,0.E0));
#13910=DIRECTION('',(-2.377717803411E-1,-9.713210491251E-1,0.E0));
#13911=AXIS2_PLACEMENT_3D('',#13908,#13909,#13910);
#13912=PLANE('',#13911);
#13913=ORIENTED_EDGE('',*,*,#10841,.F.);
#13915=ORIENTED_EDGE('',*,*,#13914,.T.);
#13916=ORIENTED_EDGE('',*,*,#11483,.T.);
#13917=ORIENTED_EDGE('',*,*,#13901,.F.);
#13918=EDGE_LOOP('',(#13913,#13915,#13916,#13917));
#13919=FACE_OUTER_BOUND('',#13918,.F.);
#13921=CARTESIAN_POINT('',(8.625001788139E-1,-1.437234008312E0,6.E0));
#13922=DIRECTION('',(-7.145102180353E-1,6.996250055017E-1,0.E0));
#13923=DIRECTION('',(-6.996250055017E-1,-7.145102180353E-1,0.E0));
#13924=AXIS2_PLACEMENT_3D('',#13921,#13922,#13923);
#13925=PLANE('',#13924);
#13926=ORIENTED_EDGE('',*,*,#10839,.F.);
#13928=ORIENTED_EDGE('',*,*,#13927,.T.);
#13929=ORIENTED_EDGE('',*,*,#11485,.T.);
#13930=ORIENTED_EDGE('',*,*,#13914,.F.);
#13931=EDGE_LOOP('',(#13926,#13928,#13929,#13930));
#13932=FACE_OUTER_BOUND('',#13931,.F.);
#13934=CARTESIAN_POINT('',(1.237500357628E0,-1.245744669437E0,6.E0));
#13935=DIRECTION('',(-4.547769415434E-1,8.906053746977E-1,0.E0));
#13936=DIRECTION('',(-8.906053746977E-1,-4.547769415434E-1,0.E0));
#13937=AXIS2_PLACEMENT_3D('',#13934,#13935,#13936);
#13938=PLANE('',#13937);
#13939=ORIENTED_EDGE('',*,*,#10837,.F.);
#13941=ORIENTED_EDGE('',*,*,#13940,.T.);
#13942=ORIENTED_EDGE('',*,*,#11487,.T.);
#13943=ORIENTED_EDGE('',*,*,#13927,.F.);
#13944=EDGE_LOOP('',(#13939,#13941,#13942,#13943));
#13945=FACE_OUTER_BOUND('',#13944,.F.);
#13947=CARTESIAN_POINT('',(1.89375E0,-1.15E0,6.E0));
#13948=DIRECTION('',(-1.443683079492E-1,9.895240227806E-1,0.E0));
#13949=DIRECTION('',(-9.895240227806E-1,-1.443683079492E-1,0.E0));
#13950=AXIS2_PLACEMENT_3D('',#13947,#13948,#13949);
#13951=PLANE('',#13950);
#13952=ORIENTED_EDGE('',*,*,#10835,.F.);
#13954=ORIENTED_EDGE('',*,*,#13953,.T.);
#13955=ORIENTED_EDGE('',*,*,#11489,.T.);
#13956=ORIENTED_EDGE('',*,*,#13940,.F.);
#13957=EDGE_LOOP('',(#13952,#13954,#13955,#13956));
#13958=FACE_OUTER_BOUND('',#13957,.F.);
#13960=CARTESIAN_POINT('',(2.268749642372E0,-1.15E0,6.E0));
#13961=DIRECTION('',(0.E0,1.E0,0.E0));
#13962=DIRECTION('',(-1.E0,0.E0,0.E0));
#13963=AXIS2_PLACEMENT_3D('',#13960,#13961,#13962);
#13964=PLANE('',#13963);
#13965=ORIENTED_EDGE('',*,*,#10833,.F.);
#13967=ORIENTED_EDGE('',*,*,#13966,.T.);
#13968=ORIENTED_EDGE('',*,*,#11491,.T.);
#13969=ORIENTED_EDGE('',*,*,#13953,.F.);
#13970=EDGE_LOOP('',(#13965,#13967,#13968,#13969));
#13971=FACE_OUTER_BOUND('',#13970,.F.);
#13973=CARTESIAN_POINT('',(2.831249642372E0,-1.245744669437E0,6.E0));
#13974=DIRECTION('',(1.677993286083E-1,9.858211730931E-1,0.E0));
#13975=DIRECTION('',(-9.858211730931E-1,1.677993286083E-1,0.E0));
#13976=AXIS2_PLACEMENT_3D('',#13973,#13974,#13975);
#13977=PLANE('',#13976);
#13978=ORIENTED_EDGE('',*,*,#10831,.F.);
#13980=ORIENTED_EDGE('',*,*,#13979,.T.);
#13981=ORIENTED_EDGE('',*,*,#11493,.T.);
#13982=ORIENTED_EDGE('',*,*,#13966,.F.);
#13983=EDGE_LOOP('',(#13978,#13980,#13981,#13982));
#13984=FACE_OUTER_BOUND('',#13983,.F.);
#13986=CARTESIAN_POINT('',(3.206250357628E0,-1.437234008312E0,6.E0));
#13987=DIRECTION('',(4.547764255314E-1,8.906056381928E-1,0.E0));
#13988=DIRECTION('',(-8.906056381928E-1,4.547764255314E-1,0.E0));
#13989=AXIS2_PLACEMENT_3D('',#13986,#13987,#13988);
#13990=PLANE('',#13989);
#13991=ORIENTED_EDGE('',*,*,#10829,.F.);
#13993=ORIENTED_EDGE('',*,*,#13992,.T.);
#13994=ORIENTED_EDGE('',*,*,#11495,.T.);
#13995=ORIENTED_EDGE('',*,*,#13979,.F.);
#13996=EDGE_LOOP('',(#13991,#13993,#13994,#13995));
#13997=FACE_OUTER_BOUND('',#13996,.F.);
#13999=CARTESIAN_POINT('',(3.58125E0,-1.820212686062E0,6.E0));
#14000=DIRECTION('',(7.145107183351E-1,6.996244945571E-1,0.E0));
#14001=DIRECTION('',(-6.996244945571E-1,7.145107183351E-1,0.E0));
#14002=AXIS2_PLACEMENT_3D('',#13999,#14000,#14001);
#14003=PLANE('',#14002);
#14004=ORIENTED_EDGE('',*,*,#10827,.F.);
#14006=ORIENTED_EDGE('',*,*,#14005,.T.);
#14007=ORIENTED_EDGE('',*,*,#11497,.T.);
#14008=ORIENTED_EDGE('',*,*,#13992,.F.);
#14009=EDGE_LOOP('',(#14004,#14006,#14007,#14008));
#14010=FACE_OUTER_BOUND('',#14009,.F.);
#14012=CARTESIAN_POINT('',(3.674999642372E0,-2.203191363811E0,6.E0));
#14013=DIRECTION('',(9.713213633444E-1,2.377704967206E-1,0.E0));
#14014=DIRECTION('',(-2.377704967206E-1,9.713213633444E-1,0.E0));
#14015=AXIS2_PLACEMENT_3D('',#14012,#14013,#14014);
#14016=PLANE('',#14015);
#14017=ORIENTED_EDGE('',*,*,#10825,.F.);
#14019=ORIENTED_EDGE('',*,*,#14018,.T.);
#14020=ORIENTED_EDGE('',*,*,#11499,.T.);
#14021=ORIENTED_EDGE('',*,*,#14005,.F.);
#14022=EDGE_LOOP('',(#14017,#14019,#14020,#14021));
#14023=FACE_OUTER_BOUND('',#14022,.F.);
#14025=CARTESIAN_POINT('',(3.674999642372E0,-2.394680970907E0,6.E0));
#14026=DIRECTION('',(1.E0,0.E0,0.E0));
#14027=DIRECTION('',(0.E0,1.E0,0.E0));
#14028=AXIS2_PLACEMENT_3D('',#14025,#14026,#14027);
#14029=PLANE('',#14028);
#14030=ORIENTED_EDGE('',*,*,#10823,.F.);
#14032=ORIENTED_EDGE('',*,*,#14031,.T.);
#14033=ORIENTED_EDGE('',*,*,#11501,.T.);
#14034=ORIENTED_EDGE('',*,*,#14018,.F.);
#14035=EDGE_LOOP('',(#14030,#14032,#14033,#14034));
#14036=FACE_OUTER_BOUND('',#14035,.F.);
#14038=CARTESIAN_POINT('',(3.58125E0,-2.777659648657E0,6.E0));
#14039=DIRECTION('',(9.713213633444E-1,-2.377704967206E-1,0.E0));
#14040=DIRECTION('',(2.377704967206E-1,9.713213633444E-1,0.E0));
#14041=AXIS2_PLACEMENT_3D('',#14038,#14039,#14040);
#14042=PLANE('',#14041);
#14043=ORIENTED_EDGE('',*,*,#10821,.F.);
#14045=ORIENTED_EDGE('',*,*,#14044,.T.);
#14046=ORIENTED_EDGE('',*,*,#11503,.T.);
#14047=ORIENTED_EDGE('',*,*,#14031,.F.);
#14048=EDGE_LOOP('',(#14043,#14045,#14046,#14047));
#14049=FACE_OUTER_BOUND('',#14048,.F.);
#14051=CARTESIAN_POINT('',(3.393749642372E0,-3.064893656969E0,6.E0));
#14052=DIRECTION('',(8.373786433120E-1,-5.466232777014E-1,0.E0));
#14053=DIRECTION('',(5.466232777014E-1,8.373786433120E-1,0.E0));
#14054=AXIS2_PLACEMENT_3D('',#14051,#14052,#14053);
#14055=PLANE('',#14054);
#14056=ORIENTED_EDGE('',*,*,#10819,.F.);
#14058=ORIENTED_EDGE('',*,*,#14057,.T.);
#14059=ORIENTED_EDGE('',*,*,#11505,.T.);
#14060=ORIENTED_EDGE('',*,*,#14044,.F.);
#14061=EDGE_LOOP('',(#14056,#14058,#14059,#14060));
#14062=FACE_OUTER_BOUND('',#14061,.F.);
#14064=CARTESIAN_POINT('',(1.05E0,-5.171276585758E0,6.E0));
#14065=DIRECTION('',(6.684400333338E-1,-7.437660397173E-1,0.E0));
#14066=DIRECTION('',(7.437660397173E-1,6.684400333338E-1,0.E0));
#14067=AXIS2_PLACEMENT_3D('',#14064,#14065,#14066);
#14068=PLANE('',#14067);
#14069=ORIENTED_EDGE('',*,*,#10817,.F.);
#14071=ORIENTED_EDGE('',*,*,#14070,.T.);
#14072=ORIENTED_EDGE('',*,*,#11507,.T.);
#14073=ORIENTED_EDGE('',*,*,#14057,.F.);
#14074=EDGE_LOOP('',(#14069,#14071,#14072,#14073));
#14075=FACE_OUTER_BOUND('',#14074,.F.);
#14077=CARTESIAN_POINT('',(3.674999642372E0,-5.171276585758E0,6.E0));
#14078=DIRECTION('',(0.E0,1.E0,0.E0));
#14079=DIRECTION('',(-1.E0,0.E0,0.E0));
#14080=AXIS2_PLACEMENT_3D('',#14077,#14078,#14079);
#14081=PLANE('',#14080);
#14082=ORIENTED_EDGE('',*,*,#10815,.F.);
#14084=ORIENTED_EDGE('',*,*,#14083,.T.);
#14085=ORIENTED_EDGE('',*,*,#11509,.T.);
#14086=ORIENTED_EDGE('',*,*,#14070,.F.);
#14087=EDGE_LOOP('',(#14082,#14084,#14085,#14086));
#14088=FACE_OUTER_BOUND('',#14087,.F.);
#14090=CARTESIAN_POINT('',(3.674999642372E0,-5.65E0,6.E0));
#14091=DIRECTION('',(1.E0,0.E0,0.E0));
#14092=DIRECTION('',(0.E0,1.E0,0.E0));
#14093=AXIS2_PLACEMENT_3D('',#14090,#14091,#14092);
#14094=PLANE('',#14093);
#14095=ORIENTED_EDGE('',*,*,#10813,.F.);
#14097=ORIENTED_EDGE('',*,*,#14096,.T.);
#14098=ORIENTED_EDGE('',*,*,#11511,.T.);
#14099=ORIENTED_EDGE('',*,*,#14083,.F.);
#14100=EDGE_LOOP('',(#14095,#14097,#14098,#14099));
#14101=FACE_OUTER_BOUND('',#14100,.F.);
#14103=CARTESIAN_POINT('',(3.000001788139E-1,-5.65E0,6.E0));
#14104=DIRECTION('',(0.E0,-1.E0,0.E0));
#14105=DIRECTION('',(1.E0,0.E0,0.E0));
#14106=AXIS2_PLACEMENT_3D('',#14103,#14104,#14105);
#14107=PLANE('',#14106);
#14108=ORIENTED_EDGE('',*,*,#10811,.F.);
#14109=ORIENTED_EDGE('',*,*,#13760,.T.);
#14110=ORIENTED_EDGE('',*,*,#11513,.T.);
#14111=ORIENTED_EDGE('',*,*,#14096,.F.);
#14112=EDGE_LOOP('',(#14108,#14109,#14110,#14111));
#14113=FACE_OUTER_BOUND('',#14112,.F.);
#14115=CARTESIAN_POINT('',(5.081249642372E0,-3.639361673594E0,6.E0));
#14116=DIRECTION('',(6.080761011394E-1,-7.938787408812E-1,0.E0));
#14117=DIRECTION('',(7.938787408812E-1,6.080761011394E-1,0.E0));
#14118=AXIS2_PLACEMENT_3D('',#14115,#14116,#14117);
#14119=PLANE('',#14118);
#14120=ORIENTED_EDGE('',*,*,#10867,.F.);
#14122=ORIENTED_EDGE('',*,*,#14121,.T.);
#14123=ORIENTED_EDGE('',*,*,#11523,.T.);
#14125=ORIENTED_EDGE('',*,*,#14124,.F.);
#14126=EDGE_LOOP('',(#14120,#14122,#14123,#14125));
#14127=FACE_OUTER_BOUND('',#14126,.F.);
#14129=CARTESIAN_POINT('',(4.425E0,-3.639361673594E0,6.E0));
#14130=DIRECTION('',(0.E0,-1.E0,0.E0));
#14131=DIRECTION('',(1.E0,0.E0,0.E0));
#14132=AXIS2_PLACEMENT_3D('',#14129,#14130,#14131);
#14133=PLANE('',#14132);
#14134=ORIENTED_EDGE('',*,*,#10945,.F.);
#14136=ORIENTED_EDGE('',*,*,#14135,.T.);
#14137=ORIENTED_EDGE('',*,*,#11525,.T.);
#14138=ORIENTED_EDGE('',*,*,#14121,.F.);
#14139=EDGE_LOOP('',(#14134,#14136,#14137,#14138));
#14140=FACE_OUTER_BOUND('',#14139,.F.);
#14142=CARTESIAN_POINT('',(4.425E0,-1.15E0,6.E0));
#14143=DIRECTION('',(-1.E0,0.E0,0.E0));
#14144=DIRECTION('',(0.E0,-1.E0,0.E0));
#14145=AXIS2_PLACEMENT_3D('',#14142,#14143,#14144);
#14146=PLANE('',#14145);
#14147=ORIENTED_EDGE('',*,*,#10943,.F.);
#14149=ORIENTED_EDGE('',*,*,#14148,.T.);
#14150=ORIENTED_EDGE('',*,*,#11527,.T.);
#14151=ORIENTED_EDGE('',*,*,#14135,.F.);
#14152=EDGE_LOOP('',(#14147,#14149,#14150,#14151));
#14153=FACE_OUTER_BOUND('',#14152,.F.);
#14155=CARTESIAN_POINT('',(7.612499642372E0,-1.15E0,6.E0));
#14156=DIRECTION('',(0.E0,1.E0,0.E0));
#14157=DIRECTION('',(-1.E0,0.E0,0.E0));
#14158=AXIS2_PLACEMENT_3D('',#14155,#14156,#14157);
#14159=PLANE('',#14158);
#14160=ORIENTED_EDGE('',*,*,#10941,.F.);
#14162=ORIENTED_EDGE('',*,*,#14161,.T.);
#14163=ORIENTED_EDGE('',*,*,#11529,.T.);
#14164=ORIENTED_EDGE('',*,*,#14148,.F.);
#14165=EDGE_LOOP('',(#14160,#14162,#14163,#14164));
#14166=FACE_OUTER_BOUND('',#14165,.F.);
#14168=CARTESIAN_POINT('',(7.612499642372E0,-1.628723347187E0,6.E0));
#14169=DIRECTION('',(1.E0,0.E0,0.E0));
#14170=DIRECTION('',(0.E0,1.E0,0.E0));
#14171=AXIS2_PLACEMENT_3D('',#14168,#14169,#14170);
#14172=PLANE('',#14171);
#14173=ORIENTED_EDGE('',*,*,#10939,.F.);
#14175=ORIENTED_EDGE('',*,*,#14174,.T.);
#14176=ORIENTED_EDGE('',*,*,#11531,.T.);
#14177=ORIENTED_EDGE('',*,*,#14161,.F.);
#14178=EDGE_LOOP('',(#14173,#14175,#14176,#14177));
#14179=FACE_OUTER_BOUND('',#14178,.F.);
#14181=CARTESIAN_POINT('',(4.893750357628E0,-1.628723347187E0,6.E0));
#14182=DIRECTION('',(0.E0,-1.E0,0.E0));
#14183=DIRECTION('',(1.E0,0.E0,0.E0));
#14184=AXIS2_PLACEMENT_3D('',#14181,#14182,#14183);
#14185=PLANE('',#14184);
#14186=ORIENTED_EDGE('',*,*,#10937,.F.);
#14188=ORIENTED_EDGE('',*,*,#14187,.T.);
#14189=ORIENTED_EDGE('',*,*,#11533,.T.);
#14190=ORIENTED_EDGE('',*,*,#14174,.F.);
#14191=EDGE_LOOP('',(#14186,#14188,#14189,#14190));
#14192=FACE_OUTER_BOUND('',#14191,.F.);
#14194=CARTESIAN_POINT('',(4.893750357628E0,-3.160638326406E0,6.E0));
#14195=DIRECTION('',(1.E0,0.E0,0.E0));
#14196=DIRECTION('',(0.E0,1.E0,0.E0));
#14197=AXIS2_PLACEMENT_3D('',#14194,#14195,#14196);
#14198=PLANE('',#14197);
#14199=ORIENTED_EDGE('',*,*,#10935,.F.);
#14201=ORIENTED_EDGE('',*,*,#14200,.T.);
#14202=ORIENTED_EDGE('',*,*,#11535,.T.);
#14203=ORIENTED_EDGE('',*,*,#14187,.F.);
#14204=EDGE_LOOP('',(#14199,#14201,#14202,#14203));
#14205=FACE_OUTER_BOUND('',#14204,.F.);
#14207=CARTESIAN_POINT('',(5.362499642372E0,-2.873404318094E0,6.E0));
#14208=DIRECTION('',(-5.224775081977E-1,8.526530674474E-1,0.E0));
#14209=DIRECTION('',(-8.526530674474E-1,-5.224775081977E-1,0.E0));
#14210=AXIS2_PLACEMENT_3D('',#14207,#14208,#14209);
#14211=PLANE('',#14210);
#14212=ORIENTED_EDGE('',*,*,#10933,.F.);
#14214=ORIENTED_EDGE('',*,*,#14213,.T.);
#14215=ORIENTED_EDGE('',*,*,#11537,.T.);
#14216=ORIENTED_EDGE('',*,*,#14200,.F.);
#14217=EDGE_LOOP('',(#14212,#14214,#14215,#14216));
#14218=FACE_OUTER_BOUND('',#14217,.F.);
#14220=CARTESIAN_POINT('',(5.83125E0,-2.777659648657E0,6.E0));
#14221=DIRECTION('',(-2.001232084928E-1,9.797707392153E-1,0.E0));
#14222=DIRECTION('',(-9.797707392153E-1,-2.001232084928E-1,0.E0));
#14223=AXIS2_PLACEMENT_3D('',#14220,#14221,#14222);
#14224=PLANE('',#14223);
#14225=ORIENTED_EDGE('',*,*,#10931,.F.);
#14227=ORIENTED_EDGE('',*,*,#14226,.T.);
#14228=ORIENTED_EDGE('',*,*,#11539,.T.);
#14229=ORIENTED_EDGE('',*,*,#14213,.F.);
#14230=EDGE_LOOP('',(#14225,#14227,#14228,#14229));
#14231=FACE_OUTER_BOUND('',#14230,.F.);
#14233=CARTESIAN_POINT('',(6.39375E0,-2.777659648657E0,6.E0));
#14234=DIRECTION('',(0.E0,1.E0,0.E0));
#14235=DIRECTION('',(-1.E0,0.E0,0.E0));
#14236=AXIS2_PLACEMENT_3D('',#14233,#14234,#14235);
#14237=PLANE('',#14236);
#14238=ORIENTED_EDGE('',*,*,#10929,.F.);
#14240=ORIENTED_EDGE('',*,*,#14239,.T.);
#14241=ORIENTED_EDGE('',*,*,#11541,.T.);
#14242=ORIENTED_EDGE('',*,*,#14226,.F.);
#14243=EDGE_LOOP('',(#14238,#14240,#14241,#14242));
#14244=FACE_OUTER_BOUND('',#14243,.F.);
#14246=CARTESIAN_POINT('',(6.862500357628E0,-2.873404318094E0,6.E0));
#14247=DIRECTION('',(2.001232084928E-1,9.797707392153E-1,0.E0));
#14248=DIRECTION('',(-9.797707392153E-1,2.001232084928E-1,0.E0));
#14249=AXIS2_PLACEMENT_3D('',#14246,#14247,#14248);
#14250=PLANE('',#14249);
#14251=ORIENTED_EDGE('',*,*,#10927,.F.);
#14253=ORIENTED_EDGE('',*,*,#14252,.T.);
#14254=ORIENTED_EDGE('',*,*,#11543,.T.);
#14255=ORIENTED_EDGE('',*,*,#14239,.F.);
#14256=EDGE_LOOP('',(#14251,#14253,#14254,#14255));
#14257=FACE_OUTER_BOUND('',#14256,.F.);
#14259=CARTESIAN_POINT('',(7.331249642372E0,-3.160638326406E0,6.E0));
#14260=DIRECTION('',(5.224775081977E-1,8.526530674474E-1,0.E0));
#14261=DIRECTION('',(-8.526530674474E-1,5.224775081977E-1,0.E0));
#14262=AXIS2_PLACEMENT_3D('',#14259,#14260,#14261);
#14263=PLANE('',#14262);
#14264=ORIENTED_EDGE('',*,*,#10925,.F.);
#14266=ORIENTED_EDGE('',*,*,#14265,.T.);
#14267=ORIENTED_EDGE('',*,*,#11545,.T.);
#14268=ORIENTED_EDGE('',*,*,#14252,.F.);
#14269=EDGE_LOOP('',(#14264,#14266,#14267,#14268));
#14270=FACE_OUTER_BOUND('',#14269,.F.);
#14272=CARTESIAN_POINT('',(7.612499642372E0,-3.543617004156E0,6.E0));
#14273=DIRECTION('',(8.060043958311E-1,5.919095487496E-1,0.E0));
#14274=DIRECTION('',(-5.919095487496E-1,8.060043958311E-1,0.E0));
#14275=AXIS2_PLACEMENT_3D('',#14272,#14273,#14274);
#14276=PLANE('',#14275);
#14277=ORIENTED_EDGE('',*,*,#10923,.F.);
#14279=ORIENTED_EDGE('',*,*,#14278,.T.);
#14280=ORIENTED_EDGE('',*,*,#11547,.T.);
#14281=ORIENTED_EDGE('',*,*,#14265,.F.);
#14282=EDGE_LOOP('',(#14277,#14279,#14280,#14281));
#14283=FACE_OUTER_BOUND('',#14282,.F.);
#14285=CARTESIAN_POINT('',(7.8E0,-4.022340485454E0,6.E0));
#14286=DIRECTION('',(9.311280344896E-1,3.646924504120E-1,0.E0));
#14287=DIRECTION('',(-3.646924504120E-1,9.311280344896E-1,0.E0));
#14288=AXIS2_PLACEMENT_3D('',#14285,#14286,#14287);
#14289=PLANE('',#14288);
#14290=ORIENTED_EDGE('',*,*,#10921,.F.);
#14292=ORIENTED_EDGE('',*,*,#14291,.T.);
#14293=ORIENTED_EDGE('',*,*,#11549,.T.);
#14294=ORIENTED_EDGE('',*,*,#14278,.F.);
#14295=EDGE_LOOP('',(#14290,#14292,#14293,#14294));
#14296=FACE_OUTER_BOUND('',#14295,.F.);
#14298=CARTESIAN_POINT('',(7.8E0,-4.405319163203E0,6.E0));
#14299=DIRECTION('',(1.E0,0.E0,0.E0));
#14300=DIRECTION('',(0.E0,1.E0,0.E0));
#14301=AXIS2_PLACEMENT_3D('',#14298,#14299,#14300);
#14302=PLANE('',#14301);
#14303=ORIENTED_EDGE('',*,*,#10919,.F.);
#14305=ORIENTED_EDGE('',*,*,#14304,.T.);
#14306=ORIENTED_EDGE('',*,*,#11551,.T.);
#14307=ORIENTED_EDGE('',*,*,#14291,.F.);
#14308=EDGE_LOOP('',(#14303,#14305,#14306,#14307));
#14309=FACE_OUTER_BOUND('',#14308,.F.);
#14311=CARTESIAN_POINT('',(7.612499642372E0,-4.884042577446E0,6.E0));
#14312=DIRECTION('',(9.311280171432E-1,-3.646924947007E-1,0.E0));
#14313=DIRECTION('',(3.646924947007E-1,9.311280171432E-1,0.E0));
#14314=AXIS2_PLACEMENT_3D('',#14311,#14312,#14313);
#14315=PLANE('',#14314);
#14316=ORIENTED_EDGE('',*,*,#10917,.F.);
#14318=ORIENTED_EDGE('',*,*,#14317,.T.);
#14319=ORIENTED_EDGE('',*,*,#11553,.T.);
#14320=ORIENTED_EDGE('',*,*,#14304,.F.);
#14321=EDGE_LOOP('',(#14316,#14318,#14319,#14320));
#14322=FACE_OUTER_BOUND('',#14321,.F.);
#14324=CARTESIAN_POINT('',(7.331249642372E0,-5.267021288723E0,6.E0));
#14325=DIRECTION('',(8.060044205527E-1,-5.919095150862E-1,0.E0));
#14326=DIRECTION('',(5.919095150862E-1,8.060044205527E-1,0.E0));
#14327=AXIS2_PLACEMENT_3D('',#14324,#14325,#14326);
#14328=PLANE('',#14327);
#14329=ORIENTED_EDGE('',*,*,#10915,.F.);
#14331=ORIENTED_EDGE('',*,*,#14330,.T.);
#14332=ORIENTED_EDGE('',*,*,#11555,.T.);
#14333=ORIENTED_EDGE('',*,*,#14317,.F.);
#14334=EDGE_LOOP('',(#14329,#14331,#14332,#14333));
#14335=FACE_OUTER_BOUND('',#14334,.F.);
#14337=CARTESIAN_POINT('',(6.862500357628E0,-5.554255322181E0,6.E0));
#14338=DIRECTION('',(5.224775414514E-1,-8.526530470706E-1,0.E0));
#14339=DIRECTION('',(8.526530470706E-1,5.224775414514E-1,0.E0));
#14340=AXIS2_PLACEMENT_3D('',#14337,#14338,#14339);
#14341=PLANE('',#14340);
#14342=ORIENTED_EDGE('',*,*,#10913,.F.);
#14344=ORIENTED_EDGE('',*,*,#14343,.T.);
#14345=ORIENTED_EDGE('',*,*,#11557,.T.);
#14346=ORIENTED_EDGE('',*,*,#14330,.F.);
#14347=EDGE_LOOP('',(#14342,#14344,#14345,#14346));
#14348=FACE_OUTER_BOUND('',#14347,.F.);
#14350=CARTESIAN_POINT('',(6.39375E0,-5.65E0,6.E0));
#14351=DIRECTION('',(2.001232253108E-1,-9.797707357802E-1,0.E0));
#14352=DIRECTION('',(9.797707357802E-1,2.001232253108E-1,0.E0));
#14353=AXIS2_PLACEMENT_3D('',#14350,#14351,#14352);
#14354=PLANE('',#14353);
#14355=ORIENTED_EDGE('',*,*,#10911,.F.);
#14357=ORIENTED_EDGE('',*,*,#14356,.T.);
#14358=ORIENTED_EDGE('',*,*,#11559,.T.);
#14359=ORIENTED_EDGE('',*,*,#14343,.F.);
#14360=EDGE_LOOP('',(#14355,#14357,#14358,#14359));
#14361=FACE_OUTER_BOUND('',#14360,.F.);
#14363=CARTESIAN_POINT('',(5.83125E0,-5.65E0,6.E0));
#14364=DIRECTION('',(0.E0,-1.E0,0.E0));
#14365=DIRECTION('',(1.E0,0.E0,0.E0));
#14366=AXIS2_PLACEMENT_3D('',#14363,#14364,#14365);
#14367=PLANE('',#14366);
#14368=ORIENTED_EDGE('',*,*,#10909,.F.);
#14370=ORIENTED_EDGE('',*,*,#14369,.T.);
#14371=ORIENTED_EDGE('',*,*,#11561,.T.);
#14372=ORIENTED_EDGE('',*,*,#14356,.F.);
#14373=EDGE_LOOP('',(#14368,#14370,#14371,#14372));
#14374=FACE_OUTER_BOUND('',#14373,.F.);
#14376=CARTESIAN_POINT('',(5.362499642372E0,-5.554255322181E0,6.E0));
#14377=DIRECTION('',(-2.001232253108E-1,-9.797707357802E-1,0.E0));
#14378=DIRECTION('',(9.797707357802E-1,-2.001232253108E-1,0.E0));
#14379=AXIS2_PLACEMENT_3D('',#14376,#14377,#14378);
#14380=PLANE('',#14379);
#14381=ORIENTED_EDGE('',*,*,#10907,.F.);
#14383=ORIENTED_EDGE('',*,*,#14382,.T.);
#14384=ORIENTED_EDGE('',*,*,#11563,.T.);
#14385=ORIENTED_EDGE('',*,*,#14369,.F.);
#14386=EDGE_LOOP('',(#14381,#14383,#14384,#14385));
#14387=FACE_OUTER_BOUND('',#14386,.F.);
#14389=CARTESIAN_POINT('',(4.893750357628E0,-5.267021288723E0,6.E0));
#14390=DIRECTION('',(-5.224775414514E-1,-8.526530470706E-1,0.E0));
#14391=DIRECTION('',(8.526530470706E-1,-5.224775414514E-1,0.E0));
#14392=AXIS2_PLACEMENT_3D('',#14389,#14390,#14391);
#14393=PLANE('',#14392);
#14394=ORIENTED_EDGE('',*,*,#10905,.F.);
#14396=ORIENTED_EDGE('',*,*,#14395,.T.);
#14397=ORIENTED_EDGE('',*,*,#11565,.T.);
#14398=ORIENTED_EDGE('',*,*,#14382,.F.);
#14399=EDGE_LOOP('',(#14394,#14396,#14397,#14398));
#14400=FACE_OUTER_BOUND('',#14399,.F.);
#14402=CARTESIAN_POINT('',(4.612500357628E0,-4.884042577446E0,6.E0));
#14403=DIRECTION('',(-8.060044205527E-1,-5.919095150862E-1,0.E0));
#14404=DIRECTION('',(5.919095150862E-1,-8.060044205527E-1,0.E0));
#14405=AXIS2_PLACEMENT_3D('',#14402,#14403,#14404);
#14406=PLANE('',#14405);
#14407=ORIENTED_EDGE('',*,*,#10903,.F.);
#14409=ORIENTED_EDGE('',*,*,#14408,.T.);
#14410=ORIENTED_EDGE('',*,*,#11567,.T.);
#14411=ORIENTED_EDGE('',*,*,#14395,.F.);
#14412=EDGE_LOOP('',(#14407,#14409,#14410,#14411));
#14413=FACE_OUTER_BOUND('',#14412,.F.);
#14415=CARTESIAN_POINT('',(4.425E0,-4.501063832641E0,6.E0));
#14416=DIRECTION('',(-8.981377963584E-1,-4.397141102494E-1,0.E0));
#14417=DIRECTION('',(4.397141102494E-1,-8.981377963584E-1,0.E0));
#14418=AXIS2_PLACEMENT_3D('',#14415,#14416,#14417);
#14419=PLANE('',#14418);
#14420=ORIENTED_EDGE('',*,*,#10901,.F.);
#14422=ORIENTED_EDGE('',*,*,#14421,.T.);
#14423=ORIENTED_EDGE('',*,*,#11569,.T.);
#14424=ORIENTED_EDGE('',*,*,#14408,.F.);
#14425=EDGE_LOOP('',(#14420,#14422,#14423,#14424));
#14426=FACE_OUTER_BOUND('',#14425,.F.);
#14428=CARTESIAN_POINT('',(4.9875E0,-4.501063832641E0,6.E0));
#14429=DIRECTION('',(0.E0,1.E0,0.E0));
#14430=DIRECTION('',(-1.E0,0.E0,0.E0));
#14431=AXIS2_PLACEMENT_3D('',#14428,#14429,#14430);
#14432=PLANE('',#14431);
#14433=ORIENTED_EDGE('',*,*,#10899,.F.);
#14435=ORIENTED_EDGE('',*,*,#14434,.T.);
#14436=ORIENTED_EDGE('',*,*,#11571,.T.);
#14437=ORIENTED_EDGE('',*,*,#14421,.F.);
#14438=EDGE_LOOP('',(#14433,#14435,#14436,#14437));
#14439=FACE_OUTER_BOUND('',#14438,.F.);
#14441=CARTESIAN_POINT('',(5.175000357628E0,-4.884042577446E0,6.E0));
#14442=DIRECTION('',(8.981377963584E-1,4.397141102494E-1,0.E0));
#14443=DIRECTION('',(-4.397141102494E-1,8.981377963584E-1,0.E0));
#14444=AXIS2_PLACEMENT_3D('',#14441,#14442,#14443);
#14445=PLANE('',#14444);
#14446=ORIENTED_EDGE('',*,*,#10897,.F.);
#14448=ORIENTED_EDGE('',*,*,#14447,.T.);
#14449=ORIENTED_EDGE('',*,*,#11573,.T.);
#14450=ORIENTED_EDGE('',*,*,#14434,.F.);
#14451=EDGE_LOOP('',(#14446,#14448,#14449,#14450));
#14452=FACE_OUTER_BOUND('',#14451,.F.);
#14454=CARTESIAN_POINT('',(5.456250357628E0,-5.075531916320E0,6.E0));
#14455=DIRECTION('',(5.627909312417E-1,8.265992787996E-1,0.E0));
#14456=DIRECTION('',(-8.265992787996E-1,5.627909312417E-1,0.E0));
#14457=AXIS2_PLACEMENT_3D('',#14454,#14455,#14456);
#14458=PLANE('',#14457);
#14459=ORIENTED_EDGE('',*,*,#10895,.F.);
#14461=ORIENTED_EDGE('',*,*,#14460,.T.);
#14462=ORIENTED_EDGE('',*,*,#11575,.T.);
#14463=ORIENTED_EDGE('',*,*,#14447,.F.);
#14464=EDGE_LOOP('',(#14459,#14461,#14462,#14463));
#14465=FACE_OUTER_BOUND('',#14464,.F.);
#14467=CARTESIAN_POINT('',(5.83125E0,-5.171276585758E0,6.E0));
#14468=DIRECTION('',(2.473834390653E-1,9.689176611437E-1,0.E0));
#14469=DIRECTION('',(-9.689176611437E-1,2.473834390653E-1,0.E0));
#14470=AXIS2_PLACEMENT_3D('',#14467,#14468,#14469);
#14471=PLANE('',#14470);
#14472=ORIENTED_EDGE('',*,*,#10893,.F.);
#14474=ORIENTED_EDGE('',*,*,#14473,.T.);
#14475=ORIENTED_EDGE('',*,*,#11577,.T.);
#14476=ORIENTED_EDGE('',*,*,#14460,.F.);
#14477=EDGE_LOOP('',(#14472,#14474,#14475,#14476));
#14478=FACE_OUTER_BOUND('',#14477,.F.);
#14480=CARTESIAN_POINT('',(6.39375E0,-5.171276585758E0,6.E0));
#14481=DIRECTION('',(0.E0,1.E0,0.E0));
#14482=DIRECTION('',(-1.E0,0.E0,0.E0));
#14483=AXIS2_PLACEMENT_3D('',#14480,#14481,#14482);
#14484=PLANE('',#14483);
#14485=ORIENTED_EDGE('',*,*,#10891,.F.);
#14487=ORIENTED_EDGE('',*,*,#14486,.T.);
#14488=ORIENTED_EDGE('',*,*,#11579,.T.);
#14489=ORIENTED_EDGE('',*,*,#14473,.F.);
#14490=EDGE_LOOP('',(#14485,#14487,#14488,#14489));
#14491=FACE_OUTER_BOUND('',#14490,.F.);
#14493=CARTESIAN_POINT('',(6.768749642372E0,-5.075531916320E0,6.E0));
#14494=DIRECTION('',(-2.473834390653E-1,9.689176611437E-1,0.E0));
#14495=DIRECTION('',(-9.689176611437E-1,-2.473834390653E-1,0.E0));
#14496=AXIS2_PLACEMENT_3D('',#14493,#14494,#14495);
#14497=PLANE('',#14496);
#14498=ORIENTED_EDGE('',*,*,#10889,.F.);
#14500=ORIENTED_EDGE('',*,*,#14499,.T.);
#14501=ORIENTED_EDGE('',*,*,#11581,.T.);
#14502=ORIENTED_EDGE('',*,*,#14486,.F.);
#14503=EDGE_LOOP('',(#14498,#14500,#14501,#14502));
#14504=FACE_OUTER_BOUND('',#14503,.F.);
#14506=CARTESIAN_POINT('',(7.049999642372E0,-4.884042577446E0,6.E0));
#14507=DIRECTION('',(-5.627909312417E-1,8.265992787996E-1,0.E0));
#14508=DIRECTION('',(-8.265992787996E-1,-5.627909312417E-1,0.E0));
#14509=AXIS2_PLACEMENT_3D('',#14506,#14507,#14508);
#14510=PLANE('',#14509);
#14511=ORIENTED_EDGE('',*,*,#10887,.F.);
#14513=ORIENTED_EDGE('',*,*,#14512,.T.);
#14514=ORIENTED_EDGE('',*,*,#11583,.T.);
#14515=ORIENTED_EDGE('',*,*,#14499,.F.);
#14516=EDGE_LOOP('',(#14511,#14513,#14514,#14515));
#14517=FACE_OUTER_BOUND('',#14516,.F.);
#14519=CARTESIAN_POINT('',(7.2375E0,-4.596808502078E0,6.E0));
#14520=DIRECTION('',(-8.373787017230E-1,5.466231882208E-1,0.E0));
#14521=DIRECTION('',(-5.466231882208E-1,-8.373787017230E-1,0.E0));
#14522=AXIS2_PLACEMENT_3D('',#14519,#14520,#14521);
#14523=PLANE('',#14522);
#14524=ORIENTED_EDGE('',*,*,#10885,.F.);
#14526=ORIENTED_EDGE('',*,*,#14525,.T.);
#14527=ORIENTED_EDGE('',*,*,#11585,.T.);
#14528=ORIENTED_EDGE('',*,*,#14512,.F.);
#14529=EDGE_LOOP('',(#14524,#14526,#14527,#14528));
#14530=FACE_OUTER_BOUND('',#14529,.F.);
#14532=CARTESIAN_POINT('',(7.331249642372E0,-4.309574493766E0,6.E0));
#14533=DIRECTION('',(-9.506455412394E-1,3.102789952956E-1,0.E0));
#14534=DIRECTION('',(-3.102789952956E-1,-9.506455412394E-1,0.E0));
#14535=AXIS2_PLACEMENT_3D('',#14532,#14533,#14534);
#14536=PLANE('',#14535);
#14537=ORIENTED_EDGE('',*,*,#10883,.F.);
#14539=ORIENTED_EDGE('',*,*,#14538,.T.);
#14540=ORIENTED_EDGE('',*,*,#11587,.T.);
#14541=ORIENTED_EDGE('',*,*,#14525,.F.);
#14542=EDGE_LOOP('',(#14537,#14539,#14540,#14541));
#14543=FACE_OUTER_BOUND('',#14542,.F.);
#14545=CARTESIAN_POINT('',(7.331249642372E0,-4.118085154891E0,6.E0));
#14546=DIRECTION('',(-1.E0,0.E0,0.E0));
#14547=DIRECTION('',(0.E0,-1.E0,0.E0));
#14548=AXIS2_PLACEMENT_3D('',#14545,#14546,#14547);
#14549=PLANE('',#14548);
#14550=ORIENTED_EDGE('',*,*,#10881,.F.);
#14552=ORIENTED_EDGE('',*,*,#14551,.T.);
#14553=ORIENTED_EDGE('',*,*,#11589,.T.);
#14554=ORIENTED_EDGE('',*,*,#14538,.F.);
#14555=EDGE_LOOP('',(#14550,#14552,#14553,#14554));
#14556=FACE_OUTER_BOUND('',#14555,.F.);
#14558=CARTESIAN_POINT('',(7.2375E0,-3.830851012468E0,6.E0));
#14559=DIRECTION('',(-9.506455839711E-1,-3.102788643726E-1,0.E0));
#14560=DIRECTION('',(3.102788643726E-1,-9.506455839711E-1,0.E0));
#14561=AXIS2_PLACEMENT_3D('',#14558,#14559,#14560);
#14562=PLANE('',#14561);
#14563=ORIENTED_EDGE('',*,*,#10879,.F.);
#14565=ORIENTED_EDGE('',*,*,#14564,.T.);
#14566=ORIENTED_EDGE('',*,*,#11591,.T.);
#14567=ORIENTED_EDGE('',*,*,#14551,.F.);
#14568=EDGE_LOOP('',(#14563,#14565,#14566,#14567));
#14569=FACE_OUTER_BOUND('',#14568,.F.);
#14571=CARTESIAN_POINT('',(7.049999642372E0,-3.543617004156E0,6.E0));
#14572=DIRECTION('',(-8.373786433120E-1,-5.466232777014E-1,0.E0));
#14573=DIRECTION('',(5.466232777014E-1,-8.373786433120E-1,0.E0));
#14574=AXIS2_PLACEMENT_3D('',#14571,#14572,#14573);
#14575=PLANE('',#14574);
#14576=ORIENTED_EDGE('',*,*,#10877,.F.);
#14578=ORIENTED_EDGE('',*,*,#14577,.T.);
#14579=ORIENTED_EDGE('',*,*,#11593,.T.);
#14580=ORIENTED_EDGE('',*,*,#14564,.F.);
#14581=EDGE_LOOP('',(#14576,#14578,#14579,#14580));
#14582=FACE_OUTER_BOUND('',#14581,.F.);
#14584=CARTESIAN_POINT('',(6.768749642372E0,-3.352127665281E0,6.E0));
#14585=DIRECTION('',(-5.627909312417E-1,-8.265992787996E-1,0.E0));
#14586=DIRECTION('',(8.265992787996E-1,-5.627909312417E-1,0.E0));
#14587=AXIS2_PLACEMENT_3D('',#14584,#14585,#14586);
#14588=PLANE('',#14587);
#14589=ORIENTED_EDGE('',*,*,#10875,.F.);
#14591=ORIENTED_EDGE('',*,*,#14590,.T.);
#14592=ORIENTED_EDGE('',*,*,#11595,.T.);
#14593=ORIENTED_EDGE('',*,*,#14577,.F.);
#14594=EDGE_LOOP('',(#14589,#14591,#14592,#14593));
#14595=FACE_OUTER_BOUND('',#14594,.F.);
#14597=CARTESIAN_POINT('',(6.39375E0,-3.256382995844E0,6.E0));
#14598=DIRECTION('',(-2.473834390653E-1,-9.689176611437E-1,0.E0));
#14599=DIRECTION('',(9.689176611437E-1,-2.473834390653E-1,0.E0));
#14600=AXIS2_PLACEMENT_3D('',#14597,#14598,#14599);
#14601=PLANE('',#14600);
#14602=ORIENTED_EDGE('',*,*,#10873,.F.);
#14604=ORIENTED_EDGE('',*,*,#14603,.T.);
#14605=ORIENTED_EDGE('',*,*,#11597,.T.);
#14606=ORIENTED_EDGE('',*,*,#14590,.F.);
#14607=EDGE_LOOP('',(#14602,#14604,#14605,#14606));
#14608=FACE_OUTER_BOUND('',#14607,.F.);
#14610=CARTESIAN_POINT('',(5.83125E0,-3.256382995844E0,6.E0));
#14611=DIRECTION('',(0.E0,-1.E0,0.E0));
#14612=DIRECTION('',(1.E0,0.E0,0.E0));
#14613=AXIS2_PLACEMENT_3D('',#14610,#14611,#14612);
#14614=PLANE('',#14613);
#14615=ORIENTED_EDGE('',*,*,#10871,.F.);
#14617=ORIENTED_EDGE('',*,*,#14616,.T.);
#14618=ORIENTED_EDGE('',*,*,#11599,.T.);
#14619=ORIENTED_EDGE('',*,*,#14603,.F.);
#14620=EDGE_LOOP('',(#14615,#14617,#14618,#14619));
#14621=FACE_OUTER_BOUND('',#14620,.F.);
#14623=CARTESIAN_POINT('',(5.456250357628E0,-3.352127665281E0,6.E0));
#14624=DIRECTION('',(2.473834390653E-1,-9.689176611437E-1,0.E0));
#14625=DIRECTION('',(9.689176611437E-1,2.473834390653E-1,0.E0));
#14626=AXIS2_PLACEMENT_3D('',#14623,#14624,#14625);
#14627=PLANE('',#14626);
#14628=ORIENTED_EDGE('',*,*,#10869,.F.);
#14629=ORIENTED_EDGE('',*,*,#14124,.T.);
#14630=ORIENTED_EDGE('',*,*,#11601,.T.);
#14631=ORIENTED_EDGE('',*,*,#14616,.F.);
#14632=EDGE_LOOP('',(#14628,#14629,#14630,#14631));
#14633=FACE_OUTER_BOUND('',#14632,.F.);
#14635=CARTESIAN_POINT('',(0.E0,1.819702678853E-14,5.500000000023E0));
#14636=DIRECTION('',(0.E0,0.E0,-1.E0));
#14637=DIRECTION('',(0.E0,-1.E0,0.E0));
#14638=AXIS2_PLACEMENT_3D('',#14635,#14636,#14637);
#14639=CONICAL_SURFACE('',#14638,1.219999999998E1,4.5E1);
#14640=ORIENTED_EDGE('',*,*,#10508,.T.);
#14641=ORIENTED_EDGE('',*,*,#10412,.T.);
#14643=ORIENTED_EDGE('',*,*,#14642,.F.);
#14644=ORIENTED_EDGE('',*,*,#10409,.F.);
#14645=EDGE_LOOP('',(#14640,#14641,#14643,#14644));
#14646=FACE_OUTER_BOUND('',#14645,.F.);
#14648=CARTESIAN_POINT('',(0.E0,0.E0,0.E0));
#14649=DIRECTION('',(0.E0,0.E0,1.E0));
#14650=DIRECTION('',(1.E0,0.E0,0.E0));
#14651=AXIS2_PLACEMENT_3D('',#14648,#14649,#14650);
#14652=CYLINDRICAL_SURFACE('',#14651,1.27E1);
#14653=ORIENTED_EDGE('',*,*,#14642,.T.);
#14654=ORIENTED_EDGE('',*,*,#10397,.F.);
#14655=ORIENTED_EDGE('',*,*,#10367,.T.);
#14656=ORIENTED_EDGE('',*,*,#10394,.T.);
#14657=EDGE_LOOP('',(#14653,#14654,#14655,#14656));
#14658=FACE_OUTER_BOUND('',#14657,.F.);
#14662=FILL_AREA_STYLE_COLOUR('',#27);
#14663=FILL_AREA_STYLE('',(#14662));
#14664=SURFACE_STYLE_FILL_AREA(#14663);
#14665=SURFACE_SIDE_STYLE('',(#14664));
#14666=SURFACE_STYLE_USAGE(.BOTH.,#14665);
#14667=PRESENTATION_STYLE_ASSIGNMENT((#14666));
#4199=STYLED_ITEM('',(#14667),#14661);
#14668=CARTESIAN_POINT('',(0.E0,0.E0,0.E0));
#14669=DIRECTION('',(0.E0,0.E0,1.E0));
#14670=DIRECTION('',(1.E0,0.E0,0.E0));
#14671=AXIS2_PLACEMENT_3D('PRT_DEF_CSYS',#14668,#14669,#14670);
#14672=CURVE_STYLE('',#62,POSITIVE_LENGTH_MEASURE(2.E-2),#15);
#14673=PRESENTATION_STYLE_ASSIGNMENT((#14672));
#14674=STYLED_ITEM('',(#14673),#14671);
#14675=CARTESIAN_POINT('',(0.E0,0.E0,0.E0));
#14676=DIRECTION('',(1.E0,0.E0,0.E0));
#14677=DIRECTION('',(0.E0,1.E0,0.E0));
#14678=AXIS2_PLACEMENT_3D('',#14675,#14676,#14677);
#14679=PLANE('RIGHT',#14678);
#14680=CARTESIAN_POINT('',(0.E0,0.E0,0.E0));
#14681=DIRECTION('',(0.E0,1.E0,0.E0));
#14682=DIRECTION('',(0.E0,0.E0,1.E0));
#14683=AXIS2_PLACEMENT_3D('',#14680,#14681,#14682);
#14684=PLANE('TOP',#14683);
#14685=CARTESIAN_POINT('',(0.E0,0.E0,0.E0));
#14686=DIRECTION('',(0.E0,0.E0,1.E0));
#14687=DIRECTION('',(1.E0,0.E0,0.E0));
#14688=AXIS2_PLACEMENT_3D('',#14685,#14686,#14687);
#14689=PLANE('FRONT',#14688);
#14690=CARTESIAN_POINT('',(0.E0,0.E0,0.E0));
#14691=DIRECTION('',(0.E0,0.E0,1.E0));
#14692=DIRECTION('',(1.E0,0.E0,0.E0));
#14693=AXIS2_PLACEMENT_3D('',#14690,#14691,#14692);
#14696=CURVE_STYLE('',#62,POSITIVE_LENGTH_MEASURE(2.E-2),#4197);
#14697=PRESENTATION_STYLE_ASSIGNMENT((#14696));
#14698=STYLED_ITEM('',(#14697),#14695);
#14700=CARTESIAN_POINT('',(0.E0,0.E0,0.E0));
#14701=DIRECTION('',(0.E0,0.E0,1.E0));
#14702=DIRECTION('',(-1.E0,0.E0,0.E0));
#14703=AXIS2_PLACEMENT_3D('',#14700,#14701,#14702);
#14706=CURVE_STYLE('',#62,POSITIVE_LENGTH_MEASURE(2.E-2),#4197);
#14707=PRESENTATION_STYLE_ASSIGNMENT((#14706));
#14708=STYLED_ITEM('',(#14707),#14705);
#14712=DIRECTION('',(0.E0,0.E0,1.E0));
#14713=VECTOR('',#14712,4.E0);
#14714=CARTESIAN_POINT('',(0.E0,0.E0,1.E0));
#14715=LINE('',#14714,#14713);
#14717=CURVE_STYLE('',#62,POSITIVE_LENGTH_MEASURE(2.E-2),#4198);
#14718=PRESENTATION_STYLE_ASSIGNMENT((#14717));
#14719=STYLED_ITEM('',(#14718),#14716);
#14720=DIRECTION('',(-1.E0,0.E0,0.E0));
#14721=VECTOR('',#14720,9.166666120291E-1);
#14722=CARTESIAN_POINT('',(-7.45E0,5.5E0,6.E0));
#14723=LINE('',#14722,#14721);
#14725=CURVE_STYLE('',#62,POSITIVE_LENGTH_MEASURE(2.E-2),#4197);
#14726=PRESENTATION_STYLE_ASSIGNMENT((#14725));
#14727=STYLED_ITEM('',(#14726),#14724);
#14729=DIRECTION('',(-3.162277744987E-1,-9.486832952232E-1,0.E0));
#14730=VECTOR('',#14729,5.797509060920E0);
#14731=CARTESIAN_POINT('',(-8.366666612029E0,5.5E0,6.E0));
#14732=LINE('',#14731,#14730);
#14734=CURVE_STYLE('',#62,POSITIVE_LENGTH_MEASURE(2.E-2),#4197);
#14735=PRESENTATION_STYLE_ASSIGNMENT((#14734));
#14736=STYLED_ITEM('',(#14735),#14733);
#14738=DIRECTION('',(1.E0,0.E0,0.E0));
#14739=VECTOR('',#14738,6.875E-1);
#14740=CARTESIAN_POINT('',(-1.02E1,0.E0,6.E0));
#14741=LINE('',#14740,#14739);
#14743=CURVE_STYLE('',#62,POSITIVE_LENGTH_MEASURE(2.E-2),#4197);
#14744=PRESENTATION_STYLE_ASSIGNMENT((#14743));
#14745=STYLED_ITEM('',(#14744),#14742);
#14747=DIRECTION('',(3.102800155243E-1,9.506452082487E-1,0.E0));
#14748=VECTOR('',#14747,1.477160252297E0);
#14749=CARTESIAN_POINT('',(-9.5125E0,0.E0,6.E0));
#14750=LINE('',#14749,#14748);
#14752=CURVE_STYLE('',#62,POSITIVE_LENGTH_MEASURE(2.E-2),#4197);
#14753=PRESENTATION_STYLE_ASSIGNMENT((#14752));
#14754=STYLED_ITEM('',(#14753),#14751);
#14756=DIRECTION('',(1.E0,0.E0,0.E0));
#14757=VECTOR('',#14756,2.291666693985E0);
#14758=CARTESIAN_POINT('',(-9.054166693985E0,1.404255315661E0,6.E0));
#14759=LINE('',#14758,#14757);
#14761=CURVE_STYLE('',#62,POSITIVE_LENGTH_MEASURE(2.E-2),#4197);
#14762=PRESENTATION_STYLE_ASSIGNMENT((#14761));
#14763=STYLED_ITEM('',(#14762),#14760);
#14765=DIRECTION('',(3.102799653834E-1,-9.506452246141E-1,0.E0));
#14766=VECTOR('',#14765,1.477160226867E0);
#14767=CARTESIAN_POINT('',(-6.7625E0,1.404255315661E0,6.E0));
#14768=LINE('',#14767,#14766);
#14770=CURVE_STYLE('',#62,POSITIVE_LENGTH_MEASURE(2.E-2),#4197);
#14771=PRESENTATION_STYLE_ASSIGNMENT((#14770));
#14772=STYLED_ITEM('',(#14771),#14769);
#14774=DIRECTION('',(1.E0,0.E0,0.E0));
#14775=VECTOR('',#14774,6.875E-1);
#14776=CARTESIAN_POINT('',(-6.304166775942E0,0.E0,6.E0));
#14777=LINE('',#14776,#14775);
#14779=CURVE_STYLE('',#62,POSITIVE_LENGTH_MEASURE(2.E-2),#4197);
#14780=PRESENTATION_STYLE_ASSIGNMENT((#14779));
#14781=STYLED_ITEM('',(#14780),#14778);
#14783=DIRECTION('',(-3.162277490531E-1,9.486833037051E-1,0.E0));
#14784=VECTOR('',#14783,5.797509009086E0);
#14785=CARTESIAN_POINT('',(-5.616666775942E0,0.E0,6.E0));
#14786=LINE('',#14785,#14784);
#14788=CURVE_STYLE('',#62,POSITIVE_LENGTH_MEASURE(2.E-2),#4197);
#14789=PRESENTATION_STYLE_ASSIGNMENT((#14788));
#14790=STYLED_ITEM('',(#14789),#14787);
#14793=DIRECTION('',(3.102800658973E-1,-9.506451918075E-1,0.E0));
#14794=VECTOR('',#14793,3.323610754466E0);
#14795=CARTESIAN_POINT('',(-7.908333387971E0,5.031914949417E0,6.E0));
#14796=LINE('',#14795,#14794);
#14798=CURVE_STYLE('',#62,POSITIVE_LENGTH_MEASURE(2.E-2),#4197);
#14799=PRESENTATION_STYLE_ASSIGNMENT((#14798));
#14800=STYLED_ITEM('',(#14799),#14797);
#14802=DIRECTION('',(-1.E0,0.E0,0.E0));
#14803=VECTOR('',#14802,2.062500081956E0);
#14804=CARTESIAN_POINT('',(-6.877083224058E0,1.872340366244E0,6.E0));
#14805=LINE('',#14804,#14803);
#14807=CURVE_STYLE('',#62,POSITIVE_LENGTH_MEASURE(2.E-2),#4197);
#14808=PRESENTATION_STYLE_ASSIGNMENT((#14807));
#14809=STYLED_ITEM('',(#14808),#14806);
#14811=DIRECTION('',(3.102799990428E-1,9.506452136281E-1,0.E0));
#14812=VECTOR('',#14811,3.323610678178E0);
#14813=CARTESIAN_POINT('',(-8.939583306015E0,1.872340366244E0,6.E0));
#14814=LINE('',#14813,#14812);
#14816=CURVE_STYLE('',#62,POSITIVE_LENGTH_MEASURE(2.E-2),#4197);
#14817=PRESENTATION_STYLE_ASSIGNMENT((#14816));
#14818=STYLED_ITEM('',(#14817),#14815);
#14821=DIRECTION('',(1.E0,0.E0,0.E0));
#14822=VECTOR('',#14821,6.875E-1);
#14823=CARTESIAN_POINT('',(-1.491666448116E0,4.212766110897E0,6.E0));
#14824=LINE('',#14823,#14822);
#14826=CURVE_STYLE('',#62,POSITIVE_LENGTH_MEASURE(2.E-2),#4197);
#14827=PRESENTATION_STYLE_ASSIGNMENT((#14826));
#14828=STYLED_ITEM('',(#14827),#14825);
#14830=DIRECTION('',(-3.102805998049E-1,9.506450175458E-1,0.E0));
#14831=VECTOR('',#14830,3.692900940495E-1);
#14832=CARTESIAN_POINT('',(-8.041664481163E-1,4.212766110897E0,6.E0));
#14833=LINE('',#14832,#14831);
#14835=CURVE_STYLE('',#62,POSITIVE_LENGTH_MEASURE(2.E-2),#4197);
#14836=PRESENTATION_STYLE_ASSIGNMENT((#14835));
#14837=STYLED_ITEM('',(#14836),#14834);
#14839=DIRECTION('',(-5.919095487496E-1,8.060043958311E-1,0.E0));
#14840=VECTOR('',#14839,5.807475157753E-1);
#14841=CARTESIAN_POINT('',(-9.1875E-1,4.563829898834E0,6.E0));
#14842=LINE('',#14841,#14840);
#14844=CURVE_STYLE('',#62,POSITIVE_LENGTH_MEASURE(2.E-2),#4197);
#14845=PRESENTATION_STYLE_ASSIGNMENT((#14844));
#14846=STYLED_ITEM('',(#14845),#14843);
#14848=DIRECTION('',(-7.938783209665E-1,6.080766493621E-1,0.E0));
#14849=VECTOR('',#14848,5.773347624932E-1);
#14850=CARTESIAN_POINT('',(-1.2625E0,5.031914949417E0,6.E0));
#14851=LINE('',#14850,#14849);
#14853=CURVE_STYLE('',#62,POSITIVE_LENGTH_MEASURE(2.E-2),#4197);
#14854=PRESENTATION_STYLE_ASSIGNMENT((#14853));
#14855=STYLED_ITEM('',(#14854),#14852);
#14857=DIRECTION('',(-9.797706943097E-1,2.001234283435E-1,0.E0));
#14858=VECTOR('',#14857,5.847454424221E-1);
#14859=CARTESIAN_POINT('',(-1.720833551884E0,5.382978737354E0,6.E0));
#14860=LINE('',#14859,#14858);
#14862=CURVE_STYLE('',#62,POSITIVE_LENGTH_MEASURE(2.E-2),#4197);
#14863=PRESENTATION_STYLE_ASSIGNMENT((#14862));
#14864=STYLED_ITEM('',(#14863),#14861);
#14866=DIRECTION('',(-1.E0,0.E0,0.E0));
#14867=VECTOR('',#14866,5.729164481163E-1);
#14868=CARTESIAN_POINT('',(-2.29375E0,5.5E0,6.E0));
#14869=LINE('',#14868,#14867);
#14871=CURVE_STYLE('',#62,POSITIVE_LENGTH_MEASURE(2.E-2),#4197);
#14872=PRESENTATION_STYLE_ASSIGNMENT((#14871));
#14873=STYLED_ITEM('',(#14872),#14870);
#14875=DIRECTION('',(-9.689177459678E-1,-2.473831068378E-1,0.E0));
#14876=VECTOR('',#14875,4.730365955119E-1);
#14877=CARTESIAN_POINT('',(-2.866666448116E0,5.5E0,6.E0));
#14878=LINE('',#14877,#14876);
#14880=CURVE_STYLE('',#62,POSITIVE_LENGTH_MEASURE(2.E-2),#4197);
#14881=PRESENTATION_STYLE_ASSIGNMENT((#14880));
#14882=STYLED_ITEM('',(#14881),#14879);
#14884=DIRECTION('',(-8.906053746977E-1,-4.547769415434E-1,0.E0));
#14885=VECTOR('',#14884,5.146314685550E-1);
#14886=CARTESIAN_POINT('',(-3.325E0,5.382978737354E0,6.E0));
#14887=LINE('',#14886,#14885);
#14889=CURVE_STYLE('',#62,POSITIVE_LENGTH_MEASURE(2.E-2),#4197);
#14890=PRESENTATION_STYLE_ASSIGNMENT((#14889));
#14891=STYLED_ITEM('',(#14890),#14888);
#14893=DIRECTION('',(-6.996244945571E-1,-7.145107183351E-1,0.E0));
#14894=VECTOR('',#14893,6.551127065995E-1);
#14895=CARTESIAN_POINT('',(-3.783333551884E0,5.148936212063E0,6.E0));
#14896=LINE('',#14895,#14894);
#14898=CURVE_STYLE('',#62,POSITIVE_LENGTH_MEASURE(2.E-2),#4197);
#14899=PRESENTATION_STYLE_ASSIGNMENT((#14898));
#14900=STYLED_ITEM('',(#14899),#14897);
#14902=DIRECTION('',(-2.377717803411E-1,-9.713210491251E-1,0.E0));
#14903=VECTOR('',#14902,4.819055975411E-1);
#14904=CARTESIAN_POINT('',(-4.241666448116E0,4.680851161480E0,6.E0));
#14905=LINE('',#14904,#14903);
#14907=CURVE_STYLE('',#62,POSITIVE_LENGTH_MEASURE(2.E-2),#4197);
#14908=PRESENTATION_STYLE_ASSIGNMENT((#14907));
#14909=STYLED_ITEM('',(#14908),#14906);
#14911=DIRECTION('',(0.E0,-1.E0,0.E0));
#14912=VECTOR('',#14911,4.680853784084E-1);
#14913=CARTESIAN_POINT('',(-4.35625E0,4.212766110897E0,6.E0));
#14914=LINE('',#14913,#14912);
#14916=CURVE_STYLE('',#62,POSITIVE_LENGTH_MEASURE(2.E-2),#4197);
#14917=PRESENTATION_STYLE_ASSIGNMENT((#14916));
#14918=STYLED_ITEM('',(#14917),#14915);
#14920=DIRECTION('',(2.377717803411E-1,-9.713210491251E-1,0.E0));
#14921=VECTOR('',#14920,4.819055975411E-1);
#14922=CARTESIAN_POINT('',(-4.35625E0,3.744680732489E0,6.E0));
#14923=LINE('',#14922,#14921);
#14925=CURVE_STYLE('',#62,POSITIVE_LENGTH_MEASURE(2.E-2),#4197);
#14926=PRESENTATION_STYLE_ASSIGNMENT((#14925));
#14927=STYLED_ITEM('',(#14926),#14924);
#14929=DIRECTION('',(6.996244945571E-1,-7.145107183351E-1,0.E0));
#14930=VECTOR('',#14929,6.551127065995E-1);
#14931=CARTESIAN_POINT('',(-4.241666448116E0,3.276595681906E0,6.E0));
#14932=LINE('',#14931,#14930);
#14934=CURVE_STYLE('',#62,POSITIVE_LENGTH_MEASURE(2.E-2),#4197);
#14935=PRESENTATION_STYLE_ASSIGNMENT((#14934));
#14936=STYLED_ITEM('',(#14935),#14933);
#14938=DIRECTION('',(8.906053746977E-1,-4.547769415434E-1,0.E0));
#14939=VECTOR('',#14938,5.146314685550E-1);
#14940=CARTESIAN_POINT('',(-3.783333551884E0,2.808510631323E0,6.E0));
#14941=LINE('',#14940,#14939);
#14943=CURVE_STYLE('',#62,POSITIVE_LENGTH_MEASURE(2.E-2),#4197);
#14944=PRESENTATION_STYLE_ASSIGNMENT((#14943));
#14945=STYLED_ITEM('',(#14944),#14942);
#14947=DIRECTION('',(9.689177459678E-1,-2.473831068378E-1,0.E0));
#14948=VECTOR('',#14947,4.730365955119E-1);
#14949=CARTESIAN_POINT('',(-3.325E0,2.574468106031E0,6.E0));
#14950=LINE('',#14949,#14948);
#14952=CURVE_STYLE('',#62,POSITIVE_LENGTH_MEASURE(2.E-2),#4197);
#14953=PRESENTATION_STYLE_ASSIGNMENT((#14952));
#14954=STYLED_ITEM('',(#14953),#14951);
#14956=DIRECTION('',(1.E0,0.E0,0.E0));
#14957=VECTOR('',#14956,6.875E-1);
#14958=CARTESIAN_POINT('',(-2.866666448116E0,2.457446843386E0,6.E0));
#14959=LINE('',#14958,#14957);
#14961=CURVE_STYLE('',#62,POSITIVE_LENGTH_MEASURE(2.E-2),#4197);
#14962=PRESENTATION_STYLE_ASSIGNMENT((#14961));
#14963=STYLED_ITEM('',(#14962),#14960);
#14965=DIRECTION('',(9.689176611437E-1,-2.473834390653E-1,0.E0));
#14966=VECTOR('',#14965,4.730359602400E-1);
#14967=CARTESIAN_POINT('',(-2.179166448116E0,2.457446843386E0,6.E0));
#14968=LINE('',#14967,#14966);
#14970=CURVE_STYLE('',#62,POSITIVE_LENGTH_MEASURE(2.E-2),#4197);
#14971=PRESENTATION_STYLE_ASSIGNMENT((#14970));
#14972=STYLED_ITEM('',(#14971),#14969);
#14974=DIRECTION('',(8.265992787996E-1,-5.627909312417E-1,0.E0));
#14975=VECTOR('',#14974,4.158605128463E-1);
#14976=CARTESIAN_POINT('',(-1.720833551884E0,2.340425580740E0,6.E0));
#14977=LINE('',#14976,#14975);
#14979=CURVE_STYLE('',#62,POSITIVE_LENGTH_MEASURE(2.E-2),#4197);
#14980=PRESENTATION_STYLE_ASSIGNMENT((#14979));
#14981=STYLED_ITEM('',(#14980),#14978);
#14983=DIRECTION('',(5.466230987403E-1,-8.373787601340E-1,0.E0));
#14984=VECTOR('',#14983,4.192415291185E-1);
#14985=CARTESIAN_POINT('',(-1.377083551884E0,2.106383055449E0,6.E0));
#14986=LINE('',#14985,#14984);
#14988=CURVE_STYLE('',#62,POSITIVE_LENGTH_MEASURE(2.E-2),#4197);
#14989=PRESENTATION_STYLE_ASSIGNMENT((#14988));
#14990=STYLED_ITEM('',(#14989),#14987);
#14992=DIRECTION('',(0.E0,-1.E0,0.E0));
#14993=VECTOR('',#14992,3.510637879372E-1);
#14994=CARTESIAN_POINT('',(-1.147916448116E0,1.755319103599E0,6.E0));
#14995=LINE('',#14994,#14993);
#14997=CURVE_STYLE('',#62,POSITIVE_LENGTH_MEASURE(2.E-2),#4197);
#14998=PRESENTATION_STYLE_ASSIGNMENT((#14997));
#14999=STYLED_ITEM('',(#14998),#14996);
#15001=DIRECTION('',(-5.466232777014E-1,-8.373786433120E-1,0.E0));
#15002=VECTOR('',#15001,4.192413918615E-1);
#15003=CARTESIAN_POINT('',(-1.147916448116E0,1.404255315661E0,6.E0));
#15004=LINE('',#15003,#15002);
#15006=CURVE_STYLE('',#62,POSITIVE_LENGTH_MEASURE(2.E-2),#4197);
#15007=PRESENTATION_STYLE_ASSIGNMENT((#15006));
#15008=STYLED_ITEM('',(#15007),#15005);
#15010=DIRECTION('',(-8.265991871191E-1,-5.627910658975E-1,0.E0));
#15011=VECTOR('',#15010,4.158605589706E-1);
#15012=CARTESIAN_POINT('',(-1.377083551884E0,1.053191527724E0,6.E0));
#15013=LINE('',#15012,#15011);
#15015=CURVE_STYLE('',#62,POSITIVE_LENGTH_MEASURE(2.E-2),#4197);
#15016=PRESENTATION_STYLE_ASSIGNMENT((#15015));
#15017=STYLED_ITEM('',(#15016),#15014);
#15019=DIRECTION('',(-9.689176611437E-1,-2.473834390653E-1,0.E0));
#15020=VECTOR('',#15019,4.730359602400E-1);
#15021=CARTESIAN_POINT('',(-1.720833551884E0,8.191489204764E-1,6.E0));
#15022=LINE('',#15021,#15020);
#15024=CURVE_STYLE('',#62,POSITIVE_LENGTH_MEASURE(2.E-2),#4197);
#15025=PRESENTATION_STYLE_ASSIGNMENT((#15024));
#15026=STYLED_ITEM('',(#15025),#15023);
#15028=DIRECTION('',(-1.E0,0.E0,0.E0));
#15029=VECTOR('',#15028,9.166671037674E-1);
#15030=CARTESIAN_POINT('',(-2.179166448116E0,7.021276578307E-1,6.E0));
#15031=LINE('',#15030,#15029);
#15033=CURVE_STYLE('',#62,POSITIVE_LENGTH_MEASURE(2.E-2),#4197);
#15034=PRESENTATION_STYLE_ASSIGNMENT((#15033));
#15035=STYLED_ITEM('',(#15034),#15032);
#15037=DIRECTION('',(-9.689176611437E-1,2.473834390653E-1,0.E0));
#15038=VECTOR('',#15037,4.730359602400E-1);
#15039=CARTESIAN_POINT('',(-3.095833551884E0,7.021276578307E-1,6.E0));
#15040=LINE('',#15039,#15038);
#15042=CURVE_STYLE('',#62,POSITIVE_LENGTH_MEASURE(2.E-2),#4197);
#15043=PRESENTATION_STYLE_ASSIGNMENT((#15042));
#15044=STYLED_ITEM('',(#15043),#15041);
#15046=DIRECTION('',(-6.996247518036E-1,7.145104664480E-1,0.E0));
#15047=VECTOR('',#15046,4.913348178632E-1);
#15048=CARTESIAN_POINT('',(-3.554166448116E0,8.191489204764E-1,6.E0));
#15049=LINE('',#15048,#15047);
#15051=CURVE_STYLE('',#62,POSITIVE_LENGTH_MEASURE(2.E-2),#4197);
#15052=PRESENTATION_STYLE_ASSIGNMENT((#15051));
#15053=STYLED_ITEM('',(#15052),#15050);
#15055=DIRECTION('',(-3.102805998049E-1,9.506450175458E-1,0.E0));
#15056=VECTOR('',#15055,3.692900940495E-1);
#15057=CARTESIAN_POINT('',(-3.897916448116E0,1.170212790370E0,6.E0));
#15058=LINE('',#15057,#15056);
#15060=CURVE_STYLE('',#62,POSITIVE_LENGTH_MEASURE(2.E-2),#4197);
#15061=PRESENTATION_STYLE_ASSIGNMENT((#15060));
#15062=STYLED_ITEM('',(#15061),#15059);
#15064=DIRECTION('',(-1.E0,0.E0,0.E0));
#15065=VECTOR('',#15064,6.875E-1);
#15066=CARTESIAN_POINT('',(-4.0125E0,1.521276578307E0,6.E0));
#15067=LINE('',#15066,#15065);
#15069=CURVE_STYLE('',#62,POSITIVE_LENGTH_MEASURE(2.E-2),#4197);
#15070=PRESENTATION_STYLE_ASSIGNMENT((#15069));
#15071=STYLED_ITEM('',(#15070),#15068);
#15073=DIRECTION('',(2.377717803411E-1,-9.713210491251E-1,0.E0));
#15074=VECTOR('',#15073,4.819055975411E-1);
#15075=CARTESIAN_POINT('',(-4.7E0,1.521276578307E0,6.E0));
#15076=LINE('',#15075,#15074);
#15078=CURVE_STYLE('',#62,POSITIVE_LENGTH_MEASURE(2.E-2),#4197);
#15079=PRESENTATION_STYLE_ASSIGNMENT((#15078));
#15080=STYLED_ITEM('',(#15079),#15077);
#15082=DIRECTION('',(5.065490144015E-1,-8.622111667155E-1,0.E0));
#15083=VECTOR('',#15082,6.786115266775E-1);
#15084=CARTESIAN_POINT('',(-4.585416448116E0,1.053191527724E0,6.E0));
#15085=LINE('',#15084,#15083);
#15087=CURVE_STYLE('',#62,POSITIVE_LENGTH_MEASURE(2.E-2),#4197);
#15088=PRESENTATION_STYLE_ASSIGNMENT((#15087));
#15089=STYLED_ITEM('',(#15088),#15086);
#15091=DIRECTION('',(8.526533134429E-1,-5.224771067470E-1,0.E0));
#15092=VECTOR('',#15091,6.719219160750E-1);
#15093=CARTESIAN_POINT('',(-4.241666448116E0,4.680850915611E-1,6.E0));
#15094=LINE('',#15093,#15092);
#15096=CURVE_STYLE('',#62,POSITIVE_LENGTH_MEASURE(2.E-2),#4197);
#15097=PRESENTATION_STYLE_ASSIGNMENT((#15096));
#15098=STYLED_ITEM('',(#15097),#15095);
#15100=DIRECTION('',(9.797706908745E-1,-2.001234451615E-1,0.E0));
#15101=VECTOR('',#15100,5.847454444723E-1);
#15102=CARTESIAN_POINT('',(-3.66875E0,1.170212728903E-1,6.E0));
#15103=LINE('',#15102,#15101);
#15105=CURVE_STYLE('',#62,POSITIVE_LENGTH_MEASURE(2.E-2),#4197);
#15106=PRESENTATION_STYLE_ASSIGNMENT((#15105));
#15107=STYLED_ITEM('',(#15106),#15104);
#15109=DIRECTION('',(1.E0,0.E0,0.E0));
#15110=VECTOR('',#15109,9.166671037674E-1);
#15111=CARTESIAN_POINT('',(-3.095833551884E0,0.E0,6.E0));
#15112=LINE('',#15111,#15110);
#15114=CURVE_STYLE('',#62,POSITIVE_LENGTH_MEASURE(2.E-2),#4197);
#15115=PRESENTATION_STYLE_ASSIGNMENT((#15114));
#15116=STYLED_ITEM('',(#15115),#15113);
#15118=DIRECTION('',(9.797706908745E-1,2.001234451615E-1,0.E0));
#15119=VECTOR('',#15118,5.847454444723E-1);
#15120=CARTESIAN_POINT('',(-2.179166448116E0,0.E0,6.E0));
#15121=LINE('',#15120,#15119);
#15123=CURVE_STYLE('',#62,POSITIVE_LENGTH_MEASURE(2.E-2),#4197);
#15124=PRESENTATION_STYLE_ASSIGNMENT((#15123));
#15125=STYLED_ITEM('',(#15124),#15122);
#15127=DIRECTION('',(8.906053505096E-1,4.547769889117E-1,0.E0));
#15128=VECTOR('',#15127,5.146314825320E-1);
#15129=CARTESIAN_POINT('',(-1.60625E0,1.170212728903E-1,6.E0));
#15130=LINE('',#15129,#15128);
#15132=CURVE_STYLE('',#62,POSITIVE_LENGTH_MEASURE(2.E-2),#4197);
#15133=PRESENTATION_STYLE_ASSIGNMENT((#15132));
#15134=STYLED_ITEM('',(#15133),#15131);
#15136=DIRECTION('',(6.996244632883E-1,7.145107489524E-1,0.E0));
#15137=VECTOR('',#15136,6.551127358789E-1);
#15138=CARTESIAN_POINT('',(-1.147916448116E0,3.510638289154E-1,6.E0));
#15139=LINE('',#15138,#15137);
#15141=CURVE_STYLE('',#62,POSITIVE_LENGTH_MEASURE(2.E-2),#4197);
#15142=PRESENTATION_STYLE_ASSIGNMENT((#15141));
#15143=STYLED_ITEM('',(#15142),#15140);
#15145=DIRECTION('',(4.397141102494E-1,8.981377963584E-1,0.E0));
#15146=VECTOR('',#15145,5.211729585785E-1);
#15147=CARTESIAN_POINT('',(-6.895835518837E-1,8.191489204764E-1,6.E0));
#15148=LINE('',#15147,#15146);
#15150=CURVE_STYLE('',#62,POSITIVE_LENGTH_MEASURE(2.E-2),#4197);
#15151=PRESENTATION_STYLE_ASSIGNMENT((#15150));
#15152=STYLED_ITEM('',(#15151),#15149);
#15154=DIRECTION('',(0.E0,1.E0,0.E0));
#15155=VECTOR('',#15154,5.851063132286E-1);
#15156=CARTESIAN_POINT('',(-4.604164481163E-1,1.287234053016E0,6.E0));
#15157=LINE('',#15156,#15155);
#15159=CURVE_STYLE('',#62,POSITIVE_LENGTH_MEASURE(2.E-2),#4197);
#15160=PRESENTATION_STYLE_ASSIGNMENT((#15159));
#15161=STYLED_ITEM('',(#15160),#15158);
#15163=DIRECTION('',(-4.397140481462E-1,8.981378267632E-1,0.E0));
#15164=VECTOR('',#15163,5.211730321866E-1);
#15165=CARTESIAN_POINT('',(-4.604164481163E-1,1.872340366244E0,6.E0));
#15166=LINE('',#15165,#15164);
#15168=CURVE_STYLE('',#62,POSITIVE_LENGTH_MEASURE(2.E-2),#4197);
#15169=PRESENTATION_STYLE_ASSIGNMENT((#15168));
#15170=STYLED_ITEM('',(#15169),#15167);
#15172=DIRECTION('',(-6.996244945571E-1,7.145107183351E-1,0.E0));
#15173=VECTOR('',#15172,6.551127065995E-1);
#15174=CARTESIAN_POINT('',(-6.895835518837E-1,2.340425580740E0,6.E0));
#15175=LINE('',#15174,#15173);
#15177=CURVE_STYLE('',#62,POSITIVE_LENGTH_MEASURE(2.E-2),#4197);
#15178=PRESENTATION_STYLE_ASSIGNMENT((#15177));
#15179=STYLED_ITEM('',(#15178),#15176);
#15181=DIRECTION('',(-8.906053746977E-1,4.547769415434E-1,0.E0));
#15182=VECTOR('',#15181,5.146314685550E-1);
#15183=CARTESIAN_POINT('',(-1.147916448116E0,2.808510631323E0,6.E0));
#15184=LINE('',#15183,#15182);
#15186=CURVE_STYLE('',#62,POSITIVE_LENGTH_MEASURE(2.E-2),#4197);
#15187=PRESENTATION_STYLE_ASSIGNMENT((#15186));
#15188=STYLED_ITEM('',(#15187),#15185);
#15190=DIRECTION('',(-9.797706943097E-1,2.001234283435E-1,0.E0));
#15191=VECTOR('',#15190,5.847454424221E-1);
#15192=CARTESIAN_POINT('',(-1.60625E0,3.042553156614E0,6.E0));
#15193=LINE('',#15192,#15191);
#15195=CURVE_STYLE('',#62,POSITIVE_LENGTH_MEASURE(2.E-2),#4197);
#15196=PRESENTATION_STYLE_ASSIGNMENT((#15195));
#15197=STYLED_ITEM('',(#15196),#15194);
#15199=DIRECTION('',(-1.E0,0.E0,0.E0));
#15200=VECTOR('',#15199,6.875E-1);
#15201=CARTESIAN_POINT('',(-2.179166448116E0,3.159574419260E0,6.E0));
#15202=LINE('',#15201,#15200);
#15204=CURVE_STYLE('',#62,POSITIVE_LENGTH_MEASURE(2.E-2),#4197);
#15205=PRESENTATION_STYLE_ASSIGNMENT((#15204));
#15206=STYLED_ITEM('',(#15205),#15203);
#15208=DIRECTION('',(-9.466499177700E-1,3.222637633772E-1,0.E0));
#15209=VECTOR('',#15208,3.631226217288E-1);
#15210=CARTESIAN_POINT('',(-2.866666448116E0,3.159574419260E0,6.E0));
#15211=LINE('',#15210,#15209);
#15213=CURVE_STYLE('',#62,POSITIVE_LENGTH_MEASURE(2.E-2),#4197);
#15214=PRESENTATION_STYLE_ASSIGNMENT((#15213));
#15215=STYLED_ITEM('',(#15214),#15212);
#15217=DIRECTION('',(-8.265992787996E-1,5.627909312417E-1,0.E0));
#15218=VECTOR('',#15217,4.158605128463E-1);
#15219=CARTESIAN_POINT('',(-3.210416448116E0,3.276595681906E0,6.E0));
#15220=LINE('',#15219,#15218);
#15222=CURVE_STYLE('',#62,POSITIVE_LENGTH_MEASURE(2.E-2),#4197);
#15223=PRESENTATION_STYLE_ASSIGNMENT((#15222));
#15224=STYLED_ITEM('',(#15223),#15221);
#15226=DIRECTION('',(-3.102805998049E-1,9.506450175458E-1,0.E0));
#15227=VECTOR('',#15226,3.692900940495E-1);
#15228=CARTESIAN_POINT('',(-3.554166448116E0,3.510638207197E0,6.E0));
#15229=LINE('',#15228,#15227);
#15231=CURVE_STYLE('',#62,POSITIVE_LENGTH_MEASURE(2.E-2),#4197);
#15232=PRESENTATION_STYLE_ASSIGNMENT((#15231));
#15233=STYLED_ITEM('',(#15232),#15230);
#15235=DIRECTION('',(0.E0,1.E0,0.E0));
#15236=VECTOR('',#15235,2.340425252914E-1);
#15237=CARTESIAN_POINT('',(-3.66875E0,3.861701995134E0,6.E0));
#15238=LINE('',#15237,#15236);
#15240=CURVE_STYLE('',#62,POSITIVE_LENGTH_MEASURE(2.E-2),#4197);
#15241=PRESENTATION_STYLE_ASSIGNMENT((#15240));
#15242=STYLED_ITEM('',(#15241),#15239);
#15244=DIRECTION('',(3.102803379578E-1,9.506451030099E-1,0.E0));
#15245=VECTOR('',#15244,3.692904056952E-1);
#15246=CARTESIAN_POINT('',(-3.66875E0,4.095744520426E0,6.E0));
#15247=LINE('',#15246,#15245);
#15249=CURVE_STYLE('',#62,POSITIVE_LENGTH_MEASURE(2.E-2),#4197);
#15250=PRESENTATION_STYLE_ASSIGNMENT((#15249));
#15251=STYLED_ITEM('',(#15250),#15248);
#15253=DIRECTION('',(8.265992787996E-1,5.627909312417E-1,0.E0));
#15254=VECTOR('',#15253,4.158605128463E-1);
#15255=CARTESIAN_POINT('',(-3.554166448116E0,4.446808636189E0,6.E0));
#15256=LINE('',#15255,#15254);
#15258=CURVE_STYLE('',#62,POSITIVE_LENGTH_MEASURE(2.E-2),#4197);
#15259=PRESENTATION_STYLE_ASSIGNMENT((#15258));
#15260=STYLED_ITEM('',(#15259),#15257);
#15262=DIRECTION('',(9.466499177700E-1,3.222637633772E-1,0.E0));
#15263=VECTOR('',#15262,3.631226217288E-1);
#15264=CARTESIAN_POINT('',(-3.210416448116E0,4.680851161480E0,6.E0));
#15265=LINE('',#15264,#15263);
#15267=CURVE_STYLE('',#62,POSITIVE_LENGTH_MEASURE(2.E-2),#4197);
#15268=PRESENTATION_STYLE_ASSIGNMENT((#15267));
#15269=STYLED_ITEM('',(#15268),#15266);
#15271=DIRECTION('',(1.E0,0.E0,0.E0));
#15272=VECTOR('',#15271,6.875E-1);
#15273=CARTESIAN_POINT('',(-2.866666448116E0,4.797872424126E0,6.E0));
#15274=LINE('',#15273,#15272);
#15276=CURVE_STYLE('',#62,POSITIVE_LENGTH_MEASURE(2.E-2),#4197);
#15277=PRESENTATION_STYLE_ASSIGNMENT((#15276));
#15278=STYLED_ITEM('',(#15277),#15275);
#15280=DIRECTION('',(9.466499177700E-1,-3.222637633772E-1,0.E0));
#15281=VECTOR('',#15280,3.631226217288E-1);
#15282=CARTESIAN_POINT('',(-2.179166448116E0,4.797872424126E0,6.E0));
#15283=LINE('',#15282,#15281);
#15285=CURVE_STYLE('',#62,POSITIVE_LENGTH_MEASURE(2.E-2),#4197);
#15286=PRESENTATION_STYLE_ASSIGNMENT((#15285));
#15287=STYLED_ITEM('',(#15286),#15284);
#15289=DIRECTION('',(6.996244945571E-1,-7.145107183351E-1,0.E0));
#15290=VECTOR('',#15289,3.275563532998E-1);
#15291=CARTESIAN_POINT('',(-1.835416448116E0,4.680851161480E0,6.E0));
#15292=LINE('',#15291,#15290);
#15294=CURVE_STYLE('',#62,POSITIVE_LENGTH_MEASURE(2.E-2),#4197);
#15295=PRESENTATION_STYLE_ASSIGNMENT((#15294));
#15296=STYLED_ITEM('',(#15295),#15293);
#15298=DIRECTION('',(4.397141723527E-1,-8.981377659536E-1,0.E0));
#15299=VECTOR('',#15298,2.605864424852E-1);
#15300=CARTESIAN_POINT('',(-1.60625E0,4.446808636189E0,6.E0));
#15301=LINE('',#15300,#15299);
#15303=CURVE_STYLE('',#62,POSITIVE_LENGTH_MEASURE(2.E-2),#4197);
#15304=PRESENTATION_STYLE_ASSIGNMENT((#15303));
#15305=STYLED_ITEM('',(#15304),#15302);
#15308=DIRECTION('',(-3.102789952956E-1,9.506455412394E-1,0.E0));
#15309=VECTOR('',#15308,3.692898906142E-1);
#15310=CARTESIAN_POINT('',(4.695832896233E0,4.212766110897E0,6.E0));
#15311=LINE('',#15310,#15309);
#15313=CURVE_STYLE('',#62,POSITIVE_LENGTH_MEASURE(2.E-2),#4197);
#15314=PRESENTATION_STYLE_ASSIGNMENT((#15313));
#15315=STYLED_ITEM('',(#15314),#15312);
#15317=DIRECTION('',(-5.919095487496E-1,8.060043958311E-1,0.E0));
#15318=VECTOR('',#15317,5.807475157753E-1);
#15319=CARTESIAN_POINT('',(4.58125E0,4.563829898834E0,6.E0));
#15320=LINE('',#15319,#15318);
#15322=CURVE_STYLE('',#62,POSITIVE_LENGTH_MEASURE(2.E-2),#4197);
#15323=PRESENTATION_STYLE_ASSIGNMENT((#15322));
#15324=STYLED_ITEM('',(#15323),#15321);
#15326=DIRECTION('',(-7.938779010506E-1,6.080771975856E-1,0.E0));
#15327=VECTOR('',#15326,5.773342419862E-1);
#15328=CARTESIAN_POINT('',(4.2375E0,5.031914949417E0,6.E0));
#15329=LINE('',#15328,#15327);
#15331=CURVE_STYLE('',#62,POSITIVE_LENGTH_MEASURE(2.E-2),#4197);
#15332=PRESENTATION_STYLE_ASSIGNMENT((#15331));
#15333=STYLED_ITEM('',(#15332),#15330);
#15335=DIRECTION('',(-9.797707392153E-1,2.001232084928E-1,0.E0));
#15336=VECTOR('',#15335,5.847460848098E-1);
#15337=CARTESIAN_POINT('',(3.779167103767E0,5.382978737354E0,6.E0));
#15338=LINE('',#15337,#15336);
#15340=CURVE_STYLE('',#62,POSITIVE_LENGTH_MEASURE(2.E-2),#4197);
#15341=PRESENTATION_STYLE_ASSIGNMENT((#15340));
#15342=STYLED_ITEM('',(#15341),#15339);
#15344=DIRECTION('',(-1.E0,0.E0,0.E0));
#15345=VECTOR('',#15344,2.75E0);
#15346=CARTESIAN_POINT('',(3.20625E0,5.5E0,6.E0));
#15347=LINE('',#15346,#15345);
#15349=CURVE_STYLE('',#62,POSITIVE_LENGTH_MEASURE(2.E-2),#4197);
#15350=PRESENTATION_STYLE_ASSIGNMENT((#15349));
#15351=STYLED_ITEM('',(#15350),#15348);
#15353=DIRECTION('',(0.E0,-1.E0,0.E0));
#15354=VECTOR('',#15353,5.5E0);
#15355=CARTESIAN_POINT('',(4.5625E-1,5.5E0,6.E0));
#15356=LINE('',#15355,#15354);
#15358=CURVE_STYLE('',#62,POSITIVE_LENGTH_MEASURE(2.E-2),#4197);
#15359=PRESENTATION_STYLE_ASSIGNMENT((#15358));
#15360=STYLED_ITEM('',(#15359),#15357);
#15362=DIRECTION('',(1.E0,0.E0,0.E0));
#15363=VECTOR('',#15362,6.875E-1);
#15364=CARTESIAN_POINT('',(4.5625E-1,0.E0,6.E0));
#15365=LINE('',#15364,#15363);
#15367=CURVE_STYLE('',#62,POSITIVE_LENGTH_MEASURE(2.E-2),#4197);
#15368=PRESENTATION_STYLE_ASSIGNMENT((#15367));
#15369=STYLED_ITEM('',(#15368),#15366);
#15371=DIRECTION('',(0.E0,1.E0,0.E0));
#15372=VECTOR('',#15371,2.457446843386E0);
#15373=CARTESIAN_POINT('',(1.14375E0,0.E0,6.E0));
#15374=LINE('',#15373,#15372);
#15376=CURVE_STYLE('',#62,POSITIVE_LENGTH_MEASURE(2.E-2),#4197);
#15377=PRESENTATION_STYLE_ASSIGNMENT((#15376));
#15378=STYLED_ITEM('',(#15377),#15375);
#15380=DIRECTION('',(1.E0,0.E0,0.E0));
#15381=VECTOR('',#15380,2.0625E0);
#15382=CARTESIAN_POINT('',(1.14375E0,2.457446843386E0,6.E0));
#15383=LINE('',#15382,#15381);
#15385=CURVE_STYLE('',#62,POSITIVE_LENGTH_MEASURE(2.E-2),#4197);
#15386=PRESENTATION_STYLE_ASSIGNMENT((#15385));
#15387=STYLED_ITEM('',(#15386),#15384);
#15389=DIRECTION('',(9.797707392153E-1,2.001232084928E-1,0.E0));
#15390=VECTOR('',#15389,5.847460848098E-1);
#15391=CARTESIAN_POINT('',(3.20625E0,2.457446843386E0,6.E0));
#15392=LINE('',#15391,#15390);
#15394=CURVE_STYLE('',#62,POSITIVE_LENGTH_MEASURE(2.E-2),#4197);
#15395=PRESENTATION_STYLE_ASSIGNMENT((#15394));
#15396=STYLED_ITEM('',(#15395),#15393);
#15398=DIRECTION('',(7.938779010506E-1,6.080771975856E-1,0.E0));
#15399=VECTOR('',#15398,5.773342419862E-1);
#15400=CARTESIAN_POINT('',(3.779167103767E0,2.574468106031E0,6.E0));
#15401=LINE('',#15400,#15399);
#15403=CURVE_STYLE('',#62,POSITIVE_LENGTH_MEASURE(2.E-2),#4197);
#15404=PRESENTATION_STYLE_ASSIGNMENT((#15403));
#15405=STYLED_ITEM('',(#15404),#15402);
#15407=DIRECTION('',(5.919095487496E-1,8.060043958311E-1,0.E0));
#15408=VECTOR('',#15407,5.807475157753E-1);
#15409=CARTESIAN_POINT('',(4.2375E0,2.925531893969E0,6.E0));
#15410=LINE('',#15409,#15408);
#15412=CURVE_STYLE('',#62,POSITIVE_LENGTH_MEASURE(2.E-2),#4197);
#15413=PRESENTATION_STYLE_ASSIGNMENT((#15412));
#15414=STYLED_ITEM('',(#15413),#15411);
#15416=DIRECTION('',(3.102789952956E-1,9.506455412394E-1,0.E0));
#15417=VECTOR('',#15416,3.692898906142E-1);
#15418=CARTESIAN_POINT('',(4.58125E0,3.393616944551E0,6.E0));
#15419=LINE('',#15418,#15417);
#15421=CURVE_STYLE('',#62,POSITIVE_LENGTH_MEASURE(2.E-2),#4197);
#15422=PRESENTATION_STYLE_ASSIGNMENT((#15421));
#15423=STYLED_ITEM('',(#15422),#15420);
#15425=DIRECTION('',(0.E0,1.E0,0.E0));
#15426=VECTOR('',#15425,4.680853784084E-1);
#15427=CARTESIAN_POINT('',(4.695832896233E0,3.744680732489E0,6.E0));
#15428=LINE('',#15427,#15426);
#15430=CURVE_STYLE('',#62,POSITIVE_LENGTH_MEASURE(2.E-2),#4197);
#15431=PRESENTATION_STYLE_ASSIGNMENT((#15430));
#15432=STYLED_ITEM('',(#15431),#15429);
#15435=DIRECTION('',(-1.E0,0.E0,0.E0));
#15436=VECTOR('',#15435,2.177082896233E0);
#15437=CARTESIAN_POINT('',(3.320832896233E0,3.159574419260E0,6.E0));
#15438=LINE('',#15437,#15436);
#15440=CURVE_STYLE('',#62,POSITIVE_LENGTH_MEASURE(2.E-2),#4197);
#15441=PRESENTATION_STYLE_ASSIGNMENT((#15440));
#15442=STYLED_ITEM('',(#15441),#15439);
#15444=DIRECTION('',(0.E0,1.E0,0.E0));
#15445=VECTOR('',#15444,1.755319267511E0);
#15446=CARTESIAN_POINT('',(1.14375E0,3.159574419260E0,6.E0));
#15447=LINE('',#15446,#15445);
#15449=CURVE_STYLE('',#62,POSITIVE_LENGTH_MEASURE(2.E-2),#4197);
#15450=PRESENTATION_STYLE_ASSIGNMENT((#15449));
#15451=STYLED_ITEM('',(#15450),#15448);
#15453=DIRECTION('',(1.E0,0.E0,0.E0));
#15454=VECTOR('',#15453,2.177082896233E0);
#15455=CARTESIAN_POINT('',(1.14375E0,4.914893686771E0,6.E0));
#15456=LINE('',#15455,#15454);
#15458=CURVE_STYLE('',#62,POSITIVE_LENGTH_MEASURE(2.E-2),#4197);
#15459=PRESENTATION_STYLE_ASSIGNMENT((#15458));
#15460=STYLED_ITEM('',(#15459),#15457);
#15462=DIRECTION('',(9.466499177700E-1,-3.222637633772E-1,0.E0));
#15463=VECTOR('',#15462,3.631226217288E-1);
#15464=CARTESIAN_POINT('',(3.320832896233E0,4.914893686771E0,6.E0));
#15465=LINE('',#15464,#15463);
#15467=CURVE_STYLE('',#62,POSITIVE_LENGTH_MEASURE(2.E-2),#4197);
#15468=PRESENTATION_STYLE_ASSIGNMENT((#15467));
#15469=STYLED_ITEM('',(#15468),#15466);
#15471=DIRECTION('',(6.996255164452E-1,-7.145097177357E-1,0.E0));
#15472=VECTOR('',#15471,3.275568120097E-1);
#15473=CARTESIAN_POINT('',(3.664582896233E0,4.797872424126E0,6.E0));
#15474=LINE('',#15473,#15472);
#15476=CURVE_STYLE('',#62,POSITIVE_LENGTH_MEASURE(2.E-2),#4197);
#15477=PRESENTATION_STYLE_ASSIGNMENT((#15476));
#15478=STYLED_ITEM('',(#15477),#15475);
#15480=DIRECTION('',(3.102789952956E-1,-9.506455412394E-1,0.E0));
#15481=VECTOR('',#15480,3.692898906142E-1);
#15482=CARTESIAN_POINT('',(3.89375E0,4.563829898834E0,6.E0));
#15483=LINE('',#15482,#15481);
#15485=CURVE_STYLE('',#62,POSITIVE_LENGTH_MEASURE(2.E-2),#4197);
#15486=PRESENTATION_STYLE_ASSIGNMENT((#15485));
#15487=STYLED_ITEM('',(#15486),#15484);
#15489=DIRECTION('',(0.E0,-1.E0,0.E0));
#15490=VECTOR('',#15489,3.510641157627E-1);
#15491=CARTESIAN_POINT('',(4.008332896233E0,4.212766110897E0,6.E0));
#15492=LINE('',#15491,#15490);
#15494=CURVE_STYLE('',#62,POSITIVE_LENGTH_MEASURE(2.E-2),#4197);
#15495=PRESENTATION_STYLE_ASSIGNMENT((#15494));
#15496=STYLED_ITEM('',(#15495),#15493);
#15498=DIRECTION('',(-3.102789952956E-1,-9.506455412394E-1,0.E0));
#15499=VECTOR('',#15498,3.692898906142E-1);
#15500=CARTESIAN_POINT('',(4.008332896233E0,3.861701995134E0,6.E0));
#15501=LINE('',#15500,#15499);
#15503=CURVE_STYLE('',#62,POSITIVE_LENGTH_MEASURE(2.E-2),#4197);
#15504=PRESENTATION_STYLE_ASSIGNMENT((#15503));
#15505=STYLED_ITEM('',(#15504),#15502);
#15507=DIRECTION('',(-6.996255164452E-1,-7.145097177357E-1,0.E0));
#15508=VECTOR('',#15507,3.275568120097E-1);
#15509=CARTESIAN_POINT('',(3.89375E0,3.510638207197E0,6.E0));
#15510=LINE('',#15509,#15508);
#15512=CURVE_STYLE('',#62,POSITIVE_LENGTH_MEASURE(2.E-2),#4197);
#15513=PRESENTATION_STYLE_ASSIGNMENT((#15512));
#15514=STYLED_ITEM('',(#15513),#15511);
#15516=DIRECTION('',(-9.466499177700E-1,-3.222637633772E-1,0.E0));
#15517=VECTOR('',#15516,3.631226217288E-1);
#15518=CARTESIAN_POINT('',(3.664582896233E0,3.276595681906E0,6.E0));
#15519=LINE('',#15518,#15517);
#15521=CURVE_STYLE('',#62,POSITIVE_LENGTH_MEASURE(2.E-2),#4197);
#15522=PRESENTATION_STYLE_ASSIGNMENT((#15521));
#15523=STYLED_ITEM('',(#15522),#15520);
#15526=DIRECTION('',(-1.E0,0.E0,0.E0));
#15527=VECTOR('',#15526,3.4375E0);
#15528=CARTESIAN_POINT('',(9.7375E0,7.021276578307E-1,6.E0));
#15529=LINE('',#15528,#15527);
#15531=CURVE_STYLE('',#62,POSITIVE_LENGTH_MEASURE(2.E-2),#4197);
#15532=PRESENTATION_STYLE_ASSIGNMENT((#15531));
#15533=STYLED_ITEM('',(#15532),#15530);
#15535=DIRECTION('',(0.E0,1.E0,0.E0));
#15536=VECTOR('',#15535,1.872340448201E0);
#15537=CARTESIAN_POINT('',(6.3E0,7.021276578307E-1,6.E0));
#15538=LINE('',#15537,#15536);
#15540=CURVE_STYLE('',#62,POSITIVE_LENGTH_MEASURE(2.E-2),#4197);
#15541=PRESENTATION_STYLE_ASSIGNMENT((#15540));
#15542=STYLED_ITEM('',(#15541),#15539);
#15544=DIRECTION('',(1.E0,0.E0,0.E0));
#15545=VECTOR('',#15544,2.979167103767E0);
#15546=CARTESIAN_POINT('',(6.3E0,2.574468106031E0,6.E0));
#15547=LINE('',#15546,#15545);
#15549=CURVE_STYLE('',#62,POSITIVE_LENGTH_MEASURE(2.E-2),#4197);
#15550=PRESENTATION_STYLE_ASSIGNMENT((#15549));
#15551=STYLED_ITEM('',(#15550),#15548);
#15553=DIRECTION('',(0.E0,1.E0,0.E0));
#15554=VECTOR('',#15553,7.021275758743E-1);
#15555=CARTESIAN_POINT('',(9.279167103767E0,2.574468106031E0,6.E0));
#15556=LINE('',#15555,#15554);
#15558=CURVE_STYLE('',#62,POSITIVE_LENGTH_MEASURE(2.E-2),#4197);
#15559=PRESENTATION_STYLE_ASSIGNMENT((#15558));
#15560=STYLED_ITEM('',(#15559),#15557);
#15562=DIRECTION('',(-1.E0,0.E0,0.E0));
#15563=VECTOR('',#15562,2.979167103767E0);
#15564=CARTESIAN_POINT('',(9.279167103767E0,3.276595681906E0,6.E0));
#15565=LINE('',#15564,#15563);
#15567=CURVE_STYLE('',#62,POSITIVE_LENGTH_MEASURE(2.E-2),#4197);
#15568=PRESENTATION_STYLE_ASSIGNMENT((#15567));
#15569=STYLED_ITEM('',(#15568),#15566);
#15571=DIRECTION('',(0.E0,1.E0,0.E0));
#15572=VECTOR('',#15571,1.521276742220E0);
#15573=CARTESIAN_POINT('',(6.3E0,3.276595681906E0,6.E0));
#15574=LINE('',#15573,#15572);
#15576=CURVE_STYLE('',#62,POSITIVE_LENGTH_MEASURE(2.E-2),#4197);
#15577=PRESENTATION_STYLE_ASSIGNMENT((#15576));
#15578=STYLED_ITEM('',(#15577),#15575);
#15580=DIRECTION('',(1.E0,0.E0,0.E0));
#15581=VECTOR('',#15580,3.4375E0);
#15582=CARTESIAN_POINT('',(6.3E0,4.797872424126E0,6.E0));
#15583=LINE('',#15582,#15581);
#15585=CURVE_STYLE('',#62,POSITIVE_LENGTH_MEASURE(2.E-2),#4197);
#15586=PRESENTATION_STYLE_ASSIGNMENT((#15585));
#15587=STYLED_ITEM('',(#15586),#15584);
#15589=DIRECTION('',(0.E0,1.E0,0.E0));
#15590=VECTOR('',#15589,7.021275758743E-1);
#15591=CARTESIAN_POINT('',(9.7375E0,4.797872424126E0,6.E0));
#15592=LINE('',#15591,#15590);
#15594=CURVE_STYLE('',#62,POSITIVE_LENGTH_MEASURE(2.E-2),#4197);
#15595=PRESENTATION_STYLE_ASSIGNMENT((#15594));
#15596=STYLED_ITEM('',(#15595),#15593);
#15598=DIRECTION('',(-1.E0,0.E0,0.E0));
#15599=VECTOR('',#15598,4.125E0);
#15600=CARTESIAN_POINT('',(9.7375E0,5.5E0,6.E0));
#15601=LINE('',#15600,#15599);
#15603=CURVE_STYLE('',#62,POSITIVE_LENGTH_MEASURE(2.E-2),#4197);
#15604=PRESENTATION_STYLE_ASSIGNMENT((#15603));
#15605=STYLED_ITEM('',(#15604),#15602);
#15607=DIRECTION('',(0.E0,-1.E0,0.E0));
#15608=VECTOR('',#15607,5.5E0);
#15609=CARTESIAN_POINT('',(5.6125E0,5.5E0,6.E0));
#15610=LINE('',#15609,#15608);
#15612=CURVE_STYLE('',#62,POSITIVE_LENGTH_MEASURE(2.E-2),#4197);
#15613=PRESENTATION_STYLE_ASSIGNMENT((#15612));
#15614=STYLED_ITEM('',(#15613),#15611);
#15616=DIRECTION('',(1.E0,0.E0,0.E0));
#15617=VECTOR('',#15616,4.125E0);
#15618=CARTESIAN_POINT('',(5.6125E0,0.E0,6.E0));
#15619=LINE('',#15618,#15617);
#15621=CURVE_STYLE('',#62,POSITIVE_LENGTH_MEASURE(2.E-2),#4197);
#15622=PRESENTATION_STYLE_ASSIGNMENT((#15621));
#15623=STYLED_ITEM('',(#15622),#15620);
#15625=DIRECTION('',(0.E0,1.E0,0.E0));
#15626=VECTOR('',#15625,7.021276578307E-1);
#15627=CARTESIAN_POINT('',(9.7375E0,0.E0,6.E0));
#15628=LINE('',#15627,#15626);
#15630=CURVE_STYLE('',#62,POSITIVE_LENGTH_MEASURE(2.E-2),#4197);
#15631=PRESENTATION_STYLE_ASSIGNMENT((#15630));
#15632=STYLED_ITEM('',(#15631),#15629);
#15635=DIRECTION('',(0.E0,-1.E0,0.E0));
#15636=VECTOR('',#15635,4.787234142423E-1);
#15637=CARTESIAN_POINT('',(-7.95E0,-5.171276585758E0,6.E0));
#15638=LINE('',#15637,#15636);
#15640=CURVE_STYLE('',#62,POSITIVE_LENGTH_MEASURE(2.E-2),#4197);
#15641=PRESENTATION_STYLE_ASSIGNMENT((#15640));
#15642=STYLED_ITEM('',(#15641),#15639);
#15644=DIRECTION('',(1.E0,0.E0,0.E0));
#15645=VECTOR('',#15644,3.375E0);
#15646=CARTESIAN_POINT('',(-7.95E0,-5.65E0,6.E0));
#15647=LINE('',#15646,#15645);
#15649=CURVE_STYLE('',#62,POSITIVE_LENGTH_MEASURE(2.E-2),#4197);
#15650=PRESENTATION_STYLE_ASSIGNMENT((#15649));
#15651=STYLED_ITEM('',(#15650),#15648);
#15653=DIRECTION('',(0.E0,1.E0,0.E0));
#15654=VECTOR('',#15653,4.787234142423E-1);
#15655=CARTESIAN_POINT('',(-4.575E0,-5.65E0,6.E0));
#15656=LINE('',#15655,#15654);
#15658=CURVE_STYLE('',#62,POSITIVE_LENGTH_MEASURE(2.E-2),#4197);
#15659=PRESENTATION_STYLE_ASSIGNMENT((#15658));
#15660=STYLED_ITEM('',(#15659),#15657);
#15662=DIRECTION('',(-1.E0,0.E0,0.E0));
#15663=VECTOR('',#15662,2.624999977648E0);
#15664=CARTESIAN_POINT('',(-4.575E0,-5.171276585758E0,6.E0));
#15665=LINE('',#15664,#15663);
#15667=CURVE_STYLE('',#62,POSITIVE_LENGTH_MEASURE(2.E-2),#4197);
#15668=PRESENTATION_STYLE_ASSIGNMENT((#15667));
#15669=STYLED_ITEM('',(#15668),#15666);
#15671=DIRECTION('',(7.437660872566E-1,6.684399804373E-1,0.E0));
#15672=VECTOR('',#15671,3.151192314096E0);
#15673=CARTESIAN_POINT('',(-7.199999977648E0,-5.171276585758E0,6.E0));
#15674=LINE('',#15673,#15672);
#15676=CURVE_STYLE('',#62,POSITIVE_LENGTH_MEASURE(2.E-2),#4197);
#15677=PRESENTATION_STYLE_ASSIGNMENT((#15676));
#15678=STYLED_ITEM('',(#15677),#15675);
#15680=DIRECTION('',(5.466227293958E-1,8.373790012342E-1,0.E0));
#15681=VECTOR('',#15680,3.430155376346E-1);
#15682=CARTESIAN_POINT('',(-4.85625E0,-3.064893656969E0,6.E0));
#15683=LINE('',#15682,#15681);
#15685=CURVE_STYLE('',#62,POSITIVE_LENGTH_MEASURE(2.E-2),#4197);
#15686=PRESENTATION_STYLE_ASSIGNMENT((#15685));
#15687=STYLED_ITEM('',(#15686),#15684);
#15689=DIRECTION('',(2.377711385310E-1,9.713212062349E-1,0.E0));
#15690=VECTOR('',#15689,3.942863342129E-1);
#15691=CARTESIAN_POINT('',(-4.668749910593E0,-2.777659648657E0,6.E0));
#15692=LINE('',#15691,#15690);
#15694=CURVE_STYLE('',#62,POSITIVE_LENGTH_MEASURE(2.E-2),#4197);
#15695=PRESENTATION_STYLE_ASSIGNMENT((#15694));
#15696=STYLED_ITEM('',(#15695),#15693);
#15698=DIRECTION('',(0.E0,1.E0,0.E0));
#15699=VECTOR('',#15698,1.914896070957E-1);
#15700=CARTESIAN_POINT('',(-4.575E0,-2.394680970907E0,6.E0));
#15701=LINE('',#15700,#15699);
#15703=CURVE_STYLE('',#62,POSITIVE_LENGTH_MEASURE(2.E-2),#4197);
#15704=PRESENTATION_STYLE_ASSIGNMENT((#15703));
#15705=STYLED_ITEM('',(#15704),#15702);
#15707=DIRECTION('',(-2.377711385310E-1,9.713212062349E-1,0.E0));
#15708=VECTOR('',#15707,3.942863342129E-1);
#15709=CARTESIAN_POINT('',(-4.575E0,-2.203191363811E0,6.E0));
#15710=LINE('',#15709,#15708);
#15712=CURVE_STYLE('',#62,POSITIVE_LENGTH_MEASURE(2.E-2),#4197);
#15713=PRESENTATION_STYLE_ASSIGNMENT((#15712));
#15714=STYLED_ITEM('',(#15713),#15711);
#15716=DIRECTION('',(-6.996250055017E-1,7.145102180353E-1,0.E0));
#15717=VECTOR('',#15716,5.360016807076E-1);
#15718=CARTESIAN_POINT('',(-4.668749910593E0,-1.820212686062E0,6.E0));
#15719=LINE('',#15718,#15717);
#15721=CURVE_STYLE('',#62,POSITIVE_LENGTH_MEASURE(2.E-2),#4197);
#15722=PRESENTATION_STYLE_ASSIGNMENT((#15721));
#15723=STYLED_ITEM('',(#15722),#15720);
#15725=DIRECTION('',(-8.906052429498E-1,4.547771995497E-1,0.E0));
#15726=VECTOR('',#15725,4.210618717570E-1);
#15727=CARTESIAN_POINT('',(-5.043750089407E0,-1.437234008312E0,6.E0));
#15728=LINE('',#15727,#15726);
#15730=CURVE_STYLE('',#62,POSITIVE_LENGTH_MEASURE(2.E-2),#4197);
#15731=PRESENTATION_STYLE_ASSIGNMENT((#15730));
#15732=STYLED_ITEM('',(#15731),#15729);
#15734=DIRECTION('',(-9.858211730931E-1,1.677993286083E-1,0.E0));
#15735=VECTOR('',#15734,5.705903011143E-1);
#15736=CARTESIAN_POINT('',(-5.41875E0,-1.245744669437E0,6.E0));
#15737=LINE('',#15736,#15735);
#15739=CURVE_STYLE('',#62,POSITIVE_LENGTH_MEASURE(2.E-2),#4197);
#15740=PRESENTATION_STYLE_ASSIGNMENT((#15739));
#15741=STYLED_ITEM('',(#15740),#15738);
#15743=DIRECTION('',(-1.E0,0.E0,0.E0));
#15744=VECTOR('',#15743,3.750000447035E-1);
#15745=CARTESIAN_POINT('',(-5.98125E0,-1.15E0,6.E0));
#15746=LINE('',#15745,#15744);
#15748=CURVE_STYLE('',#62,POSITIVE_LENGTH_MEASURE(2.E-2),#4197);
#15749=PRESENTATION_STYLE_ASSIGNMENT((#15748));
#15750=STYLED_ITEM('',(#15749),#15747);
#15752=DIRECTION('',(-9.895240333173E-1,-1.443682357291E-1,0.E0));
#15753=VECTOR('',#15752,6.631976137540E-1);
#15754=CARTESIAN_POINT('',(-6.356250044703E0,-1.15E0,6.E0));
#15755=LINE('',#15754,#15753);
#15757=CURVE_STYLE('',#62,POSITIVE_LENGTH_MEASURE(2.E-2),#4197);
#15758=PRESENTATION_STYLE_ASSIGNMENT((#15757));
#15759=STYLED_ITEM('',(#15758),#15756);
#15761=DIRECTION('',(-8.906052758868E-1,-4.547771350481E-1,0.E0));
#15762=VECTOR('',#15761,4.210619314767E-1);
#15763=CARTESIAN_POINT('',(-7.012500022352E0,-1.245744669437E0,6.E0));
#15764=LINE('',#15763,#15762);
#15766=CURVE_STYLE('',#62,POSITIVE_LENGTH_MEASURE(2.E-2),#4197);
#15767=PRESENTATION_STYLE_ASSIGNMENT((#15766));
#15768=STYLED_ITEM('',(#15767),#15765);
#15770=DIRECTION('',(-6.996248298646E-1,-7.145103900133E-1,0.E0));
#15771=VECTOR('',#15770,5.360015516954E-1);
#15772=CARTESIAN_POINT('',(-7.3875E0,-1.437234008312E0,6.E0));
#15773=LINE('',#15772,#15771);
#15775=CURVE_STYLE('',#62,POSITIVE_LENGTH_MEASURE(2.E-2),#4197);
#15776=PRESENTATION_STYLE_ASSIGNMENT((#15775));
#15777=STYLED_ITEM('',(#15776),#15774);
#15779=DIRECTION('',(-2.377713591533E-1,-9.713211522284E-1,0.E0));
#15780=VECTOR('',#15779,3.942863561356E-1);
#15781=CARTESIAN_POINT('',(-7.762499994412E0,-1.820212686062E0,6.E0));
#15782=LINE('',#15781,#15780);
#15784=CURVE_STYLE('',#62,POSITIVE_LENGTH_MEASURE(2.E-2),#4197);
#15785=PRESENTATION_STYLE_ASSIGNMENT((#15784));
#15786=STYLED_ITEM('',(#15785),#15783);
#15788=DIRECTION('',(1.E0,0.E0,0.E0));
#15789=VECTOR('',#15788,4.687499972060E-1);
#15790=CARTESIAN_POINT('',(-7.856249997206E0,-2.203191363811E0,6.E0));
#15791=LINE('',#15790,#15789);
#15793=CURVE_STYLE('',#62,POSITIVE_LENGTH_MEASURE(2.E-2),#4197);
#15794=PRESENTATION_STYLE_ASSIGNMENT((#15793));
#15795=STYLED_ITEM('',(#15794),#15792);
#15797=DIRECTION('',(5.466225923193E-1,8.373790907147E-1,0.E0));
#15798=VECTOR('',#15797,3.430155009807E-1);
#15799=CARTESIAN_POINT('',(-7.3875E0,-2.203191363811E0,6.E0));
#15800=LINE('',#15799,#15798);
#15802=CURVE_STYLE('',#62,POSITIVE_LENGTH_MEASURE(2.E-2),#4197);
#15803=PRESENTATION_STYLE_ASSIGNMENT((#15802));
#15804=STYLED_ITEM('',(#15803),#15801);
#15806=DIRECTION('',(8.265992787996E-1,5.627909312417E-1,0.E0));
#15807=VECTOR('',#15806,3.402495105106E-1);
#15808=CARTESIAN_POINT('',(-7.199999977648E0,-1.915957355499E0,6.E0));
#15809=LINE('',#15808,#15807);
#15811=CURVE_STYLE('',#62,POSITIVE_LENGTH_MEASURE(2.E-2),#4197);
#15812=PRESENTATION_STYLE_ASSIGNMENT((#15811));
#15813=STYLED_ITEM('',(#15812),#15810);
#15815=DIRECTION('',(9.797707111493E-1,2.001233458994E-1,0.E0));
#15816=VECTOR('',#15815,4.784282863507E-1);
#15817=CARTESIAN_POINT('',(-6.918749977648E0,-1.724468016624E0,6.E0));
#15818=LINE('',#15817,#15816);
#15820=CURVE_STYLE('',#62,POSITIVE_LENGTH_MEASURE(2.E-2),#4197);
#15821=PRESENTATION_STYLE_ASSIGNMENT((#15820));
#15822=STYLED_ITEM('',(#15821),#15819);
#15824=DIRECTION('',(1.E0,0.E0,0.E0));
#15825=VECTOR('',#15824,3.749999105930E-1);
#15826=CARTESIAN_POINT('',(-6.449999955297E0,-1.628723347187E0,6.E0));
#15827=LINE('',#15826,#15825);
#15829=CURVE_STYLE('',#62,POSITIVE_LENGTH_MEASURE(2.E-2),#4197);
#15830=PRESENTATION_STYLE_ASSIGNMENT((#15829));
#15831=STYLED_ITEM('',(#15830),#15828);
#15833=DIRECTION('',(9.797707055361E-1,-2.001233733807E-1,0.E0));
#15834=VECTOR('',#15833,4.784282206519E-1);
#15835=CARTESIAN_POINT('',(-6.075000044703E0,-1.628723347187E0,6.E0));
#15836=LINE('',#15835,#15834);
#15838=CURVE_STYLE('',#62,POSITIVE_LENGTH_MEASURE(2.E-2),#4197);
#15839=PRESENTATION_STYLE_ASSIGNMENT((#15838));
#15840=STYLED_ITEM('',(#15839),#15837);
#15842=DIRECTION('',(8.265992787996E-1,-5.627909312417E-1,0.E0));
#15843=VECTOR('',#15842,3.402495105106E-1);
#15844=CARTESIAN_POINT('',(-5.606250089407E0,-1.724468016624E0,6.E0));
#15845=LINE('',#15844,#15843);
#15847=CURVE_STYLE('',#62,POSITIVE_LENGTH_MEASURE(2.E-2),#4197);
#15848=PRESENTATION_STYLE_ASSIGNMENT((#15847));
#15849=STYLED_ITEM('',(#15848),#15846);
#15851=DIRECTION('',(5.466227293958E-1,-8.373790012342E-1,0.E0));
#15852=VECTOR('',#15851,3.430155376346E-1);
#15853=CARTESIAN_POINT('',(-5.325000089407E0,-1.915957355499E0,6.E0));
#15854=LINE('',#15853,#15852);
#15856=CURVE_STYLE('',#62,POSITIVE_LENGTH_MEASURE(2.E-2),#4197);
#15857=PRESENTATION_STYLE_ASSIGNMENT((#15856));
#15858=STYLED_ITEM('',(#15857),#15855);
#15860=DIRECTION('',(0.E0,-1.E0,0.E0));
#15861=VECTOR('',#15860,1.914896070957E-1);
#15862=CARTESIAN_POINT('',(-5.1375E0,-2.203191363811E0,6.E0));
#15863=LINE('',#15862,#15861);
#15865=CURVE_STYLE('',#62,POSITIVE_LENGTH_MEASURE(2.E-2),#4197);
#15866=PRESENTATION_STYLE_ASSIGNMENT((#15865));
#15867=STYLED_ITEM('',(#15866),#15864);
#15869=DIRECTION('',(-4.397136649566E-1,-8.981380143666E-1,0.E0));
#15870=VECTOR('',#15869,4.264140606716E-1);
#15871=CARTESIAN_POINT('',(-5.1375E0,-2.394680970907E0,6.E0));
#15872=LINE('',#15871,#15870);
#15874=CURVE_STYLE('',#62,POSITIVE_LENGTH_MEASURE(2.E-2),#4197);
#15875=PRESENTATION_STYLE_ASSIGNMENT((#15874));
#15876=STYLED_ITEM('',(#15875),#15873);
#15878=DIRECTION('',(-7.389229549020E-1,-6.737899277363E-1,0.E0));
#15879=VECTOR('',#15878,3.552467673630E0);
#15880=CARTESIAN_POINT('',(-5.325000089407E0,-2.777659648657E0,6.E0));
#15881=LINE('',#15880,#15879);
#15883=CURVE_STYLE('',#62,POSITIVE_LENGTH_MEASURE(2.E-2),#4197);
#15884=PRESENTATION_STYLE_ASSIGNMENT((#15883));
#15885=STYLED_ITEM('',(#15884),#15882);
#15888=DIRECTION('',(0.E0,-1.E0,0.E0));
#15889=VECTOR('',#15888,8.617020249367E-1);
#15890=CARTESIAN_POINT('',(-3.824999910593E0,-2.969148987532E0,6.E0));
#15891=LINE('',#15890,#15889);
#15893=CURVE_STYLE('',#62,POSITIVE_LENGTH_MEASURE(2.E-2),#4197);
#15894=PRESENTATION_STYLE_ASSIGNMENT((#15893));
#15895=STYLED_ITEM('',(#15894),#15892);
#15897=DIRECTION('',(1.921826250544E-1,-9.813591792138E-1,0.E0));
#15898=VECTOR('',#15897,4.878167865929E-1);
#15899=CARTESIAN_POINT('',(-3.824999910593E0,-3.830851012468E0,6.E0));
#15900=LINE('',#15899,#15898);
#15902=CURVE_STYLE('',#62,POSITIVE_LENGTH_MEASURE(2.E-2),#4197);
#15903=PRESENTATION_STYLE_ASSIGNMENT((#15902));
#15904=STYLED_ITEM('',(#15903),#15901);
#15906=DIRECTION('',(3.102797975506E-1,-9.506452793929E-1,0.E0));
#15907=VECTOR('',#15906,3.021463573623E-1);
#15908=CARTESIAN_POINT('',(-3.73125E0,-4.309574493766E0,6.E0));
#15909=LINE('',#15908,#15907);
#15911=CURVE_STYLE('',#62,POSITIVE_LENGTH_MEASURE(2.E-2),#4197);
#15912=PRESENTATION_STYLE_ASSIGNMENT((#15911));
#15913=STYLED_ITEM('',(#15912),#15910);
#15915=DIRECTION('',(4.397136028534E-1,-8.981380447713E-1,0.E0));
#15916=VECTOR('',#15915,4.264141208965E-1);
#15917=CARTESIAN_POINT('',(-3.637500089407E0,-4.596808502078E0,6.E0));
#15918=LINE('',#15917,#15916);
#15920=CURVE_STYLE('',#62,POSITIVE_LENGTH_MEASURE(2.E-2),#4197);
#15921=PRESENTATION_STYLE_ASSIGNMENT((#15920));
#15922=STYLED_ITEM('',(#15921),#15919);
#15924=DIRECTION('',(6.996247934953E-1,-7.145104256249E-1,0.E0));
#15925=VECTOR('',#15924,4.020011906595E-1);
#15926=CARTESIAN_POINT('',(-3.45E0,-4.979787246883E0,6.E0));
#15927=LINE('',#15926,#15925);
#15929=CURVE_STYLE('',#62,POSITIVE_LENGTH_MEASURE(2.E-2),#4197);
#15930=PRESENTATION_STYLE_ASSIGNMENT((#15929));
#15931=STYLED_ITEM('',(#15930),#15928);
#15933=DIRECTION('',(8.526533134429E-1,-5.224771067470E-1,0.E0));
#15934=VECTOR('',#15933,5.497542949705E-1);
#15935=CARTESIAN_POINT('',(-3.16875E0,-5.267021288723E0,6.E0));
#15936=LINE('',#15935,#15934);
#15938=CURVE_STYLE('',#62,POSITIVE_LENGTH_MEASURE(2.E-2),#4197);
#15939=PRESENTATION_STYLE_ASSIGNMENT((#15938));
#15940=STYLED_ITEM('',(#15939),#15937);
#15942=DIRECTION('',(9.858211706631E-1,-1.677993428846E-1,0.E0));
#15943=VECTOR('',#15942,5.705903025208E-1);
#15944=CARTESIAN_POINT('',(-2.700000178814E0,-5.554255322181E0,6.E0));
#15945=LINE('',#15944,#15943);
#15947=CURVE_STYLE('',#62,POSITIVE_LENGTH_MEASURE(2.E-2),#4197);
#15948=PRESENTATION_STYLE_ASSIGNMENT((#15947));
#15949=STYLED_ITEM('',(#15948),#15946);
#15951=DIRECTION('',(9.858211706631E-1,1.677993428846E-1,0.E0));
#15952=VECTOR('',#15951,5.705903025208E-1);
#15953=CARTESIAN_POINT('',(-2.137500178814E0,-5.65E0,6.E0));
#15954=LINE('',#15953,#15952);
#15956=CURVE_STYLE('',#62,POSITIVE_LENGTH_MEASURE(2.E-2),#4197);
#15957=PRESENTATION_STYLE_ASSIGNMENT((#15956));
#15958=STYLED_ITEM('',(#15957),#15955);
#15960=DIRECTION('',(8.526535798146E-1,5.224766720432E-1,0.E0));
#15961=VECTOR('',#15960,5.497547523694E-1);
#15962=CARTESIAN_POINT('',(-1.575000178814E0,-5.554255322181E0,6.E0));
#15963=LINE('',#15962,#15961);
#15965=CURVE_STYLE('',#62,POSITIVE_LENGTH_MEASURE(2.E-2),#4197);
#15966=PRESENTATION_STYLE_ASSIGNMENT((#15965));
#15967=STYLED_ITEM('',(#15966),#15964);
#15969=DIRECTION('',(6.996247934953E-1,7.145104256249E-1,0.E0));
#15970=VECTOR('',#15969,4.020011906595E-1);
#15971=CARTESIAN_POINT('',(-1.106249821186E0,-5.267021288723E0,6.E0));
#15972=LINE('',#15971,#15970);
#15974=CURVE_STYLE('',#62,POSITIVE_LENGTH_MEASURE(2.E-2),#4197);
#15975=PRESENTATION_STYLE_ASSIGNMENT((#15974));
#15976=STYLED_ITEM('',(#15975),#15973);
#15978=DIRECTION('',(4.397130954570E-1,8.981382931841E-1,0.E0));
#15979=VECTOR('',#15978,4.264140029562E-1);
#15980=CARTESIAN_POINT('',(-8.249998211861E-1,-4.979787246883E0,6.E0));
#15981=LINE('',#15980,#15979);
#15983=CURVE_STYLE('',#62,POSITIVE_LENGTH_MEASURE(2.E-2),#4197);
#15984=PRESENTATION_STYLE_ASSIGNMENT((#15983));
#15985=STYLED_ITEM('',(#15984),#15982);
#15987=DIRECTION('',(3.102805998049E-1,9.506450175458E-1,0.E0));
#15988=VECTOR('',#15987,3.021464405859E-1);
#15989=CARTESIAN_POINT('',(-6.375E-1,-4.596808502078E0,6.E0));
#15990=LINE('',#15989,#15988);
#15992=CURVE_STYLE('',#62,POSITIVE_LENGTH_MEASURE(2.E-2),#4197);
#15993=PRESENTATION_STYLE_ASSIGNMENT((#15992));
#15994=STYLED_ITEM('',(#15993),#15991);
#15996=DIRECTION('',(1.921820955228E-1,9.813592829135E-1,0.E0));
#15997=VECTOR('',#15996,4.878167350455E-1);
#15998=CARTESIAN_POINT('',(-5.437498211861E-1,-4.309574493766E0,6.E0));
#15999=LINE('',#15998,#15997);
#16001=CURVE_STYLE('',#62,POSITIVE_LENGTH_MEASURE(2.E-2),#4197);
#16002=PRESENTATION_STYLE_ASSIGNMENT((#16001));
#16003=STYLED_ITEM('',(#16002),#16000);
#16005=DIRECTION('',(0.E0,1.E0,0.E0));
#16006=VECTOR('',#16005,8.617020249367E-1);
#16007=CARTESIAN_POINT('',(-4.500001788139E-1,-3.830851012468E0,6.E0));
#16008=LINE('',#16007,#16006);
#16010=CURVE_STYLE('',#62,POSITIVE_LENGTH_MEASURE(2.E-2),#4197);
#16011=PRESENTATION_STYLE_ASSIGNMENT((#16010));
#16012=STYLED_ITEM('',(#16011),#16009);
#16014=DIRECTION('',(-1.921821473726E-1,9.813592727596E-1,0.E0));
#16015=VECTOR('',#16014,4.878166034350E-1);
#16016=CARTESIAN_POINT('',(-4.500001788139E-1,-2.969148987532E0,6.E0));
#16017=LINE('',#16016,#16015);
#16019=CURVE_STYLE('',#62,POSITIVE_LENGTH_MEASURE(2.E-2),#4197);
#16020=PRESENTATION_STYLE_ASSIGNMENT((#16019));
#16021=STYLED_ITEM('',(#16020),#16018);
#16023=DIRECTION('',(-3.102803379578E-1,9.506451030099E-1,0.E0));
#16024=VECTOR('',#16023,3.021466955688E-1);
#16025=CARTESIAN_POINT('',(-5.437498211861E-1,-2.490425640345E0,6.E0));
#16026=LINE('',#16025,#16024);
#16028=CURVE_STYLE('',#62,POSITIVE_LENGTH_MEASURE(2.E-2),#4197);
#16029=PRESENTATION_STYLE_ASSIGNMENT((#16028));
#16030=STYLED_ITEM('',(#16029),#16027);
#16032=DIRECTION('',(-4.397131575602E-1,8.981382627794E-1,0.E0));
#16033=VECTOR('',#16032,4.264139427313E-1);
#16034=CARTESIAN_POINT('',(-6.375E-1,-2.203191363811E0,6.E0));
#16035=LINE('',#16034,#16033);
#16037=CURVE_STYLE('',#62,POSITIVE_LENGTH_MEASURE(2.E-2),#4197);
#16038=PRESENTATION_STYLE_ASSIGNMENT((#16037));
#16039=STYLED_ITEM('',(#16038),#16036);
#16041=DIRECTION('',(-6.996248351869E-1,7.145103848018E-1,0.E0));
#16042=VECTOR('',#16041,4.020011667037E-1);
#16043=CARTESIAN_POINT('',(-8.249998211861E-1,-1.820212686062E0,6.E0));
#16044=LINE('',#16043,#16042);
#16046=CURVE_STYLE('',#62,POSITIVE_LENGTH_MEASURE(2.E-2),#4197);
#16047=PRESENTATION_STYLE_ASSIGNMENT((#16046));
#16048=STYLED_ITEM('',(#16047),#16045);
#16050=DIRECTION('',(-8.526536001913E-1,5.224766387895E-1,0.E0));
#16051=VECTOR('',#16050,5.497547392314E-1);
#16052=CARTESIAN_POINT('',(-1.106249821186E0,-1.532978677750E0,6.E0));
#16053=LINE('',#16052,#16051);
#16055=CURVE_STYLE('',#62,POSITIVE_LENGTH_MEASURE(2.E-2),#4197);
#16056=PRESENTATION_STYLE_ASSIGNMENT((#16055));
#16057=STYLED_ITEM('',(#16056),#16054);
#16059=DIRECTION('',(-9.858211730931E-1,1.677993286083E-1,0.E0));
#16060=VECTOR('',#16059,5.705903011143E-1);
#16061=CARTESIAN_POINT('',(-1.575000178814E0,-1.245744669437E0,6.E0));
#16062=LINE('',#16061,#16060);
#16064=CURVE_STYLE('',#62,POSITIVE_LENGTH_MEASURE(2.E-2),#4197);
#16065=PRESENTATION_STYLE_ASSIGNMENT((#16064));
#16066=STYLED_ITEM('',(#16065),#16063);
#16068=DIRECTION('',(-9.858211730931E-1,-1.677993286083E-1,0.E0));
#16069=VECTOR('',#16068,5.705903011143E-1);
#16070=CARTESIAN_POINT('',(-2.137500178814E0,-1.15E0,6.E0));
#16071=LINE('',#16070,#16069);
#16073=CURVE_STYLE('',#62,POSITIVE_LENGTH_MEASURE(2.E-2),#4197);
#16074=PRESENTATION_STYLE_ASSIGNMENT((#16073));
#16075=STYLED_ITEM('',(#16074),#16072);
#16077=DIRECTION('',(-8.526533338197E-1,-5.224770734933E-1,0.E0));
#16078=VECTOR('',#16077,5.497542818324E-1);
#16079=CARTESIAN_POINT('',(-2.700000178814E0,-1.245744669437E0,6.E0));
#16080=LINE('',#16079,#16078);
#16082=CURVE_STYLE('',#62,POSITIVE_LENGTH_MEASURE(2.E-2),#4197);
#16083=PRESENTATION_STYLE_ASSIGNMENT((#16082));
#16084=STYLED_ITEM('',(#16083),#16081);
#16086=DIRECTION('',(-6.996248351869E-1,-7.145103848018E-1,0.E0));
#16087=VECTOR('',#16086,4.020011667037E-1);
#16088=CARTESIAN_POINT('',(-3.16875E0,-1.532978677750E0,6.E0));
#16089=LINE('',#16088,#16087);
#16091=CURVE_STYLE('',#62,POSITIVE_LENGTH_MEASURE(2.E-2),#4197);
#16092=PRESENTATION_STYLE_ASSIGNMENT((#16091));
#16093=STYLED_ITEM('',(#16092),#16090);
#16095=DIRECTION('',(-4.397136649566E-1,-8.981380143666E-1,0.E0));
#16096=VECTOR('',#16095,4.264140606716E-1);
#16097=CARTESIAN_POINT('',(-3.45E0,-1.820212686062E0,6.E0));
#16098=LINE('',#16097,#16096);
#16100=CURVE_STYLE('',#62,POSITIVE_LENGTH_MEASURE(2.E-2),#4197);
#16101=PRESENTATION_STYLE_ASSIGNMENT((#16100));
#16102=STYLED_ITEM('',(#16101),#16099);
#16104=DIRECTION('',(-3.102795357040E-1,-9.506453648566E-1,0.E0));
#16105=VECTOR('',#16104,3.021466123452E-1);
#16106=CARTESIAN_POINT('',(-3.637500089407E0,-2.203191363811E0,6.E0));
#16107=LINE('',#16106,#16105);
#16109=CURVE_STYLE('',#62,POSITIVE_LENGTH_MEASURE(2.E-2),#4197);
#16110=PRESENTATION_STYLE_ASSIGNMENT((#16109));
#16111=STYLED_ITEM('',(#16110),#16108);
#16113=DIRECTION('',(-1.921826769043E-1,-9.813591690599E-1,0.E0));
#16114=VECTOR('',#16113,4.878166549823E-1);
#16115=CARTESIAN_POINT('',(-3.73125E0,-2.490425640345E0,6.E0));
#16116=LINE('',#16115,#16114);
#16118=CURVE_STYLE('',#62,POSITIVE_LENGTH_MEASURE(2.E-2),#4197);
#16119=PRESENTATION_STYLE_ASSIGNMENT((#16118));
#16120=STYLED_ITEM('',(#16119),#16117);
#16123=DIRECTION('',(1.610631980374E-1,9.869440947885E-1,0.E0));
#16124=VECTOR('',#16123,5.820674338677E-1);
#16125=CARTESIAN_POINT('',(-3.356249821186E0,-3.064893656969E0,6.E0));
#16126=LINE('',#16125,#16124);
#16128=CURVE_STYLE('',#62,POSITIVE_LENGTH_MEASURE(2.E-2),#4197);
#16129=PRESENTATION_STYLE_ASSIGNMENT((#16128));
#16130=STYLED_ITEM('',(#16129),#16127);
#16132=DIRECTION('',(5.466225504348E-1,8.373791180560E-1,0.E0));
#16133=VECTOR('',#16132,6.860312998717E-1);
#16134=CARTESIAN_POINT('',(-3.262500178814E0,-2.490425640345E0,6.E0));
#16135=LINE('',#16134,#16133);
#16137=CURVE_STYLE('',#62,POSITIVE_LENGTH_MEASURE(2.E-2),#4197);
#16138=PRESENTATION_STYLE_ASSIGNMENT((#16137));
#16139=STYLED_ITEM('',(#16138),#16136);
#16141=DIRECTION('',(8.265992787996E-1,5.627909312417E-1,0.E0));
#16142=VECTOR('',#16141,3.402495105106E-1);
#16143=CARTESIAN_POINT('',(-2.8875E0,-1.915957355499E0,6.E0));
#16144=LINE('',#16143,#16142);
#16146=CURVE_STYLE('',#62,POSITIVE_LENGTH_MEASURE(2.E-2),#4197);
#16147=PRESENTATION_STYLE_ASSIGNMENT((#16146));
#16148=STYLED_ITEM('',(#16147),#16145);
#16150=DIRECTION('',(9.797706943097E-1,2.001234283435E-1,0.E0));
#16151=VECTOR('',#16150,4.784280892544E-1);
#16152=CARTESIAN_POINT('',(-2.60625E0,-1.724468016624E0,6.E0));
#16153=LINE('',#16152,#16151);
#16155=CURVE_STYLE('',#62,POSITIVE_LENGTH_MEASURE(2.E-2),#4197);
#16156=PRESENTATION_STYLE_ASSIGNMENT((#16155));
#16157=STYLED_ITEM('',(#16156),#16154);
#16159=DIRECTION('',(9.797707392153E-1,-2.001232084928E-1,0.E0));
#16160=VECTOR('',#16159,4.784286148444E-1);
#16161=CARTESIAN_POINT('',(-2.137500178814E0,-1.628723347187E0,6.E0));
#16162=LINE('',#16161,#16160);
#16164=CURVE_STYLE('',#62,POSITIVE_LENGTH_MEASURE(2.E-2),#4197);
#16165=PRESENTATION_STYLE_ASSIGNMENT((#16164));
#16166=STYLED_ITEM('',(#16165),#16163);
#16168=DIRECTION('',(8.265992787996E-1,-5.627909312417E-1,0.E0));
#16169=VECTOR('',#16168,3.402495105106E-1);
#16170=CARTESIAN_POINT('',(-1.668749821186E0,-1.724468016624E0,6.E0));
#16171=LINE('',#16170,#16169);
#16173=CURVE_STYLE('',#62,POSITIVE_LENGTH_MEASURE(2.E-2),#4197);
#16174=PRESENTATION_STYLE_ASSIGNMENT((#16173));
#16175=STYLED_ITEM('',(#16174),#16172);
#16177=DIRECTION('',(5.466220021285E-1,-8.373794759779E-1,0.E0));
#16178=VECTOR('',#16177,6.860310066407E-1);
#16179=CARTESIAN_POINT('',(-1.387499821186E0,-1.915957355499E0,6.E0));
#16180=LINE('',#16179,#16178);
#16182=CURVE_STYLE('',#62,POSITIVE_LENGTH_MEASURE(2.E-2),#4197);
#16183=PRESENTATION_STYLE_ASSIGNMENT((#16182));
#16184=STYLED_ITEM('',(#16183),#16181);
#16186=DIRECTION('',(1.610640957438E-1,-9.869439482880E-1,0.E0));
#16187=VECTOR('',#16186,5.820675202690E-1);
#16188=CARTESIAN_POINT('',(-1.012500178814E0,-2.490425640345E0,6.E0));
#16189=LINE('',#16188,#16187);
#16191=CURVE_STYLE('',#62,POSITIVE_LENGTH_MEASURE(2.E-2),#4197);
#16192=PRESENTATION_STYLE_ASSIGNMENT((#16191));
#16193=STYLED_ITEM('',(#16192),#16190);
#16195=DIRECTION('',(0.E0,-1.E0,0.E0));
#16196=VECTOR('',#16195,6.702126860619E-1);
#16197=CARTESIAN_POINT('',(-9.1875E-1,-3.064893656969E0,6.E0));
#16198=LINE('',#16197,#16196);
#16200=CURVE_STYLE('',#62,POSITIVE_LENGTH_MEASURE(2.E-2),#4197);
#16201=PRESENTATION_STYLE_ASSIGNMENT((#16200));
#16202=STYLED_ITEM('',(#16201),#16199);
#16204=DIRECTION('',(-1.610640591185E-1,-9.869439542650E-1,0.E0));
#16205=VECTOR('',#16204,5.820676526285E-1);
#16206=CARTESIAN_POINT('',(-9.1875E-1,-3.735106343031E0,6.E0));
#16207=LINE('',#16206,#16205);
#16209=CURVE_STYLE('',#62,POSITIVE_LENGTH_MEASURE(2.E-2),#4197);
#16210=PRESENTATION_STYLE_ASSIGNMENT((#16209));
#16211=STYLED_ITEM('',(#16210),#16208);
#16213=DIRECTION('',(-5.466221363492E-1,-8.373793883617E-1,0.E0));
#16214=VECTOR('',#16213,6.860308381887E-1);
#16215=CARTESIAN_POINT('',(-1.012500178814E0,-4.309574493766E0,6.E0));
#16216=LINE('',#16215,#16214);
#16218=CURVE_STYLE('',#62,POSITIVE_LENGTH_MEASURE(2.E-2),#4197);
#16219=PRESENTATION_STYLE_ASSIGNMENT((#16218));
#16220=STYLED_ITEM('',(#16219),#16217);
#16222=DIRECTION('',(-8.265992787996E-1,-5.627909312417E-1,0.E0));
#16223=VECTOR('',#16222,3.402495105106E-1);
#16224=CARTESIAN_POINT('',(-1.387499821186E0,-4.884042577446E0,6.E0));
#16225=LINE('',#16224,#16223);
#16227=CURVE_STYLE('',#62,POSITIVE_LENGTH_MEASURE(2.E-2),#4197);
#16228=PRESENTATION_STYLE_ASSIGNMENT((#16227));
#16229=STYLED_ITEM('',(#16228),#16226);
#16231=DIRECTION('',(-9.797707392153E-1,-2.001232084928E-1,0.E0));
#16232=VECTOR('',#16231,4.784286148444E-1);
#16233=CARTESIAN_POINT('',(-1.668749821186E0,-5.075531916320E0,6.E0));
#16234=LINE('',#16233,#16232);
#16236=CURVE_STYLE('',#62,POSITIVE_LENGTH_MEASURE(2.E-2),#4197);
#16237=PRESENTATION_STYLE_ASSIGNMENT((#16236));
#16238=STYLED_ITEM('',(#16237),#16235);
#16240=DIRECTION('',(-9.797706943097E-1,2.001234283435E-1,0.E0));
#16241=VECTOR('',#16240,4.784280892544E-1);
#16242=CARTESIAN_POINT('',(-2.137500178814E0,-5.171276585758E0,6.E0));
#16243=LINE('',#16242,#16241);
#16245=CURVE_STYLE('',#62,POSITIVE_LENGTH_MEASURE(2.E-2),#4197);
#16246=PRESENTATION_STYLE_ASSIGNMENT((#16245));
#16247=STYLED_ITEM('',(#16246),#16244);
#16249=DIRECTION('',(-8.265992787996E-1,5.627909312417E-1,0.E0));
#16250=VECTOR('',#16249,3.402495105106E-1);
#16251=CARTESIAN_POINT('',(-2.60625E0,-5.075531916320E0,6.E0));
#16252=LINE('',#16251,#16250);
#16254=CURVE_STYLE('',#62,POSITIVE_LENGTH_MEASURE(2.E-2),#4197);
#16255=PRESENTATION_STYLE_ASSIGNMENT((#16254));
#16256=STYLED_ITEM('',(#16255),#16253);
#16258=DIRECTION('',(-5.466226846555E-1,8.373790304396E-1,0.E0));
#16259=VECTOR('',#16258,6.860311314198E-1);
#16260=CARTESIAN_POINT('',(-2.8875E0,-4.884042577446E0,6.E0));
#16261=LINE('',#16260,#16259);
#16263=CURVE_STYLE('',#62,POSITIVE_LENGTH_MEASURE(2.E-2),#4197);
#16264=PRESENTATION_STYLE_ASSIGNMENT((#16263));
#16265=STYLED_ITEM('',(#16264),#16262);
#16267=DIRECTION('',(-1.610631614123E-1,9.869441007655E-1,0.E0));
#16268=VECTOR('',#16267,5.820675662272E-1);
#16269=CARTESIAN_POINT('',(-3.262500178814E0,-4.309574493766E0,6.E0));
#16270=LINE('',#16269,#16268);
#16272=CURVE_STYLE('',#62,POSITIVE_LENGTH_MEASURE(2.E-2),#4197);
#16273=PRESENTATION_STYLE_ASSIGNMENT((#16272));
#16274=STYLED_ITEM('',(#16273),#16271);
#16276=DIRECTION('',(0.E0,1.E0,0.E0));
#16277=VECTOR('',#16276,6.702126860619E-1);
#16278=CARTESIAN_POINT('',(-3.356249821186E0,-3.735106343031E0,6.E0));
#16279=LINE('',#16278,#16277);
#16281=CURVE_STYLE('',#62,POSITIVE_LENGTH_MEASURE(2.E-2),#4197);
#16282=PRESENTATION_STYLE_ASSIGNMENT((#16281));
#16283=STYLED_ITEM('',(#16282),#16280);
#16286=DIRECTION('',(0.E0,-1.E0,0.E0));
#16287=VECTOR('',#16286,4.787234142423E-1);
#16288=CARTESIAN_POINT('',(3.000001788139E-1,-5.171276585758E0,6.E0));
#16289=LINE('',#16288,#16287);
#16291=CURVE_STYLE('',#62,POSITIVE_LENGTH_MEASURE(2.E-2),#4197);
#16292=PRESENTATION_STYLE_ASSIGNMENT((#16291));
#16293=STYLED_ITEM('',(#16292),#16290);
#16295=DIRECTION('',(1.E0,0.E0,0.E0));
#16296=VECTOR('',#16295,3.374999463558E0);
#16297=CARTESIAN_POINT('',(3.000001788139E-1,-5.65E0,6.E0));
#16298=LINE('',#16297,#16296);
#16300=CURVE_STYLE('',#62,POSITIVE_LENGTH_MEASURE(2.E-2),#4197);
#16301=PRESENTATION_STYLE_ASSIGNMENT((#16300));
#16302=STYLED_ITEM('',(#16301),#16299);
#16304=DIRECTION('',(0.E0,1.E0,0.E0));
#16305=VECTOR('',#16304,4.787234142423E-1);
#16306=CARTESIAN_POINT('',(3.674999642372E0,-5.65E0,6.E0));
#16307=LINE('',#16306,#16305);
#16309=CURVE_STYLE('',#62,POSITIVE_LENGTH_MEASURE(2.E-2),#4197);
#16310=PRESENTATION_STYLE_ASSIGNMENT((#16309));
#16311=STYLED_ITEM('',(#16310),#16308);
#16313=DIRECTION('',(-1.E0,0.E0,0.E0));
#16314=VECTOR('',#16313,2.624999642372E0);
#16315=CARTESIAN_POINT('',(3.674999642372E0,-5.171276585758E0,6.E0));
#16316=LINE('',#16315,#16314);
#16318=CURVE_STYLE('',#62,POSITIVE_LENGTH_MEASURE(2.E-2),#4197);
#16319=PRESENTATION_STYLE_ASSIGNMENT((#16318));
#16320=STYLED_ITEM('',(#16319),#16317);
#16322=DIRECTION('',(7.437660397173E-1,6.684400333338E-1,0.E0));
#16323=VECTOR('',#16322,3.151192064729E0);
#16324=CARTESIAN_POINT('',(1.05E0,-5.171276585758E0,6.E0));
#16325=LINE('',#16324,#16323);
#16327=CURVE_STYLE('',#62,POSITIVE_LENGTH_MEASURE(2.E-2),#4197);
#16328=PRESENTATION_STYLE_ASSIGNMENT((#16327));
#16329=STYLED_ITEM('',(#16328),#16326);
#16331=DIRECTION('',(5.466232777014E-1,8.373786433120E-1,0.E0));
#16332=VECTOR('',#16331,3.430156842503E-1);
#16333=CARTESIAN_POINT('',(3.393749642372E0,-3.064893656969E0,6.E0));
#16334=LINE('',#16333,#16332);
#16336=CURVE_STYLE('',#62,POSITIVE_LENGTH_MEASURE(2.E-2),#4197);
#16337=PRESENTATION_STYLE_ASSIGNMENT((#16336));
#16338=STYLED_ITEM('',(#16337),#16335);
#16340=DIRECTION('',(2.377704967206E-1,9.713213633444E-1,0.E0));
#16341=VECTOR('',#16340,3.942862704378E-1);
#16342=CARTESIAN_POINT('',(3.58125E0,-2.777659648657E0,6.E0));
#16343=LINE('',#16342,#16341);
#16345=CURVE_STYLE('',#62,POSITIVE_LENGTH_MEASURE(2.E-2),#4197);
#16346=PRESENTATION_STYLE_ASSIGNMENT((#16345));
#16347=STYLED_ITEM('',(#16346),#16344);
#16349=DIRECTION('',(0.E0,1.E0,0.E0));
#16350=VECTOR('',#16349,1.914896070957E-1);
#16351=CARTESIAN_POINT('',(3.674999642372E0,-2.394680970907E0,6.E0));
#16352=LINE('',#16351,#16350);
#16354=CURVE_STYLE('',#62,POSITIVE_LENGTH_MEASURE(2.E-2),#4197);
#16355=PRESENTATION_STYLE_ASSIGNMENT((#16354));
#16356=STYLED_ITEM('',(#16355),#16353);
#16358=DIRECTION('',(-2.377704967206E-1,9.713213633444E-1,0.E0));
#16359=VECTOR('',#16358,3.942862704378E-1);
#16360=CARTESIAN_POINT('',(3.674999642372E0,-2.203191363811E0,6.E0));
#16361=LINE('',#16360,#16359);
#16363=CURVE_STYLE('',#62,POSITIVE_LENGTH_MEASURE(2.E-2),#4197);
#16364=PRESENTATION_STYLE_ASSIGNMENT((#16363));
#16365=STYLED_ITEM('',(#16364),#16362);
#16367=DIRECTION('',(-6.996244945571E-1,7.145107183351E-1,0.E0));
#16368=VECTOR('',#16367,5.360013053996E-1);
#16369=CARTESIAN_POINT('',(3.58125E0,-1.820212686062E0,6.E0));
#16370=LINE('',#16369,#16368);
#16372=CURVE_STYLE('',#62,POSITIVE_LENGTH_MEASURE(2.E-2),#4197);
#16373=PRESENTATION_STYLE_ASSIGNMENT((#16372));
#16374=STYLED_ITEM('',(#16373),#16371);
#16376=DIRECTION('',(-8.906056381928E-1,4.547764255314E-1,0.E0));
#16377=VECTOR('',#16376,4.210625883940E-1);
#16378=CARTESIAN_POINT('',(3.206250357628E0,-1.437234008312E0,6.E0));
#16379=LINE('',#16378,#16377);
#16381=CURVE_STYLE('',#62,POSITIVE_LENGTH_MEASURE(2.E-2),#4197);
#16382=PRESENTATION_STYLE_ASSIGNMENT((#16381));
#16383=STYLED_ITEM('',(#16382),#16380);
#16385=DIRECTION('',(-9.858211730931E-1,1.677993286083E-1,0.E0));
#16386=VECTOR('',#16385,5.705903011143E-1);
#16387=CARTESIAN_POINT('',(2.831249642372E0,-1.245744669437E0,6.E0));
#16388=LINE('',#16387,#16386);
#16390=CURVE_STYLE('',#62,POSITIVE_LENGTH_MEASURE(2.E-2),#4197);
#16391=PRESENTATION_STYLE_ASSIGNMENT((#16390));
#16392=STYLED_ITEM('',(#16391),#16389);
#16394=DIRECTION('',(-1.E0,0.E0,0.E0));
#16395=VECTOR('',#16394,3.749996423721E-1);
#16396=CARTESIAN_POINT('',(2.268749642372E0,-1.15E0,6.E0));
#16397=LINE('',#16396,#16395);
#16399=CURVE_STYLE('',#62,POSITIVE_LENGTH_MEASURE(2.E-2),#4197);
#16400=PRESENTATION_STYLE_ASSIGNMENT((#16399));
#16401=STYLED_ITEM('',(#16400),#16398);
#16403=DIRECTION('',(-9.895240227806E-1,-1.443683079492E-1,0.E0));
#16404=VECTOR('',#16403,6.631972819902E-1);
#16405=CARTESIAN_POINT('',(1.89375E0,-1.15E0,6.E0));
#16406=LINE('',#16405,#16404);
#16408=CURVE_STYLE('',#62,POSITIVE_LENGTH_MEASURE(2.E-2),#4197);
#16409=PRESENTATION_STYLE_ASSIGNMENT((#16408));
#16410=STYLED_ITEM('',(#16409),#16407);
#16412=DIRECTION('',(-8.906053746977E-1,-4.547769415434E-1,0.E0));
#16413=VECTOR('',#16412,4.210621106359E-1);
#16414=CARTESIAN_POINT('',(1.237500357628E0,-1.245744669437E0,6.E0));
#16415=LINE('',#16414,#16413);
#16417=CURVE_STYLE('',#62,POSITIVE_LENGTH_MEASURE(2.E-2),#4197);
#16418=PRESENTATION_STYLE_ASSIGNMENT((#16417));
#16419=STYLED_ITEM('',(#16418),#16416);
#16421=DIRECTION('',(-6.996250055017E-1,-7.145102180353E-1,0.E0));
#16422=VECTOR('',#16421,5.360016807076E-1);
#16423=CARTESIAN_POINT('',(8.625001788139E-1,-1.437234008312E0,6.E0));
#16424=LINE('',#16423,#16422);
#16426=CURVE_STYLE('',#62,POSITIVE_LENGTH_MEASURE(2.E-2),#4197);
#16427=PRESENTATION_STYLE_ASSIGNMENT((#16426));
#16428=STYLED_ITEM('',(#16427),#16425);
#16430=DIRECTION('',(-2.377717803411E-1,-9.713210491251E-1,0.E0));
#16431=VECTOR('',#16430,3.942863979882E-1);
#16432=CARTESIAN_POINT('',(4.875E-1,-1.820212686062E0,6.E0));
#16433=LINE('',#16432,#16431);
#16435=CURVE_STYLE('',#62,POSITIVE_LENGTH_MEASURE(2.E-2),#4197);
#16436=PRESENTATION_STYLE_ASSIGNMENT((#16435));
#16437=STYLED_ITEM('',(#16436),#16434);
#16439=DIRECTION('',(1.E0,0.E0,0.E0));
#16440=VECTOR('',#16439,4.687503576279E-1);
#16441=CARTESIAN_POINT('',(3.937498211861E-1,-2.203191363811E0,6.E0));
#16442=LINE('',#16441,#16440);
#16444=CURVE_STYLE('',#62,POSITIVE_LENGTH_MEASURE(2.E-2),#4197);
#16445=PRESENTATION_STYLE_ASSIGNMENT((#16444));
#16446=STYLED_ITEM('',(#16445),#16443);
#16448=DIRECTION('',(5.466221810895E-1,8.373793591563E-1,0.E0));
#16449=VECTOR('',#16448,3.430153910190E-1);
#16450=CARTESIAN_POINT('',(8.625001788139E-1,-2.203191363811E0,6.E0));
#16451=LINE('',#16450,#16449);
#16453=CURVE_STYLE('',#62,POSITIVE_LENGTH_MEASURE(2.E-2),#4197);
#16454=PRESENTATION_STYLE_ASSIGNMENT((#16453));
#16455=STYLED_ITEM('',(#16454),#16452);
#16457=DIRECTION('',(8.265992787996E-1,5.627909312417E-1,0.E0));
#16458=VECTOR('',#16457,3.402495105106E-1);
#16459=CARTESIAN_POINT('',(1.05E0,-1.915957355499E0,6.E0));
#16460=LINE('',#16459,#16458);
#16462=CURVE_STYLE('',#62,POSITIVE_LENGTH_MEASURE(2.E-2),#4197);
#16463=PRESENTATION_STYLE_ASSIGNMENT((#16462));
#16464=STYLED_ITEM('',(#16463),#16461);
#16466=DIRECTION('',(9.797707392153E-1,2.001232084928E-1,0.E0));
#16467=VECTOR('',#16466,4.784286148444E-1);
#16468=CARTESIAN_POINT('',(1.33125E0,-1.724468016624E0,6.E0));
#16469=LINE('',#16468,#16467);
#16471=CURVE_STYLE('',#62,POSITIVE_LENGTH_MEASURE(2.E-2),#4197);
#16472=PRESENTATION_STYLE_ASSIGNMENT((#16471));
#16473=STYLED_ITEM('',(#16472),#16470);
#16475=DIRECTION('',(1.E0,0.E0,0.E0));
#16476=VECTOR('',#16475,3.749996423721E-1);
#16477=CARTESIAN_POINT('',(1.800000357628E0,-1.628723347187E0,6.E0));
#16478=LINE('',#16477,#16476);
#16480=CURVE_STYLE('',#62,POSITIVE_LENGTH_MEASURE(2.E-2),#4197);
#16481=PRESENTATION_STYLE_ASSIGNMENT((#16480));
#16482=STYLED_ITEM('',(#16481),#16479);
#16484=DIRECTION('',(9.797707392153E-1,-2.001232084928E-1,0.E0));
#16485=VECTOR('',#16484,4.784286148444E-1);
#16486=CARTESIAN_POINT('',(2.175E0,-1.628723347187E0,6.E0));
#16487=LINE('',#16486,#16485);
#16489=CURVE_STYLE('',#62,POSITIVE_LENGTH_MEASURE(2.E-2),#4197);
#16490=PRESENTATION_STYLE_ASSIGNMENT((#16489));
#16491=STYLED_ITEM('',(#16490),#16488);
#16493=DIRECTION('',(8.265992787996E-1,-5.627909312417E-1,0.E0));
#16494=VECTOR('',#16493,3.402495105106E-1);
#16495=CARTESIAN_POINT('',(2.643750357628E0,-1.724468016624E0,6.E0));
#16496=LINE('',#16495,#16494);
#16498=CURVE_STYLE('',#62,POSITIVE_LENGTH_MEASURE(2.E-2),#4197);
#16499=PRESENTATION_STYLE_ASSIGNMENT((#16498));
#16500=STYLED_ITEM('',(#16499),#16497);
#16502=DIRECTION('',(5.466210844748E-1,-8.373800750004E-1,0.E0));
#16503=VECTOR('',#16502,3.430150977883E-1);
#16504=CARTESIAN_POINT('',(2.925000357628E0,-1.915957355499E0,6.E0));
#16505=LINE('',#16504,#16503);
#16507=CURVE_STYLE('',#62,POSITIVE_LENGTH_MEASURE(2.E-2),#4197);
#16508=PRESENTATION_STYLE_ASSIGNMENT((#16507));
#16509=STYLED_ITEM('',(#16508),#16506);
#16511=DIRECTION('',(0.E0,-1.E0,0.E0));
#16512=VECTOR('',#16511,1.914896070957E-1);
#16513=CARTESIAN_POINT('',(3.112499642372E0,-2.203191363811E0,6.E0));
#16514=LINE('',#16513,#16512);
#16516=CURVE_STYLE('',#62,POSITIVE_LENGTH_MEASURE(2.E-2),#4197);
#16517=PRESENTATION_STYLE_ASSIGNMENT((#16516));
#16518=STYLED_ITEM('',(#16517),#16515);
#16520=DIRECTION('',(-4.397121427660E-1,-8.981387596046E-1,0.E0));
#16521=VECTOR('',#16520,4.264137068511E-1);
#16522=CARTESIAN_POINT('',(3.112499642372E0,-2.394680970907E0,6.E0));
#16523=LINE('',#16522,#16521);
#16525=CURVE_STYLE('',#62,POSITIVE_LENGTH_MEASURE(2.E-2),#4197);
#16526=PRESENTATION_STYLE_ASSIGNMENT((#16525));
#16527=STYLED_ITEM('',(#16526),#16524);
#16529=DIRECTION('',(-7.389229891797E-1,-6.737898901451E-1,0.E0));
#16530=VECTOR('',#16529,3.552467871825E0);
#16531=CARTESIAN_POINT('',(2.925000357628E0,-2.777659648657E0,6.E0));
#16532=LINE('',#16531,#16530);
#16534=CURVE_STYLE('',#62,POSITIVE_LENGTH_MEASURE(2.E-2),#4197);
#16535=PRESENTATION_STYLE_ASSIGNMENT((#16534));
#16536=STYLED_ITEM('',(#16535),#16533);
#16539=DIRECTION('',(7.938787408812E-1,6.080761011394E-1,0.E0));
#16540=VECTOR('',#16539,4.723652315459E-1);
#16541=CARTESIAN_POINT('',(5.081249642372E0,-3.639361673594E0,6.E0));
#16542=LINE('',#16541,#16540);
#16544=CURVE_STYLE('',#62,POSITIVE_LENGTH_MEASURE(2.E-2),#4197);
#16545=PRESENTATION_STYLE_ASSIGNMENT((#16544));
#16546=STYLED_ITEM('',(#16545),#16543);
#16548=DIRECTION('',(9.689176611437E-1,2.473834390653E-1,0.E0));
#16549=VECTOR('',#16548,3.870294220145E-1);
#16550=CARTESIAN_POINT('',(5.456250357628E0,-3.352127665281E0,6.E0));
#16551=LINE('',#16550,#16549);
#16553=CURVE_STYLE('',#62,POSITIVE_LENGTH_MEASURE(2.E-2),#4197);
#16554=PRESENTATION_STYLE_ASSIGNMENT((#16553));
#16555=STYLED_ITEM('',(#16554),#16552);
#16557=DIRECTION('',(1.E0,0.E0,0.E0));
#16558=VECTOR('',#16557,5.625E-1);
#16559=CARTESIAN_POINT('',(5.83125E0,-3.256382995844E0,6.E0));
#16560=LINE('',#16559,#16558);
#16562=CURVE_STYLE('',#62,POSITIVE_LENGTH_MEASURE(2.E-2),#4197);
#16563=PRESENTATION_STYLE_ASSIGNMENT((#16562));
#16564=STYLED_ITEM('',(#16563),#16561);
#16566=DIRECTION('',(9.689176611437E-1,-2.473834390653E-1,0.E0));
#16567=VECTOR('',#16566,3.870294220145E-1);
#16568=CARTESIAN_POINT('',(6.39375E0,-3.256382995844E0,6.E0));
#16569=LINE('',#16568,#16567);
#16571=CURVE_STYLE('',#62,POSITIVE_LENGTH_MEASURE(2.E-2),#4197);
#16572=PRESENTATION_STYLE_ASSIGNMENT((#16571));
#16573=STYLED_ITEM('',(#16572),#16570);
#16575=DIRECTION('',(8.265992787996E-1,-5.627909312417E-1,0.E0));
#16576=VECTOR('',#16575,3.402495105106E-1);
#16577=CARTESIAN_POINT('',(6.768749642372E0,-3.352127665281E0,6.E0));
#16578=LINE('',#16577,#16576);
#16580=CURVE_STYLE('',#62,POSITIVE_LENGTH_MEASURE(2.E-2),#4197);
#16581=PRESENTATION_STYLE_ASSIGNMENT((#16580));
#16582=STYLED_ITEM('',(#16581),#16579);
#16584=DIRECTION('',(5.466232777014E-1,-8.373786433120E-1,0.E0));
#16585=VECTOR('',#16584,3.430156842503E-1);
#16586=CARTESIAN_POINT('',(7.049999642372E0,-3.543617004156E0,6.E0));
#16587=LINE('',#16586,#16585);
#16589=CURVE_STYLE('',#62,POSITIVE_LENGTH_MEASURE(2.E-2),#4197);
#16590=PRESENTATION_STYLE_ASSIGNMENT((#16589));
#16591=STYLED_ITEM('',(#16590),#16588);
#16593=DIRECTION('',(3.102788643726E-1,-9.506455839711E-1,0.E0));
#16594=VECTOR('',#16593,3.021464016304E-1);
#16595=CARTESIAN_POINT('',(7.2375E0,-3.830851012468E0,6.E0));
#16596=LINE('',#16595,#16594);
#16598=CURVE_STYLE('',#62,POSITIVE_LENGTH_MEASURE(2.E-2),#4197);
#16599=PRESENTATION_STYLE_ASSIGNMENT((#16598));
#16600=STYLED_ITEM('',(#16599),#16597);
#16602=DIRECTION('',(0.E0,-1.E0,0.E0));
#16603=VECTOR('',#16602,1.914893388748E-1);
#16604=CARTESIAN_POINT('',(7.331249642372E0,-4.118085154891E0,6.E0));
#16605=LINE('',#16604,#16603);
#16607=CURVE_STYLE('',#62,POSITIVE_LENGTH_MEASURE(2.E-2),#4197);
#16608=PRESENTATION_STYLE_ASSIGNMENT((#16607));
#16609=STYLED_ITEM('',(#16608),#16606);
#16611=DIRECTION('',(-3.102789952956E-1,-9.506455412394E-1,0.E0));
#16612=VECTOR('',#16611,3.021462741389E-1);
#16613=CARTESIAN_POINT('',(7.331249642372E0,-4.309574493766E0,6.E0));
#16614=LINE('',#16613,#16612);
#16616=CURVE_STYLE('',#62,POSITIVE_LENGTH_MEASURE(2.E-2),#4197);
#16617=PRESENTATION_STYLE_ASSIGNMENT((#16616));
#16618=STYLED_ITEM('',(#16617),#16615);
#16620=DIRECTION('',(-5.466231882208E-1,-8.373787017230E-1,0.E0));
#16621=VECTOR('',#16620,3.430157404009E-1);
#16622=CARTESIAN_POINT('',(7.2375E0,-4.596808502078E0,6.E0));
#16623=LINE('',#16622,#16621);
#16625=CURVE_STYLE('',#62,POSITIVE_LENGTH_MEASURE(2.E-2),#4197);
#16626=PRESENTATION_STYLE_ASSIGNMENT((#16625));
#16627=STYLED_ITEM('',(#16626),#16624);
#16629=DIRECTION('',(-8.265992787996E-1,-5.627909312417E-1,0.E0));
#16630=VECTOR('',#16629,3.402495105106E-1);
#16631=CARTESIAN_POINT('',(7.049999642372E0,-4.884042577446E0,6.E0));
#16632=LINE('',#16631,#16630);
#16634=CURVE_STYLE('',#62,POSITIVE_LENGTH_MEASURE(2.E-2),#4197);
#16635=PRESENTATION_STYLE_ASSIGNMENT((#16634));
#16636=STYLED_ITEM('',(#16635),#16633);
#16638=DIRECTION('',(-9.689176611437E-1,-2.473834390653E-1,0.E0));
#16639=VECTOR('',#16638,3.870294220145E-1);
#16640=CARTESIAN_POINT('',(6.768749642372E0,-5.075531916320E0,6.E0));
#16641=LINE('',#16640,#16639);
#16643=CURVE_STYLE('',#62,POSITIVE_LENGTH_MEASURE(2.E-2),#4197);
#16644=PRESENTATION_STYLE_ASSIGNMENT((#16643));
#16645=STYLED_ITEM('',(#16644),#16642);
#16647=DIRECTION('',(-1.E0,0.E0,0.E0));
#16648=VECTOR('',#16647,5.625E-1);
#16649=CARTESIAN_POINT('',(6.39375E0,-5.171276585758E0,6.E0));
#16650=LINE('',#16649,#16648);
#16652=CURVE_STYLE('',#62,POSITIVE_LENGTH_MEASURE(2.E-2),#4197);
#16653=PRESENTATION_STYLE_ASSIGNMENT((#16652));
#16654=STYLED_ITEM('',(#16653),#16651);
#16656=DIRECTION('',(-9.689176611437E-1,2.473834390653E-1,0.E0));
#16657=VECTOR('',#16656,3.870294220145E-1);
#16658=CARTESIAN_POINT('',(5.83125E0,-5.171276585758E0,6.E0));
#16659=LINE('',#16658,#16657);
#16661=CURVE_STYLE('',#62,POSITIVE_LENGTH_MEASURE(2.E-2),#4197);
#16662=PRESENTATION_STYLE_ASSIGNMENT((#16661));
#16663=STYLED_ITEM('',(#16662),#16660);
#16665=DIRECTION('',(-8.265992787996E-1,5.627909312417E-1,0.E0));
#16666=VECTOR('',#16665,3.402495105106E-1);
#16667=CARTESIAN_POINT('',(5.456250357628E0,-5.075531916320E0,6.E0));
#16668=LINE('',#16667,#16666);
#16670=CURVE_STYLE('',#62,POSITIVE_LENGTH_MEASURE(2.E-2),#4197);
#16671=PRESENTATION_STYLE_ASSIGNMENT((#16670));
#16672=STYLED_ITEM('',(#16671),#16669);
#16674=DIRECTION('',(-4.397141102494E-1,8.981377963584E-1,0.E0));
#16675=VECTOR('',#16674,4.264142388369E-1);
#16676=CARTESIAN_POINT('',(5.175000357628E0,-4.884042577446E0,6.E0));
#16677=LINE('',#16676,#16675);
#16679=CURVE_STYLE('',#62,POSITIVE_LENGTH_MEASURE(2.E-2),#4197);
#16680=PRESENTATION_STYLE_ASSIGNMENT((#16679));
#16681=STYLED_ITEM('',(#16680),#16678);
#16683=DIRECTION('',(-1.E0,0.E0,0.E0));
#16684=VECTOR('',#16683,5.625E-1);
#16685=CARTESIAN_POINT('',(4.9875E0,-4.501063832641E0,6.E0));
#16686=LINE('',#16685,#16684);
#16688=CURVE_STYLE('',#62,POSITIVE_LENGTH_MEASURE(2.E-2),#4197);
#16689=PRESENTATION_STYLE_ASSIGNMENT((#16688));
#16690=STYLED_ITEM('',(#16689),#16687);
#16692=DIRECTION('',(4.397141102494E-1,-8.981377963584E-1,0.E0));
#16693=VECTOR('',#16692,4.264142388369E-1);
#16694=CARTESIAN_POINT('',(4.425E0,-4.501063832641E0,6.E0));
#16695=LINE('',#16694,#16693);
#16697=CURVE_STYLE('',#62,POSITIVE_LENGTH_MEASURE(2.E-2),#4197);
#16698=PRESENTATION_STYLE_ASSIGNMENT((#16697));
#16699=STYLED_ITEM('',(#16698),#16696);
#16701=DIRECTION('',(5.919095150862E-1,-8.060044205527E-1,0.E0));
#16702=VECTOR('',#16701,4.751570853850E-1);
#16703=CARTESIAN_POINT('',(4.612500357628E0,-4.884042577446E0,6.E0));
#16704=LINE('',#16703,#16702);
#16706=CURVE_STYLE('',#62,POSITIVE_LENGTH_MEASURE(2.E-2),#4197);
#16707=PRESENTATION_STYLE_ASSIGNMENT((#16706));
#16708=STYLED_ITEM('',(#16707),#16705);
#16710=DIRECTION('',(8.526530470706E-1,-5.224775414514E-1,0.E0));
#16711=VECTOR('',#16710,5.497538375717E-1);
#16712=CARTESIAN_POINT('',(4.893750357628E0,-5.267021288723E0,6.E0));
#16713=LINE('',#16712,#16711);
#16715=CURVE_STYLE('',#62,POSITIVE_LENGTH_MEASURE(2.E-2),#4197);
#16716=PRESENTATION_STYLE_ASSIGNMENT((#16715));
#16717=STYLED_ITEM('',(#16716),#16714);
#16719=DIRECTION('',(9.797707357802E-1,-2.001232253108E-1,0.E0));
#16720=VECTOR('',#16719,4.784286165218E-1);
#16721=CARTESIAN_POINT('',(5.362499642372E0,-5.554255322181E0,6.E0));
#16722=LINE('',#16721,#16720);
#16724=CURVE_STYLE('',#62,POSITIVE_LENGTH_MEASURE(2.E-2),#4197);
#16725=PRESENTATION_STYLE_ASSIGNMENT((#16724));
#16726=STYLED_ITEM('',(#16725),#16723);
#16728=DIRECTION('',(1.E0,0.E0,0.E0));
#16729=VECTOR('',#16728,5.625E-1);
#16730=CARTESIAN_POINT('',(5.83125E0,-5.65E0,6.E0));
#16731=LINE('',#16730,#16729);
#16733=CURVE_STYLE('',#62,POSITIVE_LENGTH_MEASURE(2.E-2),#4197);
#16734=PRESENTATION_STYLE_ASSIGNMENT((#16733));
#16735=STYLED_ITEM('',(#16734),#16732);
#16737=DIRECTION('',(9.797707357802E-1,2.001232253108E-1,0.E0));
#16738=VECTOR('',#16737,4.784286165218E-1);
#16739=CARTESIAN_POINT('',(6.39375E0,-5.65E0,6.E0));
#16740=LINE('',#16739,#16738);
#16742=CURVE_STYLE('',#62,POSITIVE_LENGTH_MEASURE(2.E-2),#4197);
#16743=PRESENTATION_STYLE_ASSIGNMENT((#16742));
#16744=STYLED_ITEM('',(#16743),#16741);
#16746=DIRECTION('',(8.526530470706E-1,5.224775414514E-1,0.E0));
#16747=VECTOR('',#16746,5.497538375717E-1);
#16748=CARTESIAN_POINT('',(6.862500357628E0,-5.554255322181E0,6.E0));
#16749=LINE('',#16748,#16747);
#16751=CURVE_STYLE('',#62,POSITIVE_LENGTH_MEASURE(2.E-2),#4197);
#16752=PRESENTATION_STYLE_ASSIGNMENT((#16751));
#16753=STYLED_ITEM('',(#16752),#16750);
#16755=DIRECTION('',(5.919095150862E-1,8.060044205527E-1,0.E0));
#16756=VECTOR('',#16755,4.751570853850E-1);
#16757=CARTESIAN_POINT('',(7.331249642372E0,-5.267021288723E0,6.E0));
#16758=LINE('',#16757,#16756);
#16760=CURVE_STYLE('',#62,POSITIVE_LENGTH_MEASURE(2.E-2),#4197);
#16761=PRESENTATION_STYLE_ASSIGNMENT((#16760));
#16762=STYLED_ITEM('',(#16761),#16759);
#16764=DIRECTION('',(3.646924947007E-1,9.311280171432E-1,0.E0));
#16765=VECTOR('',#16764,5.141327566440E-1);
#16766=CARTESIAN_POINT('',(7.612499642372E0,-4.884042577446E0,6.E0));
#16767=LINE('',#16766,#16765);
#16769=CURVE_STYLE('',#62,POSITIVE_LENGTH_MEASURE(2.E-2),#4197);
#16770=PRESENTATION_STYLE_ASSIGNMENT((#16769));
#16771=STYLED_ITEM('',(#16770),#16768);
#16773=DIRECTION('',(0.E0,1.E0,0.E0));
#16774=VECTOR('',#16773,3.829786777496E-1);
#16775=CARTESIAN_POINT('',(7.8E0,-4.405319163203E0,6.E0));
#16776=LINE('',#16775,#16774);
#16778=CURVE_STYLE('',#62,POSITIVE_LENGTH_MEASURE(2.E-2),#4197);
#16779=PRESENTATION_STYLE_ASSIGNMENT((#16778));
#16780=STYLED_ITEM('',(#16779),#16777);
#16782=DIRECTION('',(-3.646924504120E-1,9.311280344896E-1,0.E0));
#16783=VECTOR('',#16782,5.141328190810E-1);
#16784=CARTESIAN_POINT('',(7.8E0,-4.022340485454E0,6.E0));
#16785=LINE('',#16784,#16783);
#16787=CURVE_STYLE('',#62,POSITIVE_LENGTH_MEASURE(2.E-2),#4197);
#16788=PRESENTATION_STYLE_ASSIGNMENT((#16787));
#16789=STYLED_ITEM('',(#16788),#16786);
#16791=DIRECTION('',(-5.919095487496E-1,8.060043958311E-1,0.E0));
#16792=VECTOR('',#16791,4.751570583616E-1);
#16793=CARTESIAN_POINT('',(7.612499642372E0,-3.543617004156E0,6.E0));
#16794=LINE('',#16793,#16792);
#16796=CURVE_STYLE('',#62,POSITIVE_LENGTH_MEASURE(2.E-2),#4197);
#16797=PRESENTATION_STYLE_ASSIGNMENT((#16796));
#16798=STYLED_ITEM('',(#16797),#16795);
#16800=DIRECTION('',(-8.526530674474E-1,5.224775081977E-1,0.E0));
#16801=VECTOR('',#16800,5.497538244336E-1);
#16802=CARTESIAN_POINT('',(7.331249642372E0,-3.160638326406E0,6.E0));
#16803=LINE('',#16802,#16801);
#16805=CURVE_STYLE('',#62,POSITIVE_LENGTH_MEASURE(2.E-2),#4197);
#16806=PRESENTATION_STYLE_ASSIGNMENT((#16805));
#16807=STYLED_ITEM('',(#16806),#16804);
#16809=DIRECTION('',(-9.797707392153E-1,2.001232084928E-1,0.E0));
#16810=VECTOR('',#16809,4.784286148444E-1);
#16811=CARTESIAN_POINT('',(6.862500357628E0,-2.873404318094E0,6.E0));
#16812=LINE('',#16811,#16810);
#16814=CURVE_STYLE('',#62,POSITIVE_LENGTH_MEASURE(2.E-2),#4197);
#16815=PRESENTATION_STYLE_ASSIGNMENT((#16814));
#16816=STYLED_ITEM('',(#16815),#16813);
#16818=DIRECTION('',(-1.E0,0.E0,0.E0));
#16819=VECTOR('',#16818,5.625E-1);
#16820=CARTESIAN_POINT('',(6.39375E0,-2.777659648657E0,6.E0));
#16821=LINE('',#16820,#16819);
#16823=CURVE_STYLE('',#62,POSITIVE_LENGTH_MEASURE(2.E-2),#4197);
#16824=PRESENTATION_STYLE_ASSIGNMENT((#16823));
#16825=STYLED_ITEM('',(#16824),#16822);
#16827=DIRECTION('',(-9.797707392153E-1,-2.001232084928E-1,0.E0));
#16828=VECTOR('',#16827,4.784286148444E-1);
#16829=CARTESIAN_POINT('',(5.83125E0,-2.777659648657E0,6.E0));
#16830=LINE('',#16829,#16828);
#16832=CURVE_STYLE('',#62,POSITIVE_LENGTH_MEASURE(2.E-2),#4197);
#16833=PRESENTATION_STYLE_ASSIGNMENT((#16832));
#16834=STYLED_ITEM('',(#16833),#16831);
#16836=DIRECTION('',(-8.526530674474E-1,-5.224775081977E-1,0.E0));
#16837=VECTOR('',#16836,5.497538244336E-1);
#16838=CARTESIAN_POINT('',(5.362499642372E0,-2.873404318094E0,6.E0));
#16839=LINE('',#16838,#16837);
#16841=CURVE_STYLE('',#62,POSITIVE_LENGTH_MEASURE(2.E-2),#4197);
#16842=PRESENTATION_STYLE_ASSIGNMENT((#16841));
#16843=STYLED_ITEM('',(#16842),#16840);
#16845=DIRECTION('',(0.E0,1.E0,0.E0));
#16846=VECTOR('',#16845,1.531914979219E0);
#16847=CARTESIAN_POINT('',(4.893750357628E0,-3.160638326406E0,6.E0));
#16848=LINE('',#16847,#16846);
#16850=CURVE_STYLE('',#62,POSITIVE_LENGTH_MEASURE(2.E-2),#4197);
#16851=PRESENTATION_STYLE_ASSIGNMENT((#16850));
#16852=STYLED_ITEM('',(#16851),#16849);
#16854=DIRECTION('',(1.E0,0.E0,0.E0));
#16855=VECTOR('',#16854,2.718749284744E0);
#16856=CARTESIAN_POINT('',(4.893750357628E0,-1.628723347187E0,6.E0));
#16857=LINE('',#16856,#16855);
#16859=CURVE_STYLE('',#62,POSITIVE_LENGTH_MEASURE(2.E-2),#4197);
#16860=PRESENTATION_STYLE_ASSIGNMENT((#16859));
#16861=STYLED_ITEM('',(#16860),#16858);
#16863=DIRECTION('',(0.E0,1.E0,0.E0));
#16864=VECTOR('',#16863,4.787233471870E-1);
#16865=CARTESIAN_POINT('',(7.612499642372E0,-1.628723347187E0,6.E0));
#16866=LINE('',#16865,#16864);
#16868=CURVE_STYLE('',#62,POSITIVE_LENGTH_MEASURE(2.E-2),#4197);
#16869=PRESENTATION_STYLE_ASSIGNMENT((#16868));
#16870=STYLED_ITEM('',(#16869),#16867);
#16872=DIRECTION('',(-1.E0,0.E0,0.E0));
#16873=VECTOR('',#16872,3.187499642372E0);
#16874=CARTESIAN_POINT('',(7.612499642372E0,-1.15E0,6.E0));
#16875=LINE('',#16874,#16873);
#16877=CURVE_STYLE('',#62,POSITIVE_LENGTH_MEASURE(2.E-2),#4197);
#16878=PRESENTATION_STYLE_ASSIGNMENT((#16877));
#16879=STYLED_ITEM('',(#16878),#16876);
#16881=DIRECTION('',(0.E0,-1.E0,0.E0));
#16882=VECTOR('',#16881,2.489361673594E0);
#16883=CARTESIAN_POINT('',(4.425E0,-1.15E0,6.E0));
#16884=LINE('',#16883,#16882);
#16886=CURVE_STYLE('',#62,POSITIVE_LENGTH_MEASURE(2.E-2),#4197);
#16887=PRESENTATION_STYLE_ASSIGNMENT((#16886));
#16888=STYLED_ITEM('',(#16887),#16885);
#16890=DIRECTION('',(1.E0,0.E0,0.E0));
#16891=VECTOR('',#16890,6.562496423721E-1);
#16892=CARTESIAN_POINT('',(4.425E0,-3.639361673594E0,6.E0));
#16893=LINE('',#16892,#16891);
#16895=CURVE_STYLE('',#62,POSITIVE_LENGTH_MEASURE(2.E-2),#4197);
#16896=PRESENTATION_STYLE_ASSIGNMENT((#16895));
#16897=STYLED_ITEM('',(#16896),#16894);
#16900=PRESENTATION_LAYER_ASSIGNMENT('2_CSYS','',(#14671));
#16901=PRESENTATION_LAYER_ASSIGNMENT('1_DATUM_1','',(#14679,#14684,#14689));
#16902=PRESENTATION_LAYER_ASSIGNMENT('1_AXIS_1','',(#14716));
#16903=PRESENTATION_LAYER_ASSIGNMENT('2_CURVE_1','',(#14710,#14792,#14820,
#15307,#15434,#15525,#15634,#15887,#16122,#16285,#16538,#16899));
#16904=PRESENTATION_LAYER_ASSIGNMENT('.BLACK_HOLE','',(#14710,#14792,#14820,
#15307,#15434,#15525,#15634,#15887,#16122,#16285,#16538,#16899));
#16905=INVISIBILITY((#16904));
#16908=PLANE_ANGLE_MEASURE_WITH_UNIT(PLANE_ANGLE_MEASURE(1.745329251994E-2),
#16907);
#16909=(CONVERSION_BASED_UNIT('DEGREE',#16908)NAMED_UNIT(*)PLANE_ANGLE_UNIT());
#16911=UNCERTAINTY_MEASURE_WITH_UNIT(LENGTH_MEASURE(3.646528209468E-3),#16906,
'distance_accuracy_value',
'Maximum model space distance between geometric entities at asserted connectivities');
#16913=CARTESIAN_POINT('',(0.E0,0.E0,0.E0));
#16914=DIRECTION('',(0.E0,0.E0,1.E0));
#16915=DIRECTION('',(1.E0,0.E0,0.E0));
#16918=CARTESIAN_POINT('',(0.E0,0.E0,0.E0));
#16919=DIRECTION('',(0.E0,0.E0,1.E0));
#16920=DIRECTION('',(1.E0,0.E0,0.E0));
#14711=GEOMETRIC_CURVE_SET('',(#14710,#14792,#14820,#15307,#15434,#15525,#15634,
#15887,#16122,#16285,#16538,#16899));
#16924=CARTESIAN_POINT('',(0.E0,0.E0,0.E0));
#16925=DIRECTION('',(0.E0,0.E0,1.E0));
#16926=DIRECTION('',(1.E0,0.E0,0.E0));
#16929=SHAPE_REPRESENTATION_RELATIONSHIP('','',#16928,#16917);
#16930=SHAPE_REPRESENTATION_RELATIONSHIP('','',#16928,#16922);
#16931=CONSTRUCTIVE_GEOMETRY_REPRESENTATION_RELATIONSHIP('','',#16928,#16923);
#16932=PRODUCT_CONTEXT('',#3844,'mechanical');
#16933=PRODUCT('TS_PUCK_KC','TS_PUCK_KC','NOT SPECIFIED',(#16932));
#16934=PRODUCT_DEFINITION_FORMATION('1','LAST_VERSION',#16933);
#16942=DERIVED_UNIT_ELEMENT(#16941,2.E0);
#16943=DERIVED_UNIT((#16942));
#16944=MEASURE_REPRESENTATION_ITEM('surface area measure',AREA_MEASURE(
1.437824694491E3),#16943);
#16949=DERIVED_UNIT_ELEMENT(#16948,3.E0);
#16950=DERIVED_UNIT((#16949));
#16951=MEASURE_REPRESENTATION_ITEM('volume measure',VOLUME_MEASURE(
2.974325086907E3),#16950);
#16955=CARTESIAN_POINT('centre point',(7.180983189919E-4,1.817569791466E-3,
3.012280108202E0));
#16960=DERIVED_UNIT_ELEMENT(#16959,2.E0);
#16961=DERIVED_UNIT((#16960));
#16962=MEASURE_REPRESENTATION_ITEM('surface area measure',AREA_MEASURE(
1.437824694491E3),#16961);
#16967=DERIVED_UNIT_ELEMENT(#16966,3.E0);
#16968=DERIVED_UNIT((#16967));
#16969=MEASURE_REPRESENTATION_ITEM('volume measure',VOLUME_MEASURE(
2.974325086907E3),#16968);
#16973=CARTESIAN_POINT('centre point',(7.180983189919E-4,1.817569791466E-3,
3.012280108202E0));
#16978=DRAUGHTING_MODEL('Default',(#16990,#16991,#17007),#3893);
#16979=PRESENTATION_VIEW('Default',(#16998,#17011),#3893);
#16980=CARTESIAN_POINT('',(0.E0,0.E0,0.E0));
#16981=CARTESIAN_POINT('',(-2.148728263482E1,-1.992505341580E1,
7.582118844403E1));
#16982=DIRECTION('',(0.E0,0.E0,1.E0));
#16983=DIRECTION('',(1.E0,0.E0,0.E0));
#16984=AXIS2_PLACEMENT_3D('',#16981,#16982,#16983);
#16986=VIEW_VOLUME(.PARALLEL.,#16980,7.582118844403E1,7.582118844403E1,.T.,0.E0,
.F.,.T.,#16985);
#16987=CARTESIAN_POINT('',(9.735063613696E0,4.887327941255E1,6.421989397076E1));
#16988=DIRECTION('',(-3.894183423087E-1,-7.214918620107E-1,-5.725406952575E-1));
#16989=DIRECTION('',(-9.210609940029E-1,3.050418666329E-1,2.420663234065E-1));
#16990=AXIS2_PLACEMENT_3D('',#16987,#16988,#16989);
#16991=CAMERA_MODEL_D3_WITH_HLHSR('DEFAULT',#16990,#16986,.F.);
#16993=CARTESIAN_POINT('',(-5.180935056274E2,-4.804256056685E2,
1.828172784312E3));
#16994=DIRECTION('',(0.E0,0.E0,1.E0));
#16995=DIRECTION('',(1.E0,0.E0,0.E0));
#16996=AXIS2_PLACEMENT_3D('',#16993,#16994,#16995);
#16998=(CAMERA_IMAGE()CAMERA_IMAGE_3D_WITH_SCALE()GEOMETRIC_REPRESENTATION_ITEM(
)MAPPED_ITEM(#16992,#16997)REPRESENTATION_ITEM(''));
#16999=CARTESIAN_POINT('',(-2.148728263482E1,-1.992505341580E1,
7.582118844403E1));
#17000=DIRECTION('',(0.E0,0.E0,1.E0));
#17001=DIRECTION('',(1.E0,0.E0,0.E0));
#17002=AXIS2_PLACEMENT_3D('',#16999,#17000,#17001);
#17003=REPRESENTATION_MAP(#17002,#16928);
#17004=CARTESIAN_POINT('',(0.E0,0.E0));
#17005=DIRECTION('',(1.E0,0.E0));
#17006=AXIS2_PLACEMENT_2D('',#17004,#17005);
#17007=MAPPED_ITEM('',#17003,#17006);
#17008=CARTESIAN_POINT('',(-2.148728263482E1,-1.992505341580E1,
7.582118844403E1));
#17009=DIRECTION('',(0.E0,0.E0,1.E0));
#17010=DIRECTION('',(1.E0,0.E0,0.E0));
#17011=AXIS2_PLACEMENT_3D('',#17008,#17009,#17010);
#17012=REPRESENTATION_MAP(#17011,#16979);
#17013=CARTESIAN_POINT('',(0.E0,0.E0));
#17014=DIRECTION('',(1.E0,0.E0));
#17015=AXIS2_PLACEMENT_2D('',#17013,#17014);
#17016=MAPPED_ITEM('',#17012,#17015);
#17018=CARTESIAN_POINT('',(0.E0,0.E0));
#17019=DIRECTION('',(1.E0,0.E0));
#17020=AXIS2_PLACEMENT_2D('',#17018,#17019);
#17021=PLANAR_BOX('',1.E3,8.4375E2,#17020);
#17022=PRESENTATION_SIZE(#17017,#17021);
#17023=PRESENTATION_SET();
#17024=AREA_IN_SET(#17017,#17023);
#17026=GENERAL_PROPERTY('','FILE_TITLE','user defined attribute');
#17027=GENERAL_PROPERTY_ASSOCIATION('user defined attribute','',#17026,#17025);
#17028=DESCRIPTIVE_REPRESENTATION_ITEM('FILE_TITLE','XXXX');
#17032=GENERAL_PROPERTY('','MATERIAL','user defined attribute');
#17033=GENERAL_PROPERTY_ASSOCIATION('user defined attribute','',#17032,#17031);
#17034=DESCRIPTIVE_REPRESENTATION_ITEM('MATERIAL','POLYCARBONATE');
#17038=GENERAL_PROPERTY('','FINISH','user defined attribute');
#17039=GENERAL_PROPERTY_ASSOCIATION('user defined attribute','',#17038,#17037);
#17040=DESCRIPTIVE_REPRESENTATION_ITEM('FINISH','XXXX');
#17044=GENERAL_PROPERTY('','REV','user defined attribute');
#17045=GENERAL_PROPERTY_ASSOCIATION('user defined attribute','',#17044,#17043);
#17046=DESCRIPTIVE_REPRESENTATION_ITEM('REV','AA');
#17050=GENERAL_PROPERTY('','DATE','user defined attribute');
#17051=GENERAL_PROPERTY_ASSOCIATION('user defined attribute','',#17050,#17049);
#17052=DESCRIPTIVE_REPRESENTATION_ITEM('DATE','DD-MMM-YY');
#17056=GENERAL_PROPERTY('','DESIGNER','user defined attribute');
#17057=GENERAL_PROPERTY_ASSOCIATION('user defined attribute','',#17056,#17055);
#17058=DESCRIPTIVE_REPRESENTATION_ITEM('DESIGNER','XXXX');
#17062=GENERAL_PROPERTY('','PROJECT','user defined attribute');
#17063=GENERAL_PROPERTY_ASSOCIATION('user defined attribute','',#17062,#17061);
#17064=DESCRIPTIVE_REPRESENTATION_ITEM('PROJECT','XXXX');
#17068=GENERAL_PROPERTY('','APPROVER_1','user defined attribute');
#17069=GENERAL_PROPERTY_ASSOCIATION('user defined attribute','',#17068,#17067);
#17070=DESCRIPTIVE_REPRESENTATION_ITEM('APPROVER_1','XXXX');
#17074=GENERAL_PROPERTY('','APPROVER_2','user defined attribute');
#17075=GENERAL_PROPERTY_ASSOCIATION('user defined attribute','',#17074,#17073);
#17076=DESCRIPTIVE_REPRESENTATION_ITEM('APPROVER_2','XXXX');
#17080=GENERAL_PROPERTY('','SURFACE_FINISH','user defined attribute');
#17081=GENERAL_PROPERTY_ASSOCIATION('user defined attribute','',#17080,#17079);
#17082=DESCRIPTIVE_REPRESENTATION_ITEM('SURFACE_FINISH','1.6');
#17086=GENERAL_PROPERTY('','TOL_0X','user defined attribute');
#17087=GENERAL_PROPERTY_ASSOCIATION('user defined attribute','',#17086,#17085);
#17088=DESCRIPTIVE_REPRESENTATION_ITEM('TOL_0X','0.2');
#17092=GENERAL_PROPERTY('','TOL_00X','user defined attribute');
#17093=GENERAL_PROPERTY_ASSOCIATION('user defined attribute','',#17092,#17091);
#17094=DESCRIPTIVE_REPRESENTATION_ITEM('TOL_00X','0.10');
#17098=GENERAL_PROPERTY('','TOL_ANG','user defined attribute');
#17099=GENERAL_PROPERTY_ASSOCIATION('user defined attribute','',#17098,#17097);
#17100=DESCRIPTIVE_REPRESENTATION_ITEM('TOL_ANG','0.5');
#17104=GENERAL_PROPERTY('','VENDOR','user defined attribute');
#17105=GENERAL_PROPERTY_ASSOCIATION('user defined attribute','',#17104,#17103);
#17106=DESCRIPTIVE_REPRESENTATION_ITEM('VENDOR','XXXX');
#17110=GENERAL_PROPERTY('','VENDOR_PN','user defined attribute');
#17111=GENERAL_PROPERTY_ASSOCIATION('user defined attribute','',#17110,#17109);
#17112=DESCRIPTIVE_REPRESENTATION_ITEM('VENDOR_PN','XXXX');
#17116=GENERAL_PROPERTY('','KLAT_PN','user defined attribute');
#17117=GENERAL_PROPERTY_ASSOCIATION('user defined attribute','',#17116,#17115);
#17118=DESCRIPTIVE_REPRESENTATION_ITEM('KLAT_PN','');
#17122=GENERAL_PROPERTY('','PDMREV','user defined attribute');
#17123=GENERAL_PROPERTY_ASSOCIATION('user defined attribute','',#17122,#17121);
#17124=DESCRIPTIVE_REPRESENTATION_ITEM('PDMREV','1.0');
#17128=GENERAL_PROPERTY('','PDMDB','user defined attribute');
#17129=GENERAL_PROPERTY_ASSOCIATION('user defined attribute','',#17128,#17127);
#17130=DESCRIPTIVE_REPRESENTATION_ITEM('PDMDB','');
#17134=GENERAL_PROPERTY('','PDMRL','user defined attribute');
#17135=GENERAL_PROPERTY_ASSOCIATION('user defined attribute','',#17134,#17133);
#17136=DESCRIPTIVE_REPRESENTATION_ITEM('PDMRL','Initial');
#17140=GENERAL_PROPERTY('','PROI_REVISION','user defined attribute');
#17141=GENERAL_PROPERTY_ASSOCIATION('user defined attribute','',#17140,#17139);
#17142=DESCRIPTIVE_REPRESENTATION_ITEM('PROI_REVISION','1');
#17146=GENERAL_PROPERTY('','PROI_VERSION','user defined attribute');
#17147=GENERAL_PROPERTY_ASSOCIATION('user defined attribute','',#17146,#17145);
#17148=DESCRIPTIVE_REPRESENTATION_ITEM('PROI_VERSION','0');
#17152=GENERAL_PROPERTY('','PROI_BRANCH','user defined attribute');
#17153=GENERAL_PROPERTY_ASSOCIATION('user defined attribute','',#17152,#17151);
#17154=DESCRIPTIVE_REPRESENTATION_ITEM('PROI_BRANCH','');
#17158=GENERAL_PROPERTY('','PROI_RELEASE','user defined attribute');
#17159=GENERAL_PROPERTY_ASSOCIATION('user defined attribute','',#17158,#17157);
#17160=DESCRIPTIVE_REPRESENTATION_ITEM('PROI_RELEASE','Initial');
#17164=GENERAL_PROPERTY('','PTC_MODIFIED','user defined attribute');
#17165=GENERAL_PROPERTY_ASSOCIATION('user defined attribute','',#17164,#17163);
#17166=DESCRIPTIVE_REPRESENTATION_ITEM('PTC_MODIFIED','NO');
#17169=DESCRIPTIVE_REPRESENTATION_ITEM('attribute description','Yes No');
#17174=GENERAL_PROPERTY('','PTC_WM_REVISION','user defined attribute');
#17175=GENERAL_PROPERTY_ASSOCIATION('user defined attribute','',#17174,#17173);
#17176=DESCRIPTIVE_REPRESENTATION_ITEM('PTC_WM_REVISION','1');
#17180=GENERAL_PROPERTY('','PTC_WM_ITERATION','user defined attribute');
#17181=GENERAL_PROPERTY_ASSOCIATION('user defined attribute','',#17180,#17179);
#17182=DESCRIPTIVE_REPRESENTATION_ITEM('PTC_WM_ITERATION','0');
#17186=GENERAL_PROPERTY('','PTC_WM_VERSION','user defined attribute');
#17187=GENERAL_PROPERTY_ASSOCIATION('user defined attribute','',#17186,#17185);
#17188=DESCRIPTIVE_REPRESENTATION_ITEM('PTC_WM_VERSION','1.0');
#17192=GENERAL_PROPERTY('','PTC_WM_LIFECYCLE_STATE','user defined attribute');
#17193=GENERAL_PROPERTY_ASSOCIATION('user defined attribute','',#17192,#17191);
#17194=DESCRIPTIVE_REPRESENTATION_ITEM('PTC_WM_LIFECYCLE_STATE','Initial');
#17198=GENERAL_PROPERTY('','PTC_WM_LIFECYCLE','user defined attribute');
#17199=GENERAL_PROPERTY_ASSOCIATION('user defined attribute','',#17198,#17197);
#17200=DESCRIPTIVE_REPRESENTATION_ITEM('PTC_WM_LIFECYCLE','KLA Basic');
#17204=GENERAL_PROPERTY('','PTC_WM_LOCATION','user defined attribute');
#17205=GENERAL_PROPERTY_ASSOCIATION('user defined attribute','',#17204,#17203);
#17206=DESCRIPTIVE_REPRESENTATION_ITEM('PTC_WM_LOCATION','/Products/Fast/F30');
#17210=GENERAL_PROPERTY('','PTC_WM_CREATED_BY','user defined attribute');
#17211=GENERAL_PROPERTY_ASSOCIATION('user defined attribute','',#17210,#17209);
#17212=DESCRIPTIVE_REPRESENTATION_ITEM('PTC_WM_CREATED_BY',
'Tyler Seawright (tseawri: KLA-Tencor)');
#17216=GENERAL_PROPERTY('','PTC_WM_CREATED_ON','user defined attribute');
#17217=GENERAL_PROPERTY_ASSOCIATION('user defined attribute','',#17216,#17215);
#17218=DESCRIPTIVE_REPRESENTATION_ITEM('PTC_WM_CREATED_ON',
'12-Aug-25 02:27:37 PM');
#17222=GENERAL_PROPERTY('','PTC_WM_MODIFIED_BY','user defined attribute');
#17223=GENERAL_PROPERTY_ASSOCIATION('user defined attribute','',#17222,#17221);
#17224=DESCRIPTIVE_REPRESENTATION_ITEM('PTC_WM_MODIFIED_BY',
'Tyler Seawright (tseawri: KLA-Tencor)');
#17228=GENERAL_PROPERTY('','PTC_WM_MODIFIED_ON','user defined attribute');
#17229=GENERAL_PROPERTY_ASSOCIATION('user defined attribute','',#17228,#17227);
#17230=DESCRIPTIVE_REPRESENTATION_ITEM('PTC_WM_MODIFIED_ON',
'12-Aug-25 02:27:39 PM');
#17234=GENERAL_PROPERTY('','PTC_WM_TEAM','user defined attribute');
#17235=GENERAL_PROPERTY_ASSOCIATION('user defined attribute','',#17234,#17233);
#17236=DESCRIPTIVE_REPRESENTATION_ITEM('PTC_WM_TEAM','');
#17240=GENERAL_PROPERTY('','PTC_WM_NAME','user defined attribute');
#17241=GENERAL_PROPERTY_ASSOCIATION('user defined attribute','',#17240,#17239);
#17242=DESCRIPTIVE_REPRESENTATION_ITEM('PTC_WM_NAME','ts_puck_kc.prt');
#17246=GENERAL_PROPERTY('','PTC_WM_NUMBER','user defined attribute');
#17247=GENERAL_PROPERTY_ASSOCIATION('user defined attribute','',#17246,#17245);
#17248=DESCRIPTIVE_REPRESENTATION_ITEM('PTC_WM_NUMBER','TS_PUCK_KC.PRT');
#17252=GENERAL_PROPERTY('','PTC_ORGANIZATION_ID','user defined attribute');
#17253=GENERAL_PROPERTY_ASSOCIATION('user defined attribute','',#17252,#17251);
#17254=DESCRIPTIVE_REPRESENTATION_ITEM('PTC_ORGANIZATION_ID','KLA-Tencor');
#17258=GENERAL_PROPERTY('','PTC_MASTER_MATERIAL','user defined attribute');
#17259=GENERAL_PROPERTY_ASSOCIATION('user defined attribute','',#17258,#17257);
#17260=DESCRIPTIVE_REPRESENTATION_ITEM('PTC_MASTER_MATERIAL','POLYCARBONATE');
#17263=APPLIED_PRESENTED_ITEM((#16935));
#17264=PRESENTED_ITEM_REPRESENTATION(#17023,#17263);
#17267=CARTESIAN_POINT('centre point',(7.180983189919E-4,1.817569791466E-3,
3.012280108202E0));
#17271=CARTESIAN_POINT('',(0.E0,0.E0,0.E0));
#17272=DIRECTION('',(0.E0,0.E0,1.E0));
#17273=DIRECTION('',(1.E0,0.E0,0.E0));
#17274=AXIS2_PLACEMENT_3D('',#17271,#17272,#17273);
#17275=ITEM_DEFINED_TRANSFORMATION('','',#16927,#17274);
#17276=(REPRESENTATION_RELATIONSHIP('','',#16928,#4183)REPRESENTATION_RELATIONSHIP_WITH_TRANSFORMATION(#17275)SHAPE_REPRESENTATION_RELATIONSHIP());
#17277=CONTEXT_DEPENDENT_SHAPE_REPRESENTATION(#17276,#17266);
#17278=PRESENTATION_LAYER_ASSIGNMENT('1_DATUM','',(#47,#52,#57));
#17279=PRESENTATION_LAYER_ASSIGNMENT('2_CSYS_1','',(#61));
#17280=INVISIBILITY((#16904,#17278,#17279));
#17283=PLANE_ANGLE_MEASURE_WITH_UNIT(PLANE_ANGLE_MEASURE(1.745329251994E-2),
#17282);
#17284=(CONVERSION_BASED_UNIT('DEGREE',#17283)NAMED_UNIT(*)PLANE_ANGLE_UNIT());
#17286=UNCERTAINTY_MEASURE_WITH_UNIT(LENGTH_MEASURE(6.040315400251E-3),#17281,
'distance_accuracy_value',
'Maximum model space distance between geometric entities at asserted connectivities');
#17289=CARTESIAN_POINT('',(0.E0,0.E0,0.E0));
#17290=DIRECTION('',(0.E0,0.E0,1.E0));
#17291=DIRECTION('',(1.E0,0.E0,0.E0));
#17293=CONSTRUCTIVE_GEOMETRY_REPRESENTATION_RELATIONSHIP('','',#4183,#17288);
#17294=MECHANICAL_DESIGN_GEOMETRIC_PRESENTATION_REPRESENTATION('',(#65,#76,#84,
#91,#99,#107,#114,#122,#130,#137,#144,#152,#159,#167,#174,#181,#188,#195,#202,
#210,#218,#225,#232,#239,#246,#253,#261,#268,#276,#283,#290,#298,#306,#313,#320,
#327,#334,#341,#348,#355,#362,#369,#376,#384,#392,#399,#406,#413,#420,#428,#436,
#443,#450,#457,#465,#472,#480,#488,#496,#503,#510,#517,#524,#532,#540,#547,#555,
#562,#569,#576,#583,#590,#598,#605,#613,#620,#627,#634,#641,#649,#656,#664,#671,
#678,#685,#692,#699,#707,#715,#722,#730,#738,#746,#754,#761,#769,#776,#783,#790,
#797,#804,#811,#818,#825,#833,#841,#848,#855,#862,#869,#877,#885,#892,#899,#907,
#915,#922,#929,#936,#943,#950,#957,#965,#973,#980,#987,#995,#1003,#1010,#1017,
#1024,#1031,#1039,#1047,#1054,#1061,#1069,#1077,#1084,#1091,#1098,#1105,#1112,
#1119,#1127,#1135,#1142,#1149,#1157,#1165,#1172,#1179,#1186,#1193,#1201,#1209,
#1216,#1223,#1230,#1237,#1244,#1252,#1259,#1267,#1275,#1283,#1290,#1297,#1304,
#1312,#1319,#1327,#1335,#1343,#1350,#1357,#1364,#1371,#1378,#1385,#1392,#1399,
#1407,#1415,#1422,#1429,#1437,#1444,#1452,#1459,#1466,#1473,#1480,#68,#2911,
#2934,#2943,#2952,#2961,#2970,#2979,#2988,#2997,#3006,#3018,#3028,#3038,#3047,
#3056,#3065,#3075,#3084,#3093,#3102,#3112,#3121,#3130,#3139,#3154,#3163,#3172,
#3181,#3191,#3200,#3209,#3218,#3228,#3237,#3247,#3256,#3266,#3275,#3285,#3294,
#3360,#3369,#3378,#3387,#3396,#3405,#3414,#3423,#3432,#3452,#3462,#3481,#3490,
#3499,#3508,#3527,#3536,#3545,#3554,#3573,#3582,#3591,#3600,#3633,#3642,#3651,
#3660,#3679,#3688,#3697,#3706,#3725,#3734,#3744,#3753,#3772,#3790,#3800,#4207,
#4215,#4222,#4229,#4237,#4245,#4252,#4259,#4266,#4273,#4280,#4287,#4294,#4301,
#4308,#4315,#4322,#4329,#4336,#4343,#4350,#4357,#4364,#4371,#4378,#4385,#4392,
#4399,#4406,#4413,#4420,#4427,#4434,#4441,#4448,#4455,#4462,#4469,#4476,#4483,
#4490,#4497,#4504,#4511,#4518,#4525,#4532,#4539,#4546,#4553,#4560,#4567,#4574,
#4581,#4588,#4595,#4602,#4609,#4616,#4623,#4630,#4637,#4644,#4651,#4658,#4665,
#4672,#4679,#4686,#4693,#4700,#4707,#4714,#4721,#4728,#4735,#4742,#4749,#4756,
#4763,#4770,#4777,#4784,#4791,#4798,#4805,#4812,#4819,#4826,#4833,#4840,#4847,
#4854,#4861,#4868,#4875,#4882,#4889,#4896,#4903,#4910,#4917,#4924,#4931,#4938,
#4945,#4952,#4959,#4966,#4973,#4980,#4987,#4994,#5001,#5008,#5015,#5022,#5029,
#5036,#5043,#5050,#5057,#5064,#5071,#5078,#5085,#5092,#5099,#5106,#5113,#5120,
#5127,#5134,#5141,#5148,#5155,#5162,#5169,#5176,#5183,#5190,#5197,#5204,#5211,
#5218,#5225,#5232,#5239,#5246,#5253,#5260,#5267,#5274,#5281,#5288,#5295,#5302,
#5309,#5316,#5323,#5330,#5337,#5344,#5351,#5358,#5365,#5372,#5379,#5386,#5393,
#5400,#5407,#5414,#5421,#5428,#5435,#5442,#5449,#5456,#5463,#5470,#5477,#5484,
#5491,#5498,#5505,#5512,#5519,#5526,#5533,#5540,#5547,#5554,#5561,#5568,#5575,
#5582,#5589,#5596,#5603,#5610,#5617,#5624,#5631,#5638,#5645,#5652,#5659,#5666,
#5673,#5680,#5687,#5694,#5701,#5708,#5715,#5722,#5729,#5736,#5743,#5750,#5757,
#5764,#5771,#5778,#5785,#5792,#5799,#5806,#5813,#5820,#5827,#5834,#5841,#5848,
#5855,#5862,#5869,#5876,#5883,#5890,#5897,#5904,#5911,#5918,#5925,#5932,#5939,
#5946,#5954,#5962,#5969,#5976,#5983,#5990,#5997,#6004,#6011,#6018,#6025,#6032,
#6039,#6046,#6053,#6060,#6067,#6074,#6081,#6088,#6095,#6102,#6109,#6116,#6123,
#6130,#6137,#6144,#6151,#6158,#6165,#6172,#6179,#6186,#6193,#6200,#6207,#6214,
#6221,#6228,#6235,#6242,#6249,#6256,#6263,#6270,#6277,#6284,#6291,#6298,#6305,
#6312,#6319,#6326,#6333,#6340,#6347,#6354,#6361,#6368,#6375,#6382,#6389,#6396,
#6403,#6410,#6417,#6424,#6431,#6438,#6445,#6452,#6459,#6466,#6473,#6480,#6487,
#6494,#6501,#6508,#6515,#6522,#6529,#6536,#6543,#6550,#6557,#6564,#6571,#6578,
#6585,#6592,#6599,#6606,#6613,#6620,#6627,#6634,#6641,#6648,#6655,#6662,#6669,
#6676,#6683,#6690,#6697,#6704,#6711,#6718,#6725,#6732,#6739,#6746,#6753,#6760,
#6767,#6774,#6781,#6788,#6795,#6802,#6809,#6816,#6823,#6830,#6837,#6844,#6851,
#6858,#6865,#6872,#6879,#6886,#6893,#6900,#6907,#6914,#6921,#6928,#6935,#6942,
#6949,#6956,#6963,#6970,#6977,#6984,#6991,#6998,#7005,#7012,#7019,#7026,#7033,
#7040,#7047,#7054,#7061,#7068,#7075,#7082,#7089,#7096,#7103,#7110,#7117,#7124,
#7131,#7138,#7145,#7152,#7159,#7166,#7173,#7180,#7187,#7194,#7201,#7208,#7215,
#7222,#7229,#7236,#7243,#7250,#7257,#7264,#7271,#7278,#7285,#7292,#7299,#7306,
#7313,#7320,#7327,#7334,#7341,#7348,#7355,#7362,#7369,#7376,#7383,#7390,#7397,
#7404,#7411,#7418,#7425,#7432,#7439,#7446,#7453,#7460,#7467,#7474,#7481,#7488,
#7495,#7502,#7509,#7516,#7523,#7530,#7537,#7544,#7551,#7558,#7565,#7572,#7579,
#7586,#7593,#7600,#7607,#7614,#7621,#7628,#7635,#7642,#7649,#7656,#7663,#7670,
#7677,#7684,#7691,#7698,#7705,#7712,#7719,#7726,#7733,#7740,#7747,#7754,#7761,
#7768,#7775,#7782,#7789,#7796,#7803,#7810,#7817,#7824,#7831,#7838,#7845,#7852,
#7859,#7866,#7873,#7880,#7887,#7894,#7901,#7908,#7915,#7922,#7929,#7936,#7943,
#7950,#7957,#7964,#7971,#7978,#7985,#7992,#7999,#8006,#8013,#8020,#8027,#8034,
#8041,#8048,#8055,#8062,#8069,#8076,#8083,#8090,#8097,#8104,#8111,#8118,#8125,
#8132,#8139,#8146,#8153,#8160,#8167,#8174,#8181,#8188,#8195,#8202,#8209,#8216,
#8223,#8230,#8237,#8244,#8251,#8258,#8265,#8272,#8279,#8286,#8293,#8300,#8307,
#8314,#8321,#8328,#8335,#8342,#8349,#8356,#8363,#8370,#8377,#8384,#8391,#8398,
#8405,#8412,#8419,#8426,#8433,#8440,#8447,#8454,#8461,#8468,#8475,#8482,#8489,
#8496,#8503,#8510,#8517,#8524,#8531,#8538,#8545,#8552,#8559,#8566,#8573,#8580,
#8587,#8594,#8601,#8608,#8615,#8622,#8629,#8636,#8643,#8650,#8657,#8664,#8671,
#8678,#8685,#8692,#8699,#8706,#8713,#8720,#8727,#8734,#8741,#8748,#8755,#8762,
#8769,#8776,#8783,#8790,#8797,#8804,#8811,#8818,#8825,#8832,#8839,#8846,#8853,
#8860,#8867,#8874,#8881,#8888,#8895,#8902,#8909,#8916,#8923,#8930,#8937,#8944,
#8951,#8958,#8965,#8972,#8979,#8986,#8993,#9000,#9007,#9014,#9021,#9028,#9035,
#9042,#9049,#9056,#9063,#9070,#9077,#9084,#9091,#9098,#9105,#9112,#9119,#9126,
#9133,#9140,#9147,#9154,#9161,#9168,#9175,#9182,#9189,#9196,#9203,#9210,#9217,
#9224,#9231,#9238,#9245,#9252,#9259,#9266,#9273,#9280,#9287,#9294,#9301,#9308,
#9315,#9322,#9329,#9336,#9343,#9351,#9359,#9366,#4199,#14674,#14698,#14708,
#14719,#14727,#14736,#14745,#14754,#14763,#14772,#14781,#14790,#14800,#14809,
#14818,#14828,#14837,#14846,#14855,#14864,#14873,#14882,#14891,#14900,#14909,
#14918,#14927,#14936,#14945,#14954,#14963,#14972,#14981,#14990,#14999,#15008,
#15017,#15026,#15035,#15044,#15053,#15062,#15071,#15080,#15089,#15098,#15107,
#15116,#15125,#15134,#15143,#15152,#15161,#15170,#15179,#15188,#15197,#15206,
#15215,#15224,#15233,#15242,#15251,#15260,#15269,#15278,#15287,#15296,#15305,
#15315,#15324,#15333,#15342,#15351,#15360,#15369,#15378,#15387,#15396,#15405,
#15414,#15423,#15432,#15442,#15451,#15460,#15469,#15478,#15487,#15496,#15505,
#15514,#15523,#15533,#15542,#15551,#15560,#15569,#15578,#15587,#15596,#15605,
#15614,#15623,#15632,#15642,#15651,#15660,#15669,#15678,#15687,#15696,#15705,
#15714,#15723,#15732,#15741,#15750,#15759,#15768,#15777,#15786,#15795,#15804,
#15813,#15822,#15831,#15840,#15849,#15858,#15867,#15876,#15885,#15895,#15904,
#15913,#15922,#15931,#15940,#15949,#15958,#15967,#15976,#15985,#15994,#16003,
#16012,#16021,#16030,#16039,#16048,#16057,#16066,#16075,#16084,#16093,#16102,
#16111,#16120,#16130,#16139,#16148,#16157,#16166,#16175,#16184,#16193,#16202,
#16211,#16220,#16229,#16238,#16247,#16256,#16265,#16274,#16283,#16293,#16302,
#16311,#16320,#16329,#16338,#16347,#16356,#16365,#16374,#16383,#16392,#16401,
#16410,#16419,#16428,#16437,#16446,#16455,#16464,#16473,#16482,#16491,#16500,
#16509,#16518,#16527,#16536,#16546,#16555,#16564,#16573,#16582,#16591,#16600,
#16609,#16618,#16627,#16636,#16645,#16654,#16663,#16672,#16681,#16690,#16699,
#16708,#16717,#16726,#16735,#16744,#16753,#16762,#16771,#16780,#16789,#16798,
#16807,#16816,#16825,#16834,#16843,#16852,#16861,#16870,#16879,#16888,#16897),
#17287);
#17295=PRODUCT_DEFINITION_CONTEXT('part definition',#3844,'design');
#17296=PRODUCT_CONTEXT('',#3844,'mechanical');
#17297=PRODUCT('ASPE2025KC_ASM','ASPE2025KC_ASM','NOT SPECIFIED',(#17296));
#17298=PRODUCT_DEFINITION_FORMATION('1','LAST_VERSION',#17297);
#17301=DERIVED_UNIT_ELEMENT(#17300,2.E0);
#17302=DERIVED_UNIT((#17301));
#17303=MEASURE_REPRESENTATION_ITEM('surface area measure',AREA_MEASURE(
5.572021505342E3),#17302);
#17308=DERIVED_UNIT_ELEMENT(#17307,3.E0);
#17309=DERIVED_UNIT((#17308));
#17310=MEASURE_REPRESENTATION_ITEM('volume measure',VOLUME_MEASURE(
8.167913712292E3),#17309);
#17314=CARTESIAN_POINT('centre point',(2.612148303254E-4,2.775852728907E0,
3.640324245179E0));
#17318=PRODUCT_RELATED_PRODUCT_CATEGORY('part','',(#17297,#3848,#16933));
#17319=DRAUGHTING_MODEL('Default',(#17331,#17332,#17348),#3893);
#17320=PRESENTATION_VIEW('Default',(#17339,#17352),#3893);
#17321=CARTESIAN_POINT('',(0.E0,0.E0,0.E0));
#17322=CARTESIAN_POINT('',(-3.419586895225E1,-2.512604712327E1,
1.298967441282E2));
#17323=DIRECTION('',(0.E0,0.E0,1.E0));
#17324=DIRECTION('',(1.E0,0.E0,0.E0));
#17325=AXIS2_PLACEMENT_3D('',#17322,#17323,#17324);
#17327=VIEW_VOLUME(.PARALLEL.,#17321,1.298967441282E2,1.298967441282E2,.T.,0.E0,
.F.,.T.,#17326);
#17328=CARTESIAN_POINT('',(1.908769372173E1,8.853201413142E1,1.023307493120E2));
#17329=DIRECTION('',(-3.894183423087E-1,-7.214918620107E-1,-5.725406952575E-1));
#17330=DIRECTION('',(-9.210609940029E-1,3.050418666329E-1,2.420663234065E-1));
#17331=AXIS2_PLACEMENT_3D('',#17328,#17329,#17330);
#17332=CAMERA_MODEL_D3_WITH_HLHSR('DEFAULT',#17331,#17327,.F.);
#17334=CARTESIAN_POINT('',(-5.492352274901E2,-4.035607408294E2,
2.086330015800E3));
#17335=DIRECTION('',(0.E0,0.E0,1.E0));
#17336=DIRECTION('',(1.E0,0.E0,0.E0));
#17337=AXIS2_PLACEMENT_3D('',#17334,#17335,#17336);
#17339=(CAMERA_IMAGE()CAMERA_IMAGE_3D_WITH_SCALE()GEOMETRIC_REPRESENTATION_ITEM(
)MAPPED_ITEM(#17333,#17338)REPRESENTATION_ITEM(''));
#17340=CARTESIAN_POINT('',(-3.419586895225E1,-2.512604712327E1,
1.298967441282E2));
#17341=DIRECTION('',(0.E0,0.E0,1.E0));
#17342=DIRECTION('',(1.E0,0.E0,0.E0));
#17343=AXIS2_PLACEMENT_3D('',#17340,#17341,#17342);
#17344=REPRESENTATION_MAP(#17343,#4183);
#17345=CARTESIAN_POINT('',(0.E0,0.E0));
#17346=DIRECTION('',(1.E0,0.E0));
#17347=AXIS2_PLACEMENT_2D('',#17345,#17346);
#17348=MAPPED_ITEM('',#17344,#17347);
#17349=CARTESIAN_POINT('',(-3.419586895225E1,-2.512604712327E1,
1.298967441282E2));
#17350=DIRECTION('',(0.E0,0.E0,1.E0));
#17351=DIRECTION('',(1.E0,0.E0,0.E0));
#17352=AXIS2_PLACEMENT_3D('',#17349,#17350,#17351);
#17353=REPRESENTATION_MAP(#17352,#17320);
#17354=CARTESIAN_POINT('',(0.E0,0.E0));
#17355=DIRECTION('',(1.E0,0.E0));
#17356=AXIS2_PLACEMENT_2D('',#17354,#17355);
#17357=MAPPED_ITEM('',#17353,#17356);
#17359=CARTESIAN_POINT('',(0.E0,0.E0));
#17360=DIRECTION('',(1.E0,0.E0));
#17361=AXIS2_PLACEMENT_2D('',#17359,#17360);
#17362=PLANAR_BOX('',1.E3,8.4375E2,#17361);
#17363=PRESENTATION_SIZE(#17358,#17362);
#17364=PRESENTATION_SET();
#17365=AREA_IN_SET(#17358,#17364);
#17367=GENERAL_PROPERTY('','DESIGNER','user defined attribute');
#17368=GENERAL_PROPERTY_ASSOCIATION('user defined attribute','',#17367,#17366);
#17369=DESCRIPTIVE_REPRESENTATION_ITEM('DESIGNER','XXXX');
#17373=GENERAL_PROPERTY('','PROJECT','user defined attribute');
#17374=GENERAL_PROPERTY_ASSOCIATION('user defined attribute','',#17373,#17372);
#17375=DESCRIPTIVE_REPRESENTATION_ITEM('PROJECT','XXXX');
#17379=GENERAL_PROPERTY('','FILE_TITLE','user defined attribute');
#17380=GENERAL_PROPERTY_ASSOCIATION('user defined attribute','',#17379,#17378);
#17381=DESCRIPTIVE_REPRESENTATION_ITEM('FILE_TITLE','XXXX');
#17385=GENERAL_PROPERTY('','REV','user defined attribute');
#17386=GENERAL_PROPERTY_ASSOCIATION('user defined attribute','',#17385,#17384);
#17387=DESCRIPTIVE_REPRESENTATION_ITEM('REV','AA');
#17391=GENERAL_PROPERTY('','APPROVER_1','user defined attribute');
#17392=GENERAL_PROPERTY_ASSOCIATION('user defined attribute','',#17391,#17390);
#17393=DESCRIPTIVE_REPRESENTATION_ITEM('APPROVER_1','XXXX');
#17397=GENERAL_PROPERTY('','APPROVER_2','user defined attribute');
#17398=GENERAL_PROPERTY_ASSOCIATION('user defined attribute','',#17397,#17396);
#17399=DESCRIPTIVE_REPRESENTATION_ITEM('APPROVER_2','XXXX');
#17403=GENERAL_PROPERTY('','SURFACE_FINISH','user defined attribute');
#17404=GENERAL_PROPERTY_ASSOCIATION('user defined attribute','',#17403,#17402);
#17405=DESCRIPTIVE_REPRESENTATION_ITEM('SURFACE_FINISH','1.6');
#17409=GENERAL_PROPERTY('','TOL_0X','user defined attribute');
#17410=GENERAL_PROPERTY_ASSOCIATION('user defined attribute','',#17409,#17408);
#17411=DESCRIPTIVE_REPRESENTATION_ITEM('TOL_0X','0.2');
#17415=GENERAL_PROPERTY('','TOL_00X','user defined attribute');
#17416=GENERAL_PROPERTY_ASSOCIATION('user defined attribute','',#17415,#17414);
#17417=DESCRIPTIVE_REPRESENTATION_ITEM('TOL_00X','0.10');
#17421=GENERAL_PROPERTY('','TOL_ANG','user defined attribute');
#17422=GENERAL_PROPERTY_ASSOCIATION('user defined attribute','',#17421,#17420);
#17423=DESCRIPTIVE_REPRESENTATION_ITEM('TOL_ANG','0.5');
#17427=GENERAL_PROPERTY('','MATERIAL','user defined attribute');
#17428=GENERAL_PROPERTY_ASSOCIATION('user defined attribute','',#17427,#17426);
#17429=DESCRIPTIVE_REPRESENTATION_ITEM('MATERIAL','----');
#17433=GENERAL_PROPERTY('','FINISH','user defined attribute');
#17434=GENERAL_PROPERTY_ASSOCIATION('user defined attribute','',#17433,#17432);
#17435=DESCRIPTIVE_REPRESENTATION_ITEM('FINISH','----');
#17439=GENERAL_PROPERTY('','VENDOR','user defined attribute');
#17440=GENERAL_PROPERTY_ASSOCIATION('user defined attribute','',#17439,#17438);
#17441=DESCRIPTIVE_REPRESENTATION_ITEM('VENDOR','XXXX');
#17445=GENERAL_PROPERTY('','VENDOR_PN','user defined attribute');
#17446=GENERAL_PROPERTY_ASSOCIATION('user defined attribute','',#17445,#17444);
#17447=DESCRIPTIVE_REPRESENTATION_ITEM('VENDOR_PN','XXXX');
#17451=GENERAL_PROPERTY('','PDMREV','user defined attribute');
#17452=GENERAL_PROPERTY_ASSOCIATION('user defined attribute','',#17451,#17450);
#17453=DESCRIPTIVE_REPRESENTATION_ITEM('PDMREV','1.0');
#17457=GENERAL_PROPERTY('','PDMDB','user defined attribute');
#17458=GENERAL_PROPERTY_ASSOCIATION('user defined attribute','',#17457,#17456);
#17459=DESCRIPTIVE_REPRESENTATION_ITEM('PDMDB','');
#17463=GENERAL_PROPERTY('','PDMRL','user defined attribute');
#17464=GENERAL_PROPERTY_ASSOCIATION('user defined attribute','',#17463,#17462);
#17465=DESCRIPTIVE_REPRESENTATION_ITEM('PDMRL','Initial');
#17469=GENERAL_PROPERTY('','PROI_REVISION','user defined attribute');
#17470=GENERAL_PROPERTY_ASSOCIATION('user defined attribute','',#17469,#17468);
#17471=DESCRIPTIVE_REPRESENTATION_ITEM('PROI_REVISION','1');
#17475=GENERAL_PROPERTY('','PROI_VERSION','user defined attribute');
#17476=GENERAL_PROPERTY_ASSOCIATION('user defined attribute','',#17475,#17474);
#17477=DESCRIPTIVE_REPRESENTATION_ITEM('PROI_VERSION','0');
#17481=GENERAL_PROPERTY('','PROI_BRANCH','user defined attribute');
#17482=GENERAL_PROPERTY_ASSOCIATION('user defined attribute','',#17481,#17480);
#17483=DESCRIPTIVE_REPRESENTATION_ITEM('PROI_BRANCH','');
#17487=GENERAL_PROPERTY('','PROI_RELEASE','user defined attribute');
#17488=GENERAL_PROPERTY_ASSOCIATION('user defined attribute','',#17487,#17486);
#17489=DESCRIPTIVE_REPRESENTATION_ITEM('PROI_RELEASE','Initial');
#17493=GENERAL_PROPERTY('','PTC_MODIFIED','user defined attribute');
#17494=GENERAL_PROPERTY_ASSOCIATION('user defined attribute','',#17493,#17492);
#17495=DESCRIPTIVE_REPRESENTATION_ITEM('PTC_MODIFIED','NO');
#17498=DESCRIPTIVE_REPRESENTATION_ITEM('attribute description','Yes No');
#17503=GENERAL_PROPERTY('','PROI_CREATED_BY','user defined attribute');
#17504=GENERAL_PROPERTY_ASSOCIATION('user defined attribute','',#17503,#17502);
#17505=DESCRIPTIVE_REPRESENTATION_ITEM('PROI_CREATED_BY','');
#17509=GENERAL_PROPERTY('','PROI_CREATED_ON','user defined attribute');
#17510=GENERAL_PROPERTY_ASSOCIATION('user defined attribute','',#17509,#17508);
#17511=DESCRIPTIVE_REPRESENTATION_ITEM('PROI_CREATED_ON',
'9/16/2008 2:54:28 PM');
#17515=GENERAL_PROPERTY('','PROI_LOCATION','user defined attribute');
#17516=GENERAL_PROPERTY_ASSOCIATION('user defined attribute','',#17515,#17514);
#17517=DESCRIPTIVE_REPRESENTATION_ITEM('PROI_LOCATION','');
#17521=GENERAL_PROPERTY('','BENENNUNG','user defined attribute');
#17522=GENERAL_PROPERTY_ASSOCIATION('user defined attribute','',#17521,#17520);
#17523=DESCRIPTIVE_REPRESENTATION_ITEM('BENENNUNG','');
#17527=GENERAL_PROPERTY('','KLAT_PN','user defined attribute');
#17528=GENERAL_PROPERTY_ASSOCIATION('user defined attribute','',#17527,#17526);
#17529=DESCRIPTIVE_REPRESENTATION_ITEM('KLAT_PN','');
#17533=GENERAL_PROPERTY('','PTC_WM_ITERATION','user defined attribute');
#17534=GENERAL_PROPERTY_ASSOCIATION('user defined attribute','',#17533,#17532);
#17535=DESCRIPTIVE_REPRESENTATION_ITEM('PTC_WM_ITERATION','0');
#17539=GENERAL_PROPERTY('','PTC_WM_VERSION','user defined attribute');
#17540=GENERAL_PROPERTY_ASSOCIATION('user defined attribute','',#17539,#17538);
#17541=DESCRIPTIVE_REPRESENTATION_ITEM('PTC_WM_VERSION','1.0');
#17545=GENERAL_PROPERTY('','PTC_WM_CREATED_ON','user defined attribute');
#17546=GENERAL_PROPERTY_ASSOCIATION('user defined attribute','',#17545,#17544);
#17547=DESCRIPTIVE_REPRESENTATION_ITEM('PTC_WM_CREATED_ON',
'12-Aug-25 02:27:37 PM');
#17551=GENERAL_PROPERTY('','PTC_WM_MODIFIED_ON','user defined attribute');
#17552=GENERAL_PROPERTY_ASSOCIATION('user defined attribute','',#17551,#17550);
#17553=DESCRIPTIVE_REPRESENTATION_ITEM('PTC_WM_MODIFIED_ON',
'12-Aug-25 02:27:39 PM');
#17557=GENERAL_PROPERTY('','PTC_WM_NAME','user defined attribute');
#17558=GENERAL_PROPERTY_ASSOCIATION('user defined attribute','',#17557,#17556);
#17559=DESCRIPTIVE_REPRESENTATION_ITEM('PTC_WM_NAME','aspe2025kc.asm');
#17563=GENERAL_PROPERTY('','PTC_WM_NUMBER','user defined attribute');
#17564=GENERAL_PROPERTY_ASSOCIATION('user defined attribute','',#17563,#17562);
#17565=DESCRIPTIVE_REPRESENTATION_ITEM('PTC_WM_NUMBER','ASPE2025KC.ASM');
#17569=GENERAL_PROPERTY('','PTC_WM_LIFECYCLE_STATE','user defined attribute');
#17570=GENERAL_PROPERTY_ASSOCIATION('user defined attribute','',#17569,#17568);
#17571=DESCRIPTIVE_REPRESENTATION_ITEM('PTC_WM_LIFECYCLE_STATE','Initial');
#17575=GENERAL_PROPERTY('','PTC_WM_LIFECYCLE','user defined attribute');
#17576=GENERAL_PROPERTY_ASSOCIATION('user defined attribute','',#17575,#17574);
#17577=DESCRIPTIVE_REPRESENTATION_ITEM('PTC_WM_LIFECYCLE','KLA Basic');
#17581=GENERAL_PROPERTY('','PTC_WM_REVISION','user defined attribute');
#17582=GENERAL_PROPERTY_ASSOCIATION('user defined attribute','',#17581,#17580);
#17583=DESCRIPTIVE_REPRESENTATION_ITEM('PTC_WM_REVISION','1');
#17587=GENERAL_PROPERTY('','PTC_WM_CREATED_BY','user defined attribute');
#17588=GENERAL_PROPERTY_ASSOCIATION('user defined attribute','',#17587,#17586);
#17589=DESCRIPTIVE_REPRESENTATION_ITEM('PTC_WM_CREATED_BY',
'Tyler Seawright (tseawri: KLA-Tencor)');
#17593=GENERAL_PROPERTY('','PTC_WM_MODIFIED_BY','user defined attribute');
#17594=GENERAL_PROPERTY_ASSOCIATION('user defined attribute','',#17593,#17592);
#17595=DESCRIPTIVE_REPRESENTATION_ITEM('PTC_WM_MODIFIED_BY',
'Tyler Seawright (tseawri: KLA-Tencor)');
#17599=GENERAL_PROPERTY('','PTC_ORGANIZATION_ID','user defined attribute');
#17600=GENERAL_PROPERTY_ASSOCIATION('user defined attribute','',#17599,#17598);
#17601=DESCRIPTIVE_REPRESENTATION_ITEM('PTC_ORGANIZATION_ID','KLA-Tencor');
#17605=GENERAL_PROPERTY('','PTC_WM_LOCATION','user defined attribute');
#17606=GENERAL_PROPERTY_ASSOCIATION('user defined attribute','',#17605,#17604);
#17607=DESCRIPTIVE_REPRESENTATION_ITEM('PTC_WM_LOCATION','/Products/Fast/F30');
#17611=GENERAL_PROPERTY('','PTC_UNITS_LENGTH','user defined attribute');
#17612=GENERAL_PROPERTY_ASSOCIATION('user defined attribute','',#17611,#17610);
#17613=DESCRIPTIVE_REPRESENTATION_ITEM('PTC_UNITS_LENGTH','mm');
#17617=GENERAL_PROPERTY('','PTC_UNITS_MASS','user defined attribute');
#17618=GENERAL_PROPERTY_ASSOCIATION('user defined attribute','',#17617,#17616);
#17619=DESCRIPTIVE_REPRESENTATION_ITEM('PTC_UNITS_MASS','kg');
#17623=GENERAL_PROPERTY('','PTC_UNITS_FORCE','user defined attribute');
#17624=GENERAL_PROPERTY_ASSOCIATION('user defined attribute','',#17623,#17622);
#17625=DESCRIPTIVE_REPRESENTATION_ITEM('PTC_UNITS_FORCE','mm kg / sec^2');
#17629=GENERAL_PROPERTY('','PTC_UNITS_TIME','user defined attribute');
#17630=GENERAL_PROPERTY_ASSOCIATION('user defined attribute','',#17629,#17628);
#17631=DESCRIPTIVE_REPRESENTATION_ITEM('PTC_UNITS_TIME','sec');
#17635=GENERAL_PROPERTY('','PTC_UNITS_TEMPERATURE','user defined attribute');
#17636=GENERAL_PROPERTY_ASSOCIATION('user defined attribute','',#17635,#17634);
#17637=DESCRIPTIVE_REPRESENTATION_ITEM('PTC_UNITS_TEMPERATURE','C');
#17641=GENERAL_PROPERTY('','PTC_UNITS_SYSTEM_TYPE','user defined attribute');
#17642=GENERAL_PROPERTY_ASSOCIATION('user defined attribute','',#17641,#17640);
#17643=DESCRIPTIVE_REPRESENTATION_ITEM('PTC_UNITS_SYSTEM_TYPE',
'Mass length time (MLT)');
#17646=APPLIED_PRESENTED_ITEM((#17299));
#17647=PRESENTED_ITEM_REPRESENTATION(#17364,#17646);
#1=DRAUGHTING_PRE_DEFINED_COLOUR('green');
#2=COLOUR_RGB('',1.1E-2,1.2E-2,1.E0);
#3=COLOUR_RGB('',1.1E-1,1.1E-1,1.1E-1);
#4=COLOUR_RGB('',3.2E-1,5.6E-1,8.E-1);
#5=COLOUR_RGB('',3.2E-1,7.2E-1,8.E-1);
#6=COLOUR_RGB('',3.2E-1,8.E-1,3.2E-1);
#7=COLOUR_RGB('',3.2E-1,8.E-1,6.4E-1);
#8=COLOUR_RGB('',3.2E-1,8.E-1,8.E-1);
#9=COLOUR_RGB('',3.92E-1,1.2E-2,1.2E-2);
#10=COLOUR_RGB('',4.E-1,3.2E-1,8.E-1);
#11=COLOUR_RGB('',4.1E-1,0.E0,2.2E-1);
#12=COLOUR_RGB('',4.2E-1,4.5E-1,6.E-1);
#13=COLOUR_RGB('',4.2E-1,6.E-1,4.2E-1);
#14=COLOUR_RGB('',4.2E-1,6.E-1,6.E-1);
#15=COLOUR_RGB('',4.705882352941E-1,3.137254901961E-1,3.333333333333E-1);
#16=COLOUR_RGB('',4.8E-1,8.E-1,3.2E-1);
#17=COLOUR_RGB('',5.1E-1,4.2E-1,6.E-1);
#18=COLOUR_RGB('',5.6E-1,3.2E-1,8.E-1);
#19=COLOUR_RGB('',6.E-1,4.2E-1,4.2E-1);
#20=COLOUR_RGB('',6.E-1,4.25E-1,1.8E-1);
#21=COLOUR_RGB('',6.E-1,7.66667E-1,8.E-1);
#22=COLOUR_RGB('',6.35294E-1,6.86275E-1,7.4902E-1);
#23=COLOUR_RGB('',6.4E-1,8.E-1,3.2E-1);
#24=COLOUR_RGB('',6.66667E-1,8.E-1,6.E-1);
#25=COLOUR_RGB('',7.E-1,6.E-1,8.E-1);
#26=COLOUR_RGB('',7.6E-1,3.2E-1,8.E-1);
#27=COLOUR_RGB('',8.E-1,3.2E-1,3.2E-1);
#28=COLOUR_RGB('',8.E-1,3.2E-1,6.4E-1);
#29=COLOUR_RGB('',8.E-1,5.6E-1,3.2E-1);
#30=COLOUR_RGB('',8.E-1,6.8E-1,3.2E-1);
#31=COLOUR_RGB('',8.E-1,7.E-1,6.E-1);
#32=COLOUR_RGB('',8.E-1,7.6E-1,3.2E-1);
#33=COLOUR_RGB('',8.784E-1,9.49E-1,1.E0);
#34=COLOUR_RGB('',9.E-1,5.25E-1,4.5E-1);
#35=COLOUR_RGB('',9.E-1,5.4E-1,1.8E-1);
#36=COLOUR_RGB('',9.E-1,8.4E-1,1.8E-1);
#37=COLOUR_RGB('',9.6E-1,9.6E-1,9.6E-1);
#38=COLOUR_RGB('',9.8E-1,6.27E-1,0.E0);
#39=DRAUGHTING_PRE_DEFINED_COLOUR('red');
#40=DRAUGHTING_PRE_DEFINED_COLOUR('yellow');
#41=COLOUR_RGB('',1.E0,1.E0,9.49E-1);
#42=DRAUGHTING_PRE_DEFINED_COLOUR('white');
#66=COLOUR_RGB('',0.E0,7.450980392157E-1,9.215686274510E-1);
#67=COLOUR_RGB('',2.156862745098E-1,0.E0,3.725490196078E-1);
#73=CIRCLE('',#72,1.05E1);
#81=CIRCLE('',#80,2.5E0);
#96=CIRCLE('',#95,2.5E0);
#104=CIRCLE('',#103,2.5E0);
#119=CIRCLE('',#118,2.5E0);
#127=CIRCLE('',#126,1.05E1);
#149=CIRCLE('',#148,1.E0);
#164=CIRCLE('',#163,1.E0);
#207=CIRCLE('',#206,1.E0);
#215=CIRCLE('',#214,1.E0);
#258=CIRCLE('',#257,1.E0);
#273=CIRCLE('',#272,1.E0);
#295=CIRCLE('',#294,7.5E0);
#303=CIRCLE('',#302,8.E0);
#381=CIRCLE('',#380,3.E0);
#389=CIRCLE('',#388,3.E0);
#425=CIRCLE('',#424,1.E1);
#433=CIRCLE('',#432,1.E1);
#462=CIRCLE('',#461,1.E1);
#477=CIRCLE('',#476,1.E1);
#485=CIRCLE('',#484,3.E0);
#493=CIRCLE('',#492,3.E0);
#529=CIRCLE('',#528,3.E0);
#537=CIRCLE('',#536,3.E0);
#552=CIRCLE('',#551,1.E0);
#595=CIRCLE('',#594,1.E0);
#610=CIRCLE('',#609,1.E0);
#646=CIRCLE('',#645,1.E0);
#661=CIRCLE('',#660,1.E0);
#704=CIRCLE('',#703,1.E0);
#712=CIRCLE('',#711,2.5E0);
#727=CIRCLE('',#726,2.5E0);
#735=CIRCLE('',#734,1.05E1);
#743=CIRCLE('',#742,1.05E1);
#751=CIRCLE('',#750,2.5E0);
#766=CIRCLE('',#765,2.5E0);
#830=CIRCLE('',#829,1.E0);
#838=CIRCLE('',#837,1.E0);
#874=CIRCLE('',#873,5.E-1);
#882=CIRCLE('',#881,5.E-1);
#904=CIRCLE('',#903,1.E0);
#912=CIRCLE('',#911,1.E0);
#962=CIRCLE('',#961,1.E0);
#970=CIRCLE('',#969,1.E0);
#992=CIRCLE('',#991,5.E-1);
#1000=CIRCLE('',#999,5.E-1);
#1036=CIRCLE('',#1035,5.E-1);
#1044=CIRCLE('',#1043,5.E-1);
#1066=CIRCLE('',#1065,1.E0);
#1074=CIRCLE('',#1073,1.E0);
#1124=CIRCLE('',#1123,1.E0);
#1132=CIRCLE('',#1131,1.E0);
#1154=CIRCLE('',#1153,5.E-1);
#1162=CIRCLE('',#1161,5.E-1);
#1198=CIRCLE('',#1197,1.E0);
#1206=CIRCLE('',#1205,1.E0);
#1249=CIRCLE('',#1248,4.999999999982E0);
#1264=CIRCLE('',#1263,5.999999999916E0);
#1272=CIRCLE('',#1271,5.999999999916E0);
#1280=CIRCLE('',#1279,4.999999999982E0);
#1309=CIRCLE('',#1308,5.000000000021E0);
#1324=CIRCLE('',#1323,6.000000000087E0);
#1332=CIRCLE('',#1331,6.000000000087E0);
#1340=CIRCLE('',#1339,5.000000000021E0);
#1404=CIRCLE('',#1403,3.E0);
#1412=CIRCLE('',#1411,3.E0);
#1434=CIRCLE('',#1433,8.E0);
#1449=CIRCLE('',#1448,7.5E0);
#1726=EDGE_CURVE('',#1695,#1655,#295,.T.);
#1728=EDGE_CURVE('',#1695,#1696,#73,.T.);
#1730=EDGE_CURVE('',#1696,#1683,#81,.T.);
#1732=EDGE_CURVE('',#1683,#1684,#88,.T.);
#1734=EDGE_CURVE('',#1684,#1690,#96,.T.);
#1736=EDGE_CURVE('',#1650,#1690,#352,.T.);
#1738=EDGE_CURVE('',#1644,#1650,#104,.T.);
#1740=EDGE_CURVE('',#1643,#1644,#111,.T.);
#1742=EDGE_CURVE('',#1656,#1643,#119,.T.);
#1744=EDGE_CURVE('',#1655,#1656,#127,.T.);
#1748=EDGE_CURVE('',#1640,#1638,#1324,.T.);
#1750=EDGE_CURVE('',#1640,#1638,#1332,.T.);
#1754=EDGE_CURVE('',#1576,#1512,#1021,.T.);
#1756=EDGE_CURVE('',#1576,#1572,#992,.T.);
#1758=EDGE_CURVE('',#1572,#1584,#134,.T.);
#1760=EDGE_CURVE('',#1584,#1580,#962,.T.);
#1762=EDGE_CURVE('',#1580,#1598,#141,.T.);
#1764=EDGE_CURVE('',#1598,#1600,#149,.T.);
#1766=EDGE_CURVE('',#1603,#1600,#156,.T.);
#1768=EDGE_CURVE('',#1603,#1604,#164,.T.);
#1770=EDGE_CURVE('',#1604,#1592,#171,.T.);
#1772=EDGE_CURVE('',#1592,#1588,#904,.T.);
#1774=EDGE_CURVE('',#1588,#1568,#178,.T.);
#1776=EDGE_CURVE('',#1568,#1564,#874,.T.);
#1778=EDGE_CURVE('',#1564,#1555,#866,.T.);
#1780=EDGE_CURVE('',#1555,#1559,#838,.T.);
#1782=EDGE_CURVE('',#1619,#1559,#185,.T.);
#1784=EDGE_CURVE('',#1619,#1620,#192,.T.);
#1786=EDGE_CURVE('',#1620,#1548,#199,.T.);
#1788=EDGE_CURVE('',#1552,#1548,#207,.T.);
#1790=EDGE_CURVE('',#1488,#1552,#773,.T.);
#1792=EDGE_CURVE('',#1488,#1484,#215,.T.);
#1794=EDGE_CURVE('',#1612,#1484,#222,.T.);
#1796=EDGE_CURVE('',#1611,#1612,#229,.T.);
#1798=EDGE_CURVE('',#1611,#1495,#236,.T.);
#1800=EDGE_CURVE('',#1491,#1495,#1198,.T.);
#1802=EDGE_CURVE('',#1500,#1491,#1176,.T.);
#1804=EDGE_CURVE('',#1504,#1500,#1162,.T.);
#1806=EDGE_CURVE('',#1524,#1504,#243,.T.);
#1808=EDGE_CURVE('',#1528,#1524,#1132,.T.);
#1810=EDGE_CURVE('',#1540,#1528,#250,.T.);
#1812=EDGE_CURVE('',#1539,#1540,#258,.T.);
#1814=EDGE_CURVE('',#1539,#1536,#265,.T.);
#1816=EDGE_CURVE('',#1534,#1536,#273,.T.);
#1818=EDGE_CURVE('',#1516,#1534,#280,.T.);
#1820=EDGE_CURVE('',#1520,#1516,#1074,.T.);
#1822=EDGE_CURVE('',#1508,#1520,#287,.T.);
#1824=EDGE_CURVE('',#1512,#1508,#1044,.T.);
#1828=ADVANCED_FACE('',(#1747,#1753,#1827),#1725,.F.);
#1835=EDGE_CURVE('',#1655,#1659,#310,.T.);
#1837=EDGE_CURVE('',#1659,#1699,#303,.T.);
#1839=EDGE_CURVE('',#1695,#1699,#417,.T.);
#1843=ADVANCED_FACE('',(#1842),#1833,.T.);
#1850=EDGE_CURVE('',#1656,#1660,#317,.T.);
#1852=EDGE_CURVE('',#1659,#1660,#462,.T.);
#1857=ADVANCED_FACE('',(#1856),#1848,.F.);
#1864=EDGE_CURVE('',#1643,#1647,#324,.T.);
#1866=EDGE_CURVE('',#1660,#1647,#485,.T.);
#1871=ADVANCED_FACE('',(#1870),#1862,.T.);
#1878=EDGE_CURVE('',#1644,#1648,#331,.T.);
#1880=EDGE_CURVE('',#1647,#1648,#500,.T.);
#1885=ADVANCED_FACE('',(#1884),#1876,.T.);
#1892=EDGE_CURVE('',#1650,#1652,#345,.T.);
#1894=EDGE_CURVE('',#1648,#1652,#529,.T.);
#1899=ADVANCED_FACE('',(#1898),#1890,.T.);
#1905=EDGE_CURVE('',#1692,#1652,#338,.T.);
#1909=EDGE_CURVE('',#1690,#1692,#359,.T.);
#1913=ADVANCED_FACE('',(#1912),#1904,.F.);
#1920=EDGE_CURVE('',#1719,#1692,#366,.T.);
#1922=EDGE_CURVE('',#1679,#1719,#1354,.T.);
#1924=EDGE_CURVE('',#1679,#1652,#373,.T.);
#1928=ADVANCED_FACE('',(#1927),#1918,.T.);
#1934=EDGE_CURVE('',#1688,#1692,#381,.T.);
#1936=EDGE_CURVE('',#1720,#1688,#1396,.T.);
#1938=EDGE_CURVE('',#1719,#1720,#389,.T.);
#1943=ADVANCED_FACE('',(#1942),#1933,.T.);
#1950=EDGE_CURVE('',#1684,#1688,#396,.T.);
#1956=ADVANCED_FACE('',(#1955),#1948,.T.);
#1963=EDGE_CURVE('',#1683,#1687,#403,.T.);
#1965=EDGE_CURVE('',#1687,#1688,#1375,.T.);
#1970=ADVANCED_FACE('',(#1969),#1961,.F.);
#1977=EDGE_CURVE('',#1696,#1700,#410,.T.);
#1979=EDGE_CURVE('',#1700,#1687,#1404,.T.);
#1984=ADVANCED_FACE('',(#1983),#1975,.T.);
#1992=EDGE_CURVE('',#1699,#1700,#425,.T.);
#1997=ADVANCED_FACE('',(#1996),#1989,.F.);
#2004=EDGE_CURVE('',#1712,#1699,#454,.T.);
#2006=EDGE_CURVE('',#1708,#1712,#433,.T.);
#2008=EDGE_CURVE('',#1708,#1700,#440,.T.);
#2012=ADVANCED_FACE('',(#2011),#2002,.F.);
#2019=EDGE_CURVE('',#1672,#1659,#447,.T.);
#2021=EDGE_CURVE('',#1712,#1672,#1434,.T.);
#2026=ADVANCED_FACE('',(#2025),#2017,.T.);
#2033=EDGE_CURVE('',#1668,#1660,#469,.T.);
#2035=EDGE_CURVE('',#1668,#1672,#477,.T.);
#2040=ADVANCED_FACE('',(#2039),#2031,.F.);
#2047=EDGE_CURVE('',#1667,#1647,#521,.T.);
#2049=EDGE_CURVE('',#1667,#1668,#493,.T.);
#2054=ADVANCED_FACE('',(#2053),#2045,.T.);
#2061=EDGE_CURVE('',#1680,#1648,#507,.T.);
#2063=EDGE_CURVE('',#1680,#1667,#514,.T.);
#2068=ADVANCED_FACE('',(#2067),#2059,.T.);
#2076=EDGE_CURVE('',#1679,#1680,#537,.T.);
#2081=ADVANCED_FACE('',(#2080),#2073,.T.);
#2087=EDGE_CURVE('',#1675,#1676,#766,.T.);
#2089=EDGE_CURVE('',#1676,#1680,#1477,.T.);
#2092=EDGE_CURVE('',#1675,#1679,#544,.T.);
#2096=ADVANCED_FACE('',(#2095),#2086,.T.);
#2102=EDGE_CURVE('',#1715,#1675,#1347,.T.);
#2104=EDGE_CURVE('',#1715,#1716,#712,.T.);
#2106=EDGE_CURVE('',#1716,#1703,#719,.T.);
#2108=EDGE_CURVE('',#1703,#1704,#727,.T.);
#2110=EDGE_CURVE('',#1704,#1710,#735,.T.);
#2112=EDGE_CURVE('',#1670,#1710,#1449,.T.);
#2114=EDGE_CURVE('',#1664,#1670,#743,.T.);
#2116=EDGE_CURVE('',#1663,#1664,#751,.T.);
#2118=EDGE_CURVE('',#1676,#1663,#758,.T.);
#2123=EDGE_CURVE('',#1636,#1634,#1264,.T.);
#2125=EDGE_CURVE('',#1636,#1634,#1272,.T.);
#2129=EDGE_CURVE('',#1551,#1487,#787,.T.);
#2131=EDGE_CURVE('',#1547,#1551,#552,.T.);
#2133=EDGE_CURVE('',#1624,#1547,#559,.T.);
#2135=EDGE_CURVE('',#1623,#1624,#566,.T.);
#2137=EDGE_CURVE('',#1623,#1560,#573,.T.);
#2139=EDGE_CURVE('',#1560,#1556,#830,.T.);
#2141=EDGE_CURVE('',#1556,#1563,#852,.T.);
#2143=EDGE_CURVE('',#1563,#1567,#882,.T.);
#2145=EDGE_CURVE('',#1587,#1567,#580,.T.);
#2147=EDGE_CURVE('',#1587,#1591,#912,.T.);
#2149=EDGE_CURVE('',#1606,#1591,#587,.T.);
#2151=EDGE_CURVE('',#1606,#1608,#595,.T.);
#2153=EDGE_CURVE('',#1608,#1595,#602,.T.);
#2155=EDGE_CURVE('',#1595,#1596,#610,.T.);
#2157=EDGE_CURVE('',#1579,#1596,#617,.T.);
#2159=EDGE_CURVE('',#1579,#1583,#970,.T.);
#2161=EDGE_CURVE('',#1571,#1583,#624,.T.);
#2163=EDGE_CURVE('',#1571,#1575,#1000,.T.);
#2165=EDGE_CURVE('',#1511,#1575,#1007,.T.);
#2167=EDGE_CURVE('',#1507,#1511,#1036,.T.);
#2169=EDGE_CURVE('',#1507,#1519,#631,.T.);
#2171=EDGE_CURVE('',#1515,#1519,#1066,.T.);
#2173=EDGE_CURVE('',#1515,#1532,#638,.T.);
#2175=EDGE_CURVE('',#1531,#1532,#646,.T.);
#2177=EDGE_CURVE('',#1544,#1531,#653,.T.);
#2179=EDGE_CURVE('',#1542,#1544,#661,.T.);
#2181=EDGE_CURVE('',#1542,#1527,#668,.T.);
#2183=EDGE_CURVE('',#1523,#1527,#1124,.T.);
#2185=EDGE_CURVE('',#1523,#1503,#675,.T.);
#2187=EDGE_CURVE('',#1499,#1503,#1154,.T.);
#2189=EDGE_CURVE('',#1492,#1499,#1190,.T.);
#2191=EDGE_CURVE('',#1496,#1492,#1206,.T.);
#2193=EDGE_CURVE('',#1615,#1496,#682,.T.);
#2195=EDGE_CURVE('',#1615,#1616,#689,.T.);
#2197=EDGE_CURVE('',#1616,#1483,#696,.T.);
#2199=EDGE_CURVE('',#1483,#1487,#704,.T.);
#2203=ADVANCED_FACE('',(#2122,#2128,#2202),#2101,.T.);
#2210=EDGE_CURVE('',#1551,#1552,#780,.T.);
#2213=EDGE_CURVE('',#1487,#1488,#794,.T.);
#2217=ADVANCED_FACE('',(#2216),#2208,.F.);
#2223=EDGE_CURVE('',#1547,#1548,#808,.T.);
#2230=ADVANCED_FACE('',(#2229),#2222,.F.);
#2236=EDGE_CURVE('',#1620,#1624,#801,.T.);
#2243=ADVANCED_FACE('',(#2242),#2235,.T.);
#2250=EDGE_CURVE('',#1619,#1623,#815,.T.);
#2256=ADVANCED_FACE('',(#2255),#2248,.T.);
#2264=EDGE_CURVE('',#1559,#1560,#822,.T.);
#2269=ADVANCED_FACE('',(#2268),#2261,.F.);
#2275=EDGE_CURVE('',#1555,#1556,#859,.T.);
#2282=ADVANCED_FACE('',(#2281),#2274,.F.);
#2288=EDGE_CURVE('',#1563,#1564,#845,.T.);
#2295=ADVANCED_FACE('',(#2294),#2287,.F.);
#2303=EDGE_CURVE('',#1567,#1568,#896,.T.);
#2308=ADVANCED_FACE('',(#2307),#2300,.F.);
#2314=EDGE_CURVE('',#1587,#1588,#889,.T.);
#2321=ADVANCED_FACE('',(#2320),#2313,.T.);
#2329=EDGE_CURVE('',#1591,#1592,#926,.T.);
#2334=ADVANCED_FACE('',(#2333),#2326,.F.);
#2340=EDGE_CURVE('',#1606,#1604,#919,.T.);
#2347=ADVANCED_FACE('',(#2346),#2339,.T.);
#2354=EDGE_CURVE('',#1608,#1603,#940,.T.);
#2360=ADVANCED_FACE('',(#2359),#2352,.T.);
#2366=EDGE_CURVE('',#1600,#1595,#933,.T.);
#2373=ADVANCED_FACE('',(#2372),#2365,.F.);
#2382=EDGE_CURVE('',#1598,#1596,#947,.T.);
#2386=ADVANCED_FACE('',(#2385),#2378,.T.);
#2394=EDGE_CURVE('',#1579,#1580,#954,.T.);
#2399=ADVANCED_FACE('',(#2398),#2391,.T.);
#2407=EDGE_CURVE('',#1583,#1584,#977,.T.);
#2412=ADVANCED_FACE('',(#2411),#2404,.F.);
#2420=EDGE_CURVE('',#1571,#1572,#984,.T.);
#2425=ADVANCED_FACE('',(#2424),#2417,.T.);
#2433=EDGE_CURVE('',#1575,#1576,#1014,.T.);
#2438=ADVANCED_FACE('',(#2437),#2430,.F.);
#2447=EDGE_CURVE('',#1511,#1512,#1028,.T.);
#2451=ADVANCED_FACE('',(#2450),#2443,.T.);
#2457=EDGE_CURVE('',#1507,#1508,#1058,.T.);
#2464=ADVANCED_FACE('',(#2463),#2456,.F.);
#2470=EDGE_CURVE('',#1519,#1520,#1051,.T.);
#2477=ADVANCED_FACE('',(#2476),#2469,.F.);
#2483=EDGE_CURVE('',#1515,#1516,#1088,.T.);
#2490=ADVANCED_FACE('',(#2489),#2482,.F.);
#2496=EDGE_CURVE('',#1534,#1532,#1081,.T.);
#2503=ADVANCED_FACE('',(#2502),#2495,.F.);
#2512=EDGE_CURVE('',#1536,#1531,#1095,.T.);
#2516=ADVANCED_FACE('',(#2515),#2508,.T.);
#2524=EDGE_CURVE('',#1544,#1539,#1102,.T.);
#2529=ADVANCED_FACE('',(#2528),#2521,.T.);
#2536=EDGE_CURVE('',#1542,#1540,#1109,.T.);
#2542=ADVANCED_FACE('',(#2541),#2534,.T.);
#2550=EDGE_CURVE('',#1527,#1528,#1116,.T.);
#2555=ADVANCED_FACE('',(#2554),#2547,.F.);
#2561=EDGE_CURVE('',#1523,#1524,#1139,.T.);
#2568=ADVANCED_FACE('',(#2567),#2560,.F.);
#2576=EDGE_CURVE('',#1503,#1504,#1146,.T.);
#2581=ADVANCED_FACE('',(#2580),#2573,.F.);
#2587=EDGE_CURVE('',#1499,#1500,#1169,.T.);
#2594=ADVANCED_FACE('',(#2593),#2586,.F.);
#2602=EDGE_CURVE('',#1491,#1492,#1183,.T.);
#2607=ADVANCED_FACE('',(#2606),#2599,.T.);
#2615=EDGE_CURVE('',#1495,#1496,#1220,.T.);
#2620=ADVANCED_FACE('',(#2619),#2612,.F.);
#2626=EDGE_CURVE('',#1611,#1615,#1213,.T.);
#2633=ADVANCED_FACE('',(#2632),#2625,.T.);
#2640=EDGE_CURVE('',#1612,#1616,#1227,.T.);
#2646=ADVANCED_FACE('',(#2645),#2638,.F.);
#2654=EDGE_CURVE('',#1483,#1484,#1234,.T.);
#2659=ADVANCED_FACE('',(#2658),#2651,.F.);
#2671=ADVANCED_FACE('',(#2670),#2664,.F.);
#2677=EDGE_CURVE('',#1634,#1627,#1241,.T.);
#2679=EDGE_CURVE('',#1627,#1631,#1249,.T.);
#2681=EDGE_CURVE('',#1636,#1631,#1256,.T.);
#2686=ADVANCED_FACE('',(#2685),#2676,.F.);
#2695=EDGE_CURVE('',#1627,#1631,#1280,.T.);
#2699=ADVANCED_FACE('',(#2698),#2691,.F.);
#2705=EDGE_CURVE('',#1627,#1628,#1287,.T.);
#2708=EDGE_CURVE('',#1631,#1632,#1294,.T.);
#2710=EDGE_CURVE('',#1632,#1628,#1340,.T.);
#2714=ADVANCED_FACE('',(#2713),#2704,.F.);
#2721=EDGE_CURVE('',#1632,#1628,#1309,.T.);
#2727=ADVANCED_FACE('',(#2726),#2719,.F.);
#2733=EDGE_CURVE('',#1638,#1632,#1301,.T.);
#2736=EDGE_CURVE('',#1640,#1628,#1316,.T.);
#2741=ADVANCED_FACE('',(#2740),#2732,.F.);
#2753=ADVANCED_FACE('',(#2752),#2746,.F.);
#2762=EDGE_CURVE('',#1715,#1719,#1361,.T.);
#2766=ADVANCED_FACE('',(#2765),#2758,.F.);
#2775=EDGE_CURVE('',#1716,#1720,#1368,.T.);
#2779=ADVANCED_FACE('',(#2778),#2771,.T.);
#2787=EDGE_CURVE('',#1720,#1707,#1389,.T.);
#2789=EDGE_CURVE('',#1703,#1707,#1419,.T.);
#2793=ADVANCED_FACE('',(#2792),#2784,.F.);
#2800=EDGE_CURVE('',#1707,#1687,#1382,.T.);
#2806=ADVANCED_FACE('',(#2805),#2798,.F.);
#2814=EDGE_CURVE('',#1707,#1708,#1412,.T.);
#2819=ADVANCED_FACE('',(#2818),#2811,.T.);
#2828=EDGE_CURVE('',#1704,#1708,#1426,.T.);
#2832=ADVANCED_FACE('',(#2831),#2824,.T.);
#2841=EDGE_CURVE('',#1710,#1712,#1456,.T.);
#2845=ADVANCED_FACE('',(#2844),#2837,.F.);
#2852=EDGE_CURVE('',#1670,#1672,#1441,.T.);
#2858=ADVANCED_FACE('',(#2857),#2850,.T.);
#2867=EDGE_CURVE('',#1664,#1668,#1463,.T.);
#2871=ADVANCED_FACE('',(#2870),#2863,.F.);
#2880=EDGE_CURVE('',#1663,#1667,#1470,.T.);
#2884=ADVANCED_FACE('',(#2883),#2876,.T.);
#2896=ADVANCED_FACE('',(#2895),#2889,.T.);
#2897=CLOSED_SHELL('',(#1828,#1843,#1857,#1871,#1885,#1899,#1913,#1928,#1943,
#1956,#1970,#1984,#1997,#2012,#2026,#2040,#2054,#2068,#2081,#2096,#2203,#2217,
#2230,#2243,#2256,#2269,#2282,#2295,#2308,#2321,#2334,#2347,#2360,#2373,#2386,
#2399,#2412,#2425,#2438,#2451,#2464,#2477,#2490,#2503,#2516,#2529,#2542,#2555,
#2568,#2581,#2594,#2607,#2620,#2633,#2646,#2659,#2671,#2686,#2699,#2714,#2727,
#2741,#2753,#2766,#2779,#2793,#2806,#2819,#2832,#2845,#2858,#2871,#2884,#2896));
#2898=MANIFOLD_SOLID_BREP('',#2897);
#2931=TRIMMED_CURVE('',#2930,(PARAMETER_VALUE(0.E0)),(PARAMETER_VALUE(1.E0)),
.T.,.UNSPECIFIED.);
#2935=COMPOSITE_CURVE_SEGMENT(.CONTINUOUS.,.T.,#2931);
#2940=TRIMMED_CURVE('',#2939,(PARAMETER_VALUE(0.E0)),(PARAMETER_VALUE(1.E0)),
.T.,.UNSPECIFIED.);
#2944=COMPOSITE_CURVE_SEGMENT(.CONTINUOUS.,.T.,#2940);
#2949=TRIMMED_CURVE('',#2948,(PARAMETER_VALUE(0.E0)),(PARAMETER_VALUE(1.E0)),
.T.,.UNSPECIFIED.);
#2953=COMPOSITE_CURVE_SEGMENT(.CONTINUOUS.,.T.,#2949);
#2958=TRIMMED_CURVE('',#2957,(PARAMETER_VALUE(0.E0)),(PARAMETER_VALUE(1.E0)),
.T.,.UNSPECIFIED.);
#2962=COMPOSITE_CURVE_SEGMENT(.CONTINUOUS.,.T.,#2958);
#2967=TRIMMED_CURVE('',#2966,(PARAMETER_VALUE(0.E0)),(PARAMETER_VALUE(1.E0)),
.T.,.UNSPECIFIED.);
#2971=COMPOSITE_CURVE_SEGMENT(.CONTINUOUS.,.T.,#2967);
#2976=TRIMMED_CURVE('',#2975,(PARAMETER_VALUE(0.E0)),(PARAMETER_VALUE(1.E0)),
.T.,.UNSPECIFIED.);
#2980=COMPOSITE_CURVE_SEGMENT(.CONTINUOUS.,.T.,#2976);
#2985=TRIMMED_CURVE('',#2984,(PARAMETER_VALUE(0.E0)),(PARAMETER_VALUE(1.E0)),
.T.,.UNSPECIFIED.);
#2989=COMPOSITE_CURVE_SEGMENT(.CONTINUOUS.,.T.,#2985);
#2994=TRIMMED_CURVE('',#2993,(PARAMETER_VALUE(0.E0)),(PARAMETER_VALUE(1.E0)),
.T.,.UNSPECIFIED.);
#2998=COMPOSITE_CURVE_SEGMENT(.CONTINUOUS.,.T.,#2994);
#3003=TRIMMED_CURVE('',#3002,(PARAMETER_VALUE(0.E0)),(PARAMETER_VALUE(1.E0)),
.T.,.UNSPECIFIED.);
#3007=COMPOSITE_CURVE_SEGMENT(.CONTINUOUS.,.T.,#3003);
#3008=COMPOSITE_CURVE('',(#2935,#2944,#2953,#2962,#2971,#2980,#2989,#2998,
#3007),.F.);
#3014=CIRCLE('',#3013,1.27E1);
#3015=TRIMMED_CURVE('',#3014,(PARAMETER_VALUE(0.E0)),(PARAMETER_VALUE(1.8E2)),
.T.,.UNSPECIFIED.);
#3019=COMPOSITE_CURVE_SEGMENT(.CONTINUOUS.,.T.,#3015);
#3024=CIRCLE('',#3023,1.27E1);
#3025=TRIMMED_CURVE('',#3024,(PARAMETER_VALUE(0.E0)),(PARAMETER_VALUE(1.8E2)),
.T.,.UNSPECIFIED.);
#3029=COMPOSITE_CURVE_SEGMENT(.CONTINUOUS.,.T.,#3025);
#3030=COMPOSITE_CURVE('',(#3019,#3029),.F.);
#3035=TRIMMED_CURVE('',#3034,(PARAMETER_VALUE(0.E0)),(PARAMETER_VALUE(1.E0)),
.T.,.UNSPECIFIED.);
#3039=COMPOSITE_CURVE_SEGMENT(.CONTINUOUS.,.T.,#3035);
#3044=TRIMMED_CURVE('',#3043,(PARAMETER_VALUE(0.E0)),(PARAMETER_VALUE(1.E0)),
.T.,.UNSPECIFIED.);
#3048=COMPOSITE_CURVE_SEGMENT(.CONTINUOUS.,.T.,#3044);
#3053=TRIMMED_CURVE('',#3052,(PARAMETER_VALUE(0.E0)),(PARAMETER_VALUE(1.E0)),
.T.,.UNSPECIFIED.);
#3057=COMPOSITE_CURVE_SEGMENT(.CONTINUOUS.,.T.,#3053);
#3062=TRIMMED_CURVE('',#3061,(PARAMETER_VALUE(0.E0)),(PARAMETER_VALUE(1.E0)),
.T.,.UNSPECIFIED.);
#3066=COMPOSITE_CURVE_SEGMENT(.CONTINUOUS.,.T.,#3062);
#3067=COMPOSITE_CURVE('',(#3039,#3048,#3057,#3066),.F.);
#3072=TRIMMED_CURVE('',#3071,(PARAMETER_VALUE(0.E0)),(PARAMETER_VALUE(1.E0)),
.T.,.UNSPECIFIED.);
#3076=COMPOSITE_CURVE_SEGMENT(.CONTINUOUS.,.T.,#3072);
#3081=TRIMMED_CURVE('',#3080,(PARAMETER_VALUE(0.E0)),(PARAMETER_VALUE(1.E0)),
.T.,.UNSPECIFIED.);
#3085=COMPOSITE_CURVE_SEGMENT(.CONTINUOUS.,.T.,#3081);
#3090=TRIMMED_CURVE('',#3089,(PARAMETER_VALUE(0.E0)),(PARAMETER_VALUE(1.E0)),
.T.,.UNSPECIFIED.);
#3094=COMPOSITE_CURVE_SEGMENT(.CONTINUOUS.,.T.,#3090);
#3099=TRIMMED_CURVE('',#3098,(PARAMETER_VALUE(0.E0)),(PARAMETER_VALUE(1.E0)),
.T.,.UNSPECIFIED.);
#3103=COMPOSITE_CURVE_SEGMENT(.CONTINUOUS.,.T.,#3099);
#3104=COMPOSITE_CURVE('',(#3076,#3085,#3094,#3103),.F.);
#3109=TRIMMED_CURVE('',#3108,(PARAMETER_VALUE(0.E0)),(PARAMETER_VALUE(1.E0)),
.T.,.UNSPECIFIED.);
#3113=COMPOSITE_CURVE_SEGMENT(.CONTINUOUS.,.T.,#3109);
#3118=TRIMMED_CURVE('',#3117,(PARAMETER_VALUE(0.E0)),(PARAMETER_VALUE(1.E0)),
.T.,.UNSPECIFIED.);
#3122=COMPOSITE_CURVE_SEGMENT(.CONTINUOUS.,.T.,#3118);
#3127=TRIMMED_CURVE('',#3126,(PARAMETER_VALUE(0.E0)),(PARAMETER_VALUE(1.E0)),
.T.,.UNSPECIFIED.);
#3131=COMPOSITE_CURVE_SEGMENT(.CONTINUOUS.,.T.,#3127);
#3136=TRIMMED_CURVE('',#3135,(PARAMETER_VALUE(0.E0)),(PARAMETER_VALUE(1.E0)),
.T.,.UNSPECIFIED.);
#3140=COMPOSITE_CURVE_SEGMENT(.CONTINUOUS.,.T.,#3136);
#3141=COMPOSITE_CURVE('',(#3113,#3122,#3131,#3140),.F.);
#3151=TRIMMED_CURVE('',#3150,(PARAMETER_VALUE(0.E0)),(PARAMETER_VALUE(1.E0)),
.T.,.UNSPECIFIED.);
#3155=COMPOSITE_CURVE_SEGMENT(.CONTINUOUS.,.T.,#3151);
#3160=TRIMMED_CURVE('',#3159,(PARAMETER_VALUE(0.E0)),(PARAMETER_VALUE(1.E0)),
.T.,.UNSPECIFIED.);
#3164=COMPOSITE_CURVE_SEGMENT(.CONTINUOUS.,.T.,#3160);
#3169=TRIMMED_CURVE('',#3168,(PARAMETER_VALUE(0.E0)),(PARAMETER_VALUE(1.E0)),
.T.,.UNSPECIFIED.);
#3173=COMPOSITE_CURVE_SEGMENT(.CONTINUOUS.,.T.,#3169);
#3178=TRIMMED_CURVE('',#3177,(PARAMETER_VALUE(0.E0)),(PARAMETER_VALUE(1.E0)),
.T.,.UNSPECIFIED.);
#3182=COMPOSITE_CURVE_SEGMENT(.CONTINUOUS.,.T.,#3178);
#3183=COMPOSITE_CURVE('',(#3155,#3164,#3173,#3182),.F.);
#3188=TRIMMED_CURVE('',#3187,(PARAMETER_VALUE(0.E0)),(PARAMETER_VALUE(1.E0)),
.T.,.UNSPECIFIED.);
#3192=COMPOSITE_CURVE_SEGMENT(.CONTINUOUS.,.T.,#3188);
#3197=TRIMMED_CURVE('',#3196,(PARAMETER_VALUE(0.E0)),(PARAMETER_VALUE(1.E0)),
.T.,.UNSPECIFIED.);
#3201=COMPOSITE_CURVE_SEGMENT(.CONTINUOUS.,.T.,#3197);
#3206=TRIMMED_CURVE('',#3205,(PARAMETER_VALUE(0.E0)),(PARAMETER_VALUE(1.E0)),
.T.,.UNSPECIFIED.);
#3210=COMPOSITE_CURVE_SEGMENT(.CONTINUOUS.,.T.,#3206);
#3215=TRIMMED_CURVE('',#3214,(PARAMETER_VALUE(0.E0)),(PARAMETER_VALUE(1.E0)),
.T.,.UNSPECIFIED.);
#3219=COMPOSITE_CURVE_SEGMENT(.CONTINUOUS.,.T.,#3215);
#3220=COMPOSITE_CURVE('',(#3192,#3201,#3210,#3219),.F.);
#3225=TRIMMED_CURVE('',#3224,(PARAMETER_VALUE(0.E0)),(PARAMETER_VALUE(1.E0)),
.T.,.UNSPECIFIED.);
#3229=COMPOSITE_CURVE_SEGMENT(.CONTINUOUS.,.T.,#3225);
#3234=TRIMMED_CURVE('',#3233,(PARAMETER_VALUE(0.E0)),(PARAMETER_VALUE(1.E0)),
.T.,.UNSPECIFIED.);
#3238=COMPOSITE_CURVE_SEGMENT(.CONTINUOUS.,.T.,#3234);
#3243=CIRCLE('',#3242,8.E0);
#3244=TRIMMED_CURVE('',#3243,(PARAMETER_VALUE(0.E0)),(PARAMETER_VALUE(9.E1)),
.T.,.UNSPECIFIED.);
#3248=COMPOSITE_CURVE_SEGMENT(.CONTINUOUS.,.T.,#3244);
#3253=TRIMMED_CURVE('',#3252,(PARAMETER_VALUE(0.E0)),(PARAMETER_VALUE(1.E0)),
.T.,.UNSPECIFIED.);
#3257=COMPOSITE_CURVE_SEGMENT(.CONTINUOUS.,.T.,#3253);
#3258=COMPOSITE_CURVE('',(#3229,#3238,#3248,#3257),.F.);
#3263=TRIMMED_CURVE('A_1',#3262,(PARAMETER_VALUE(0.E0)),(PARAMETER_VALUE(1.E0)),
.T.,.UNSPECIFIED.);
#3271=CIRCLE('',#3270,5.E0);
#3272=TRIMMED_CURVE('',#3271,(PARAMETER_VALUE(0.E0)),(PARAMETER_VALUE(1.8E2)),
.T.,.UNSPECIFIED.);
#3276=COMPOSITE_CURVE_SEGMENT(.CONTINUOUS.,.T.,#3272);
#3281=CIRCLE('',#3280,5.E0);
#3282=TRIMMED_CURVE('',#3281,(PARAMETER_VALUE(0.E0)),(PARAMETER_VALUE(1.8E2)),
.T.,.UNSPECIFIED.);
#3286=COMPOSITE_CURVE_SEGMENT(.CONTINUOUS.,.T.,#3282);
#3287=COMPOSITE_CURVE('',(#3276,#3286),.F.);
#3295=SHAPE_ASPECT('','',#3851,.F.);
#3296=PROPERTY_DEFINITION('MERGE_BASE_PART','user defined attribute',#3295);
#3300=(LENGTH_UNIT()NAMED_UNIT(*)SI_UNIT(.MILLI.,.METRE.));
#3301=(NAMED_UNIT(*)PLANE_ANGLE_UNIT()SI_UNIT($,.RADIAN.));
#3304=(NAMED_UNIT(*)SI_UNIT($,.STERADIAN.)SOLID_ANGLE_UNIT());
#3306=(GEOMETRIC_REPRESENTATION_CONTEXT(3)GLOBAL_UNCERTAINTY_ASSIGNED_CONTEXT((
#3305))GLOBAL_UNIT_ASSIGNED_CONTEXT((#3300,#3303,#3304))REPRESENTATION_CONTEXT(
'ID1','3'));
#3307=REPRESENTATION('',(#3299),#3306);
#3308=PROPERTY_DEFINITION_REPRESENTATION(#3296,#3307);
#3309=SHAPE_REPRESENTATION('',(#3291),#3306);
#3310=SHAPE_DEFINITION_REPRESENTATION(#3295,#3309);
#3316=SHAPE_ASPECT('','',#3851,.F.);
#3317=PROPERTY_DEFINITION('MERGE_BASE_PART','user defined attribute',#3316);
#3321=REPRESENTATION('',(#3320),#3306);
#3322=PROPERTY_DEFINITION_REPRESENTATION(#3317,#3321);
#3323=SHAPE_REPRESENTATION('',(#3315),#3306);
#3324=SHAPE_DEFINITION_REPRESENTATION(#3316,#3323);
#3330=SHAPE_ASPECT('','',#3851,.F.);
#3331=PROPERTY_DEFINITION('MERGE_BASE_PART','user defined attribute',#3330);
#3335=REPRESENTATION('',(#3334),#3306);
#3336=PROPERTY_DEFINITION_REPRESENTATION(#3331,#3335);
#3337=SHAPE_REPRESENTATION('',(#3329),#3306);
#3338=SHAPE_DEFINITION_REPRESENTATION(#3330,#3337);
#3344=SHAPE_ASPECT('','',#3851,.F.);
#3345=PROPERTY_DEFINITION('MERGE_BASE_PART','user defined attribute',#3344);
#3349=REPRESENTATION('',(#3348),#3306);
#3350=PROPERTY_DEFINITION_REPRESENTATION(#3345,#3349);
#3351=SHAPE_REPRESENTATION('',(#3343),#3306);
#3352=SHAPE_DEFINITION_REPRESENTATION(#3344,#3351);
#3357=TRIMMED_CURVE('',#3356,(PARAMETER_VALUE(0.E0)),(PARAMETER_VALUE(1.E0)),
.T.,.UNSPECIFIED.);
#3361=COMPOSITE_CURVE_SEGMENT(.CONTINUOUS.,.T.,#3357);
#3366=TRIMMED_CURVE('',#3365,(PARAMETER_VALUE(0.E0)),(PARAMETER_VALUE(1.E0)),
.T.,.UNSPECIFIED.);
#3370=COMPOSITE_CURVE_SEGMENT(.CONTINUOUS.,.T.,#3366);
#3375=TRIMMED_CURVE('',#3374,(PARAMETER_VALUE(0.E0)),(PARAMETER_VALUE(1.E0)),
.T.,.UNSPECIFIED.);
#3379=COMPOSITE_CURVE_SEGMENT(.CONTINUOUS.,.T.,#3375);
#3384=TRIMMED_CURVE('',#3383,(PARAMETER_VALUE(0.E0)),(PARAMETER_VALUE(1.E0)),
.T.,.UNSPECIFIED.);
#3388=COMPOSITE_CURVE_SEGMENT(.CONTINUOUS.,.T.,#3384);
#3393=TRIMMED_CURVE('',#3392,(PARAMETER_VALUE(0.E0)),(PARAMETER_VALUE(1.E0)),
.T.,.UNSPECIFIED.);
#3397=COMPOSITE_CURVE_SEGMENT(.CONTINUOUS.,.T.,#3393);
#3402=TRIMMED_CURVE('',#3401,(PARAMETER_VALUE(0.E0)),(PARAMETER_VALUE(1.E0)),
.T.,.UNSPECIFIED.);
#3406=COMPOSITE_CURVE_SEGMENT(.CONTINUOUS.,.T.,#3402);
#3411=TRIMMED_CURVE('',#3410,(PARAMETER_VALUE(0.E0)),(PARAMETER_VALUE(1.E0)),
.T.,.UNSPECIFIED.);
#3415=COMPOSITE_CURVE_SEGMENT(.CONTINUOUS.,.T.,#3411);
#3420=TRIMMED_CURVE('',#3419,(PARAMETER_VALUE(0.E0)),(PARAMETER_VALUE(1.E0)),
.T.,.UNSPECIFIED.);
#3424=COMPOSITE_CURVE_SEGMENT(.CONTINUOUS.,.T.,#3420);
#3429=TRIMMED_CURVE('',#3428,(PARAMETER_VALUE(0.E0)),(PARAMETER_VALUE(1.E0)),
.T.,.UNSPECIFIED.);
#3433=COMPOSITE_CURVE_SEGMENT(.CONTINUOUS.,.T.,#3429);
#3434=COMPOSITE_CURVE('621',(#3361,#3370,#3379,#3388,#3397,#3406,#3415,#3424,
#3433),.F.);
#3435=SHAPE_ASPECT('','',#3851,.F.);
#3436=PROPERTY_DEFINITION('MERGE_BASE_PART','user defined attribute',#3435);
#3440=REPRESENTATION('',(#3439),#3306);
#3441=PROPERTY_DEFINITION_REPRESENTATION(#3436,#3440);
#3442=SHAPE_REPRESENTATION('',(#3434),#3306);
#3443=SHAPE_DEFINITION_REPRESENTATION(#3435,#3442);
#3448=CIRCLE('',#3447,1.27E1);
#3449=TRIMMED_CURVE('',#3448,(PARAMETER_VALUE(0.E0)),(PARAMETER_VALUE(1.8E2)),
.T.,.UNSPECIFIED.);
#3453=COMPOSITE_CURVE_SEGMENT(.CONTINUOUS.,.T.,#3449);
#3458=CIRCLE('',#3457,1.27E1);
#3459=TRIMMED_CURVE('',#3458,(PARAMETER_VALUE(0.E0)),(PARAMETER_VALUE(1.8E2)),
.T.,.UNSPECIFIED.);
#3463=COMPOSITE_CURVE_SEGMENT(.CONTINUOUS.,.T.,#3459);
#3464=COMPOSITE_CURVE('662',(#3453,#3463),.F.);
#3465=SHAPE_ASPECT('','',#3851,.F.);
#3466=PROPERTY_DEFINITION('MERGE_BASE_PART','user defined attribute',#3465);
#3470=REPRESENTATION('',(#3469),#3306);
#3471=PROPERTY_DEFINITION_REPRESENTATION(#3466,#3470);
#3472=SHAPE_REPRESENTATION('',(#3464),#3306);
#3473=SHAPE_DEFINITION_REPRESENTATION(#3465,#3472);
#3478=TRIMMED_CURVE('',#3477,(PARAMETER_VALUE(0.E0)),(PARAMETER_VALUE(1.E0)),
.T.,.UNSPECIFIED.);
#3482=COMPOSITE_CURVE_SEGMENT(.CONTINUOUS.,.T.,#3478);
#3487=TRIMMED_CURVE('',#3486,(PARAMETER_VALUE(0.E0)),(PARAMETER_VALUE(1.E0)),
.T.,.UNSPECIFIED.);
#3491=COMPOSITE_CURVE_SEGMENT(.CONTINUOUS.,.T.,#3487);
#3496=TRIMMED_CURVE('',#3495,(PARAMETER_VALUE(0.E0)),(PARAMETER_VALUE(1.E0)),
.T.,.UNSPECIFIED.);
#3500=COMPOSITE_CURVE_SEGMENT(.CONTINUOUS.,.T.,#3496);
#3505=TRIMMED_CURVE('',#3504,(PARAMETER_VALUE(0.E0)),(PARAMETER_VALUE(1.E0)),
.T.,.UNSPECIFIED.);
#3509=COMPOSITE_CURVE_SEGMENT(.CONTINUOUS.,.T.,#3505);
#3510=COMPOSITE_CURVE('665',(#3482,#3491,#3500,#3509),.F.);
#3511=SHAPE_ASPECT('','',#3851,.F.);
#3512=PROPERTY_DEFINITION('MERGE_BASE_PART','user defined attribute',#3511);
#3516=REPRESENTATION('',(#3515),#3306);
#3517=PROPERTY_DEFINITION_REPRESENTATION(#3512,#3516);
#3518=SHAPE_REPRESENTATION('',(#3510),#3306);
#3519=SHAPE_DEFINITION_REPRESENTATION(#3511,#3518);
#3524=TRIMMED_CURVE('',#3523,(PARAMETER_VALUE(0.E0)),(PARAMETER_VALUE(1.E0)),
.T.,.UNSPECIFIED.);
#3528=COMPOSITE_CURVE_SEGMENT(.CONTINUOUS.,.T.,#3524);
#3533=TRIMMED_CURVE('',#3532,(PARAMETER_VALUE(0.E0)),(PARAMETER_VALUE(1.E0)),
.T.,.UNSPECIFIED.);
#3537=COMPOSITE_CURVE_SEGMENT(.CONTINUOUS.,.T.,#3533);
#3542=TRIMMED_CURVE('',#3541,(PARAMETER_VALUE(0.E0)),(PARAMETER_VALUE(1.E0)),
.T.,.UNSPECIFIED.);
#3546=COMPOSITE_CURVE_SEGMENT(.CONTINUOUS.,.T.,#3542);
#3551=TRIMMED_CURVE('',#3550,(PARAMETER_VALUE(0.E0)),(PARAMETER_VALUE(1.E0)),
.T.,.UNSPECIFIED.);
#3555=COMPOSITE_CURVE_SEGMENT(.CONTINUOUS.,.T.,#3551);
#3556=COMPOSITE_CURVE('670',(#3528,#3537,#3546,#3555),.F.);
#3557=SHAPE_ASPECT('','',#3851,.F.);
#3558=PROPERTY_DEFINITION('MERGE_BASE_PART','user defined attribute',#3557);
#3562=REPRESENTATION('',(#3561),#3306);
#3563=PROPERTY_DEFINITION_REPRESENTATION(#3558,#3562);
#3564=SHAPE_REPRESENTATION('',(#3556),#3306);
#3565=SHAPE_DEFINITION_REPRESENTATION(#3557,#3564);
#3570=TRIMMED_CURVE('',#3569,(PARAMETER_VALUE(0.E0)),(PARAMETER_VALUE(1.E0)),
.T.,.UNSPECIFIED.);
#3574=COMPOSITE_CURVE_SEGMENT(.CONTINUOUS.,.T.,#3570);
#3579=TRIMMED_CURVE('',#3578,(PARAMETER_VALUE(0.E0)),(PARAMETER_VALUE(1.E0)),
.T.,.UNSPECIFIED.);
#3583=COMPOSITE_CURVE_SEGMENT(.CONTINUOUS.,.T.,#3579);
#3588=TRIMMED_CURVE('',#3587,(PARAMETER_VALUE(0.E0)),(PARAMETER_VALUE(1.E0)),
.T.,.UNSPECIFIED.);
#3592=COMPOSITE_CURVE_SEGMENT(.CONTINUOUS.,.T.,#3588);
#3597=TRIMMED_CURVE('',#3596,(PARAMETER_VALUE(0.E0)),(PARAMETER_VALUE(1.E0)),
.T.,.UNSPECIFIED.);
#3601=COMPOSITE_CURVE_SEGMENT(.CONTINUOUS.,.T.,#3597);
#3602=COMPOSITE_CURVE('683',(#3574,#3583,#3592,#3601),.F.);
#3603=SHAPE_ASPECT('','',#3851,.F.);
#3604=PROPERTY_DEFINITION('MERGE_BASE_PART','user defined attribute',#3603);
#3608=REPRESENTATION('',(#3607),#3306);
#3609=PROPERTY_DEFINITION_REPRESENTATION(#3604,#3608);
#3610=SHAPE_REPRESENTATION('',(#3602),#3306);
#3611=SHAPE_DEFINITION_REPRESENTATION(#3603,#3610);
#3617=SHAPE_ASPECT('','',#3851,.F.);
#3618=PROPERTY_DEFINITION('MERGE_BASE_PART','user defined attribute',#3617);
#3622=REPRESENTATION('',(#3621),#3306);
#3623=PROPERTY_DEFINITION_REPRESENTATION(#3618,#3622);
#3624=SHAPE_REPRESENTATION('',(#3616),#3306);
#3625=SHAPE_DEFINITION_REPRESENTATION(#3617,#3624);
#3630=TRIMMED_CURVE('',#3629,(PARAMETER_VALUE(0.E0)),(PARAMETER_VALUE(1.E0)),
.T.,.UNSPECIFIED.);
#3634=COMPOSITE_CURVE_SEGMENT(.CONTINUOUS.,.T.,#3630);
#3639=TRIMMED_CURVE('',#3638,(PARAMETER_VALUE(0.E0)),(PARAMETER_VALUE(1.E0)),
.T.,.UNSPECIFIED.);
#3643=COMPOSITE_CURVE_SEGMENT(.CONTINUOUS.,.T.,#3639);
#3648=TRIMMED_CURVE('',#3647,(PARAMETER_VALUE(0.E0)),(PARAMETER_VALUE(1.E0)),
.T.,.UNSPECIFIED.);
#3652=COMPOSITE_CURVE_SEGMENT(.CONTINUOUS.,.T.,#3648);
#3657=TRIMMED_CURVE('',#3656,(PARAMETER_VALUE(0.E0)),(PARAMETER_VALUE(1.E0)),
.T.,.UNSPECIFIED.);
#3661=COMPOSITE_CURVE_SEGMENT(.CONTINUOUS.,.T.,#3657);
#3662=COMPOSITE_CURVE('987',(#3634,#3643,#3652,#3661),.F.);
#3663=SHAPE_ASPECT('','',#3851,.F.);
#3664=PROPERTY_DEFINITION('MERGE_BASE_PART','user defined attribute',#3663);
#3668=REPRESENTATION('',(#3667),#3306);
#3669=PROPERTY_DEFINITION_REPRESENTATION(#3664,#3668);
#3670=SHAPE_REPRESENTATION('',(#3662),#3306);
#3671=SHAPE_DEFINITION_REPRESENTATION(#3663,#3670);
#3676=TRIMMED_CURVE('',#3675,(PARAMETER_VALUE(0.E0)),(PARAMETER_VALUE(1.E0)),
.T.,.UNSPECIFIED.);
#3680=COMPOSITE_CURVE_SEGMENT(.CONTINUOUS.,.T.,#3676);
#3685=TRIMMED_CURVE('',#3684,(PARAMETER_VALUE(0.E0)),(PARAMETER_VALUE(1.E0)),
.T.,.UNSPECIFIED.);
#3689=COMPOSITE_CURVE_SEGMENT(.CONTINUOUS.,.T.,#3685);
#3694=TRIMMED_CURVE('',#3693,(PARAMETER_VALUE(0.E0)),(PARAMETER_VALUE(1.E0)),
.T.,.UNSPECIFIED.);
#3698=COMPOSITE_CURVE_SEGMENT(.CONTINUOUS.,.T.,#3694);
#3703=TRIMMED_CURVE('',#3702,(PARAMETER_VALUE(0.E0)),(PARAMETER_VALUE(1.E0)),
.T.,.UNSPECIFIED.);
#3707=COMPOSITE_CURVE_SEGMENT(.CONTINUOUS.,.T.,#3703);
#3708=COMPOSITE_CURVE('1039',(#3680,#3689,#3698,#3707),.F.);
#3709=SHAPE_ASPECT('','',#3851,.F.);
#3710=PROPERTY_DEFINITION('MERGE_BASE_PART','user defined attribute',#3709);
#3714=REPRESENTATION('',(#3713),#3306);
#3715=PROPERTY_DEFINITION_REPRESENTATION(#3710,#3714);
#3716=SHAPE_REPRESENTATION('',(#3708),#3306);
#3717=SHAPE_DEFINITION_REPRESENTATION(#3709,#3716);
#3722=TRIMMED_CURVE('',#3721,(PARAMETER_VALUE(0.E0)),(PARAMETER_VALUE(1.E0)),
.T.,.UNSPECIFIED.);
#3726=COMPOSITE_CURVE_SEGMENT(.CONTINUOUS.,.T.,#3722);
#3731=TRIMMED_CURVE('',#3730,(PARAMETER_VALUE(0.E0)),(PARAMETER_VALUE(1.E0)),
.T.,.UNSPECIFIED.);
#3735=COMPOSITE_CURVE_SEGMENT(.CONTINUOUS.,.T.,#3731);
#3740=CIRCLE('',#3739,8.E0);
#3741=TRIMMED_CURVE('',#3740,(PARAMETER_VALUE(0.E0)),(PARAMETER_VALUE(9.E1)),
.T.,.UNSPECIFIED.);
#3745=COMPOSITE_CURVE_SEGMENT(.CONTINUOUS.,.T.,#3741);
#3750=TRIMMED_CURVE('',#3749,(PARAMETER_VALUE(0.E0)),(PARAMETER_VALUE(1.E0)),
.T.,.UNSPECIFIED.);
#3754=COMPOSITE_CURVE_SEGMENT(.CONTINUOUS.,.T.,#3750);
#3755=COMPOSITE_CURVE('1594',(#3726,#3735,#3745,#3754),.F.);
#3756=SHAPE_ASPECT('','',#3851,.F.);
#3757=PROPERTY_DEFINITION('MERGE_BASE_PART','user defined attribute',#3756);
#3761=REPRESENTATION('',(#3760),#3306);
#3762=PROPERTY_DEFINITION_REPRESENTATION(#3757,#3761);
#3763=SHAPE_REPRESENTATION('',(#3755),#3306);
#3764=SHAPE_DEFINITION_REPRESENTATION(#3756,#3763);
#3769=TRIMMED_CURVE('A_1_1',#3768,(PARAMETER_VALUE(0.E0)),(PARAMETER_VALUE
(1.E0)),.T.,.UNSPECIFIED.);
#3773=SHAPE_ASPECT('','',#3851,.F.);
#3774=PROPERTY_DEFINITION('MERGE_BASE_PART','user defined attribute',#3773);
#3778=REPRESENTATION('',(#3777),#3306);
#3779=PROPERTY_DEFINITION_REPRESENTATION(#3774,#3778);
#3780=SHAPE_REPRESENTATION('',(#3769),#3306);
#3781=SHAPE_DEFINITION_REPRESENTATION(#3773,#3780);
#3786=CIRCLE('',#3785,5.E0);
#3787=TRIMMED_CURVE('',#3786,(PARAMETER_VALUE(0.E0)),(PARAMETER_VALUE(1.8E2)),
.T.,.UNSPECIFIED.);
#3791=COMPOSITE_CURVE_SEGMENT(.CONTINUOUS.,.T.,#3787);
#3796=CIRCLE('',#3795,5.E0);
#3797=TRIMMED_CURVE('',#3796,(PARAMETER_VALUE(0.E0)),(PARAMETER_VALUE(1.8E2)),
.T.,.UNSPECIFIED.);
#3801=COMPOSITE_CURVE_SEGMENT(.CONTINUOUS.,.T.,#3797);
#3802=COMPOSITE_CURVE('1608',(#3791,#3801),.F.);
#3803=SHAPE_ASPECT('','',#3851,.F.);
#3804=PROPERTY_DEFINITION('MERGE_BASE_PART','user defined attribute',#3803);
#3808=REPRESENTATION('',(#3807),#3306);
#3809=PROPERTY_DEFINITION_REPRESENTATION(#3804,#3808);
#3810=SHAPE_REPRESENTATION('',(#3802),#3306);
#3811=SHAPE_DEFINITION_REPRESENTATION(#3803,#3810);
#3818=(LENGTH_UNIT()NAMED_UNIT(*)SI_UNIT(.MILLI.,.METRE.));
#3819=(NAMED_UNIT(*)PLANE_ANGLE_UNIT()SI_UNIT($,.RADIAN.));
#3822=(NAMED_UNIT(*)SI_UNIT($,.STERADIAN.)SOLID_ANGLE_UNIT());
#3824=(GEOMETRIC_REPRESENTATION_CONTEXT(3)GLOBAL_UNCERTAINTY_ASSIGNED_CONTEXT((
#3823))GLOBAL_UNIT_ASSIGNED_CONTEXT((#3818,#3821,#3822))REPRESENTATION_CONTEXT(
'ID2','3'));
#3828=AXIS2_PLACEMENT_3D('',#3825,#3826,#3827);
#3829=ADVANCED_BREP_SHAPE_REPRESENTATION('',(#3828,#2898),#3824);
#3833=AXIS2_PLACEMENT_3D('',#3830,#3831,#3832);
#3834=GEOMETRICALLY_BOUNDED_WIREFRAME_SHAPE_REPRESENTATION('',(#3833,#3009),
#3824);
#3835=CONSTRUCTIVE_GEOMETRY_REPRESENTATION('supplemental geometry',(#2908,#2916,
#2921,#2926,#3146,#3263,#3291,#3315,#3329,#3343,#3616,#3769),#3824);
#3839=AXIS2_PLACEMENT_3D('',#3836,#3837,#3838);
#3840=SHAPE_REPRESENTATION('',(#3839),#3824);
#3850=PRODUCT_DEFINITION('part definition','',#3849,#3846);
#3851=PRODUCT_DEFINITION_SHAPE('','SHAPE FOR TS_HVEE1_3DP.',#3850);
#3852=SHAPE_ASPECT('','solid data associated with TS_HVEE1_3DP',#3851,.F.);
#3853=PROPERTY_DEFINITION('',
'shape for solid data with which properties are associated',#3852);
#3854=SHAPE_REPRESENTATION('',(#2898),#3824);
#3855=SHAPE_DEFINITION_REPRESENTATION(#3853,#3854);
#3856=(LENGTH_UNIT()NAMED_UNIT(*)SI_UNIT(.MILLI.,.METRE.));
#3860=PROPERTY_DEFINITION('geometric validation property',
'area of TS_HVEE1_3DP',#3852);
#3861=REPRESENTATION('surface area',(#3859),#3824);
#3862=PROPERTY_DEFINITION_REPRESENTATION(#3860,#3861);
#3863=(LENGTH_UNIT()NAMED_UNIT(*)SI_UNIT(.MILLI.,.METRE.));
#3867=PROPERTY_DEFINITION('geometric validation property',
'volume of TS_HVEE1_3DP',#3852);
#3868=REPRESENTATION('volume',(#3866),#3824);
#3869=PROPERTY_DEFINITION_REPRESENTATION(#3867,#3868);
#3871=PROPERTY_DEFINITION('geometric validation property',
'centroid of TS_HVEE1_3DP',#3852);
#3872=REPRESENTATION('centroid',(#3870),#3824);
#3873=PROPERTY_DEFINITION_REPRESENTATION(#3871,#3872);
#3874=(LENGTH_UNIT()NAMED_UNIT(*)SI_UNIT(.MILLI.,.METRE.));
#3878=PROPERTY_DEFINITION('geometric validation property',
'area of TS_HVEE1_3DP',#3851);
#3879=REPRESENTATION('surface area',(#3877),#3824);
#3880=PROPERTY_DEFINITION_REPRESENTATION(#3878,#3879);
#3881=(LENGTH_UNIT()NAMED_UNIT(*)SI_UNIT(.MILLI.,.METRE.));
#3885=PROPERTY_DEFINITION('geometric validation property',
'volume of TS_HVEE1_3DP',#3851);
#3886=REPRESENTATION('volume',(#3884),#3824);
#3887=PROPERTY_DEFINITION_REPRESENTATION(#3885,#3886);
#3889=PROPERTY_DEFINITION('geometric validation property',
'centroid of TS_HVEE1_3DP',#3851);
#3890=REPRESENTATION('centroid',(#3888),#3824);
#3891=PROPERTY_DEFINITION_REPRESENTATION(#3889,#3890);
#3892=SHAPE_DEFINITION_REPRESENTATION(#3851,#3840);
#3901=PLANAR_BOX('',6.226088065858E1,5.253261805568E1,#3900);
#3908=CAMERA_USAGE(#3907,#3894);
#3913=PLANAR_BOX('',1.E3,8.4375E2,#3912);
#3933=PRESENTATION_AREA('',(#3932,#3937),#3893);
#3941=PROPERTY_DEFINITION('FILE_TITLE','user defined attribute',#3850);
#3945=REPRESENTATION('',(#3944),#3824);
#3946=PROPERTY_DEFINITION_REPRESENTATION(#3941,#3945);
#3947=PROPERTY_DEFINITION('MATERIAL','user defined attribute',#3850);
#3951=REPRESENTATION('',(#3950),#3824);
#3952=PROPERTY_DEFINITION_REPRESENTATION(#3947,#3951);
#3953=PROPERTY_DEFINITION('FINISH','user defined attribute',#3850);
#3957=REPRESENTATION('',(#3956),#3824);
#3958=PROPERTY_DEFINITION_REPRESENTATION(#3953,#3957);
#3959=PROPERTY_DEFINITION('REV','user defined attribute',#3850);
#3963=REPRESENTATION('',(#3962),#3824);
#3964=PROPERTY_DEFINITION_REPRESENTATION(#3959,#3963);
#3965=PROPERTY_DEFINITION('DATE','user defined attribute',#3850);
#3969=REPRESENTATION('',(#3968),#3824);
#3970=PROPERTY_DEFINITION_REPRESENTATION(#3965,#3969);
#3971=PROPERTY_DEFINITION('DESIGNER','user defined attribute',#3850);
#3975=REPRESENTATION('',(#3974),#3824);
#3976=PROPERTY_DEFINITION_REPRESENTATION(#3971,#3975);
#3977=PROPERTY_DEFINITION('PROJECT','user defined attribute',#3850);
#3981=REPRESENTATION('',(#3980),#3824);
#3982=PROPERTY_DEFINITION_REPRESENTATION(#3977,#3981);
#3983=PROPERTY_DEFINITION('APPROVER_1','user defined attribute',#3850);
#3987=REPRESENTATION('',(#3986),#3824);
#3988=PROPERTY_DEFINITION_REPRESENTATION(#3983,#3987);
#3989=PROPERTY_DEFINITION('APPROVER_2','user defined attribute',#3850);
#3993=REPRESENTATION('',(#3992),#3824);
#3994=PROPERTY_DEFINITION_REPRESENTATION(#3989,#3993);
#3995=PROPERTY_DEFINITION('SURFACE_FINISH','user defined attribute',#3850);
#3999=REPRESENTATION('',(#3998),#3824);
#4000=PROPERTY_DEFINITION_REPRESENTATION(#3995,#3999);
#4001=PROPERTY_DEFINITION('TOL_0X','user defined attribute',#3850);
#4005=REPRESENTATION('',(#4004),#3824);
#4006=PROPERTY_DEFINITION_REPRESENTATION(#4001,#4005);
#4007=PROPERTY_DEFINITION('TOL_00X','user defined attribute',#3850);
#4011=REPRESENTATION('',(#4010),#3824);
#4012=PROPERTY_DEFINITION_REPRESENTATION(#4007,#4011);
#4013=PROPERTY_DEFINITION('TOL_ANG','user defined attribute',#3850);
#4017=REPRESENTATION('',(#4016),#3824);
#4018=PROPERTY_DEFINITION_REPRESENTATION(#4013,#4017);
#4019=PROPERTY_DEFINITION('VENDOR','user defined attribute',#3850);
#4023=REPRESENTATION('',(#4022),#3824);
#4024=PROPERTY_DEFINITION_REPRESENTATION(#4019,#4023);
#4025=PROPERTY_DEFINITION('VENDOR_PN','user defined attribute',#3850);
#4029=REPRESENTATION('',(#4028),#3824);
#4030=PROPERTY_DEFINITION_REPRESENTATION(#4025,#4029);
#4031=PROPERTY_DEFINITION('KLAT_PN','user defined attribute',#3850);
#4035=REPRESENTATION('',(#4034),#3824);
#4036=PROPERTY_DEFINITION_REPRESENTATION(#4031,#4035);
#4037=PROPERTY_DEFINITION('PDMREV','user defined attribute',#3850);
#4041=REPRESENTATION('',(#4040),#3824);
#4042=PROPERTY_DEFINITION_REPRESENTATION(#4037,#4041);
#4043=PROPERTY_DEFINITION('PDMDB','user defined attribute',#3850);
#4047=REPRESENTATION('',(#4046),#3824);
#4048=PROPERTY_DEFINITION_REPRESENTATION(#4043,#4047);
#4049=PROPERTY_DEFINITION('PDMRL','user defined attribute',#3850);
#4053=REPRESENTATION('',(#4052),#3824);
#4054=PROPERTY_DEFINITION_REPRESENTATION(#4049,#4053);
#4055=PROPERTY_DEFINITION('PROI_REVISION','user defined attribute',#3850);
#4059=REPRESENTATION('',(#4058),#3824);
#4060=PROPERTY_DEFINITION_REPRESENTATION(#4055,#4059);
#4061=PROPERTY_DEFINITION('PROI_VERSION','user defined attribute',#3850);
#4065=REPRESENTATION('',(#4064),#3824);
#4066=PROPERTY_DEFINITION_REPRESENTATION(#4061,#4065);
#4067=PROPERTY_DEFINITION('PROI_BRANCH','user defined attribute',#3850);
#4071=REPRESENTATION('',(#4070),#3824);
#4072=PROPERTY_DEFINITION_REPRESENTATION(#4067,#4071);
#4073=PROPERTY_DEFINITION('PROI_RELEASE','user defined attribute',#3850);
#4077=REPRESENTATION('',(#4076),#3824);
#4078=PROPERTY_DEFINITION_REPRESENTATION(#4073,#4077);
#4079=PROPERTY_DEFINITION('PTC_MODIFIED','user defined attribute',#3850);
#4083=REPRESENTATION('',(#4082),#3824);
#4084=PROPERTY_DEFINITION_REPRESENTATION(#4079,#4083);
#4086=REPRESENTATION('',(#4085),#3824);
#4087=PROPERTY_DEFINITION('attribute type designation','Yes No',#4080);
#4088=PROPERTY_DEFINITION_REPRESENTATION(#4087,#4086);
#4089=PROPERTY_DEFINITION('PTC_WM_REVISION','user defined attribute',#3850);
#4093=REPRESENTATION('',(#4092),#3824);
#4094=PROPERTY_DEFINITION_REPRESENTATION(#4089,#4093);
#4095=PROPERTY_DEFINITION('PTC_WM_ITERATION','user defined attribute',#3850);
#4099=REPRESENTATION('',(#4098),#3824);
#4100=PROPERTY_DEFINITION_REPRESENTATION(#4095,#4099);
#4101=PROPERTY_DEFINITION('PTC_WM_VERSION','user defined attribute',#3850);
#4105=REPRESENTATION('',(#4104),#3824);
#4106=PROPERTY_DEFINITION_REPRESENTATION(#4101,#4105);
#4107=PROPERTY_DEFINITION('PTC_WM_LIFECYCLE_STATE','user defined attribute',
#3850);
#4111=REPRESENTATION('',(#4110),#3824);
#4112=PROPERTY_DEFINITION_REPRESENTATION(#4107,#4111);
#4113=PROPERTY_DEFINITION('PTC_WM_LIFECYCLE','user defined attribute',#3850);
#4117=REPRESENTATION('',(#4116),#3824);
#4118=PROPERTY_DEFINITION_REPRESENTATION(#4113,#4117);
#4119=PROPERTY_DEFINITION('PTC_WM_LOCATION','user defined attribute',#3850);
#4123=REPRESENTATION('',(#4122),#3824);
#4124=PROPERTY_DEFINITION_REPRESENTATION(#4119,#4123);
#4125=PROPERTY_DEFINITION('PTC_WM_CREATED_BY','user defined attribute',#3850);
#4129=REPRESENTATION('',(#4128),#3824);
#4130=PROPERTY_DEFINITION_REPRESENTATION(#4125,#4129);
#4131=PROPERTY_DEFINITION('PTC_WM_CREATED_ON','user defined attribute',#3850);
#4135=REPRESENTATION('',(#4134),#3824);
#4136=PROPERTY_DEFINITION_REPRESENTATION(#4131,#4135);
#4137=PROPERTY_DEFINITION('PTC_WM_MODIFIED_BY','user defined attribute',#3850);
#4141=REPRESENTATION('',(#4140),#3824);
#4142=PROPERTY_DEFINITION_REPRESENTATION(#4137,#4141);
#4143=PROPERTY_DEFINITION('PTC_WM_MODIFIED_ON','user defined attribute',#3850);
#4147=REPRESENTATION('',(#4146),#3824);
#4148=PROPERTY_DEFINITION_REPRESENTATION(#4143,#4147);
#4149=PROPERTY_DEFINITION('PTC_WM_TEAM','user defined attribute',#3850);
#4153=REPRESENTATION('',(#4152),#3824);
#4154=PROPERTY_DEFINITION_REPRESENTATION(#4149,#4153);
#4155=PROPERTY_DEFINITION('PTC_WM_NAME','user defined attribute',#3850);
#4159=REPRESENTATION('',(#4158),#3824);
#4160=PROPERTY_DEFINITION_REPRESENTATION(#4155,#4159);
#4161=PROPERTY_DEFINITION('PTC_WM_NUMBER','user defined attribute',#3850);
#4165=REPRESENTATION('',(#4164),#3824);
#4166=PROPERTY_DEFINITION_REPRESENTATION(#4161,#4165);
#4167=PROPERTY_DEFINITION('PTC_ORGANIZATION_ID','user defined attribute',#3850);
#4171=REPRESENTATION('',(#4170),#3824);
#4172=PROPERTY_DEFINITION_REPRESENTATION(#4167,#4171);
#4173=PROPERTY_DEFINITION('PTC_MASTER_MATERIAL','user defined attribute',#3850);
#4177=REPRESENTATION('',(#4176),#3824);
#4178=PROPERTY_DEFINITION_REPRESENTATION(#4173,#4177);
#4181=SHAPE_DEFINITION_REPRESENTATION(#4182,#4183);
#4182=PRODUCT_DEFINITION_SHAPE('','SHAPE FOR ASPE2025KC_ASM.',#17299);
#4183=SHAPE_REPRESENTATION('',(#4193,#17274,#17292),#17287);
#4184=NEXT_ASSEMBLY_USAGE_OCCURRENCE('0','Next assembly relationship',
'TS_HVEE1_3DP',#17299,#3850,$);
#4185=PRODUCT_DEFINITION_SHAPE('Placement #0',
'Placement of TS_HVEE1_3DP with respect to ASPE2025KC_ASM',#4184);
#4187=PROPERTY_DEFINITION('geometric validation property',
'centroid of TS_HVEE1_3DP',#4185);
#4188=REPRESENTATION('centroid',(#4186),#3824);
#4189=PROPERTY_DEFINITION_REPRESENTATION(#4187,#4188);
#4197=COLOUR_RGB('',0.E0,7.450980392157E-1,9.215686274510E-1);
#4198=COLOUR_RGB('',2.156862745098E-1,0.E0,3.725490196078E-1);
#4204=CIRCLE('',#4203,1.17E1);
#4212=CIRCLE('',#4211,1.17E1);
#4234=CIRCLE('',#4233,1.27E1);
#4242=CIRCLE('',#4241,1.27E1);
#5951=CIRCLE('',#5950,1.17E1);
#5959=CIRCLE('',#5958,1.17E1);
#9348=CIRCLE('',#9347,1.27E1);
#9356=CIRCLE('',#9355,1.27E1);
#10352=EDGE_CURVE('',#10341,#10342,#4204,.T.);
#10354=EDGE_CURVE('',#10342,#10341,#4212,.T.);
#10358=ADVANCED_FACE('',(#10357),#10351,.F.);
#10365=EDGE_CURVE('',#10342,#10346,#4226,.T.);
#10367=EDGE_CURVE('',#10345,#10346,#9356,.T.);
#10369=EDGE_CURVE('',#10341,#10345,#4219,.T.);
#10373=ADVANCED_FACE('',(#10372),#10363,.T.);
#10381=EDGE_CURVE('',#10346,#10345,#4242,.T.);
#10386=ADVANCED_FACE('',(#10385),#10378,.T.);
#10392=EDGE_CURVE('',#10338,#10337,#4234,.T.);
#10394=EDGE_CURVE('',#10346,#10337,#9363,.T.);
#10397=EDGE_CURVE('',#10345,#10338,#4249,.T.);
#10401=ADVANCED_FACE('',(#10400),#10391,.T.);
#10407=EDGE_CURVE('',#10334,#10333,#5959,.T.);
#10409=EDGE_CURVE('',#10333,#10337,#9340,.T.);
#10412=EDGE_CURVE('',#10334,#10338,#4256,.T.);
#10416=ADVANCED_FACE('',(#10415),#10406,.T.);
#10422=EDGE_CURVE('',#9867,#9868,#4319,.T.);
#10424=EDGE_CURVE('',#9868,#9870,#4326,.T.);
#10426=EDGE_CURVE('',#9870,#9867,#4333,.T.);
#10430=ADVANCED_FACE('',(#10429),#10421,.T.);
#10436=EDGE_CURVE('',#10009,#10010,#4816,.T.);
#10438=EDGE_CURVE('',#10010,#10012,#4823,.T.);
#10440=EDGE_CURVE('',#10012,#10014,#4830,.T.);
#10442=EDGE_CURVE('',#10014,#10016,#4837,.T.);
#10444=EDGE_CURVE('',#10016,#10018,#4844,.T.);
#10446=EDGE_CURVE('',#10018,#10020,#4851,.T.);
#10448=EDGE_CURVE('',#10020,#10022,#4858,.T.);
#10450=EDGE_CURVE('',#10022,#10024,#4865,.T.);
#10452=EDGE_CURVE('',#10024,#10026,#4872,.T.);
#10454=EDGE_CURVE('',#10026,#10009,#4879,.T.);
#10458=ADVANCED_FACE('',(#10457),#10435,.T.);
#10464=EDGE_CURVE('',#10161,#10162,#5348,.T.);
#10466=EDGE_CURVE('',#10162,#10164,#5355,.T.);
#10468=EDGE_CURVE('',#10164,#10166,#5362,.T.);
#10470=EDGE_CURVE('',#10166,#10168,#5369,.T.);
#10472=EDGE_CURVE('',#10168,#10170,#5376,.T.);
#10474=EDGE_CURVE('',#10170,#10172,#5383,.T.);
#10476=EDGE_CURVE('',#10172,#10174,#5390,.T.);
#10478=EDGE_CURVE('',#10174,#10176,#5397,.T.);
#10480=EDGE_CURVE('',#10176,#10178,#5404,.T.);
#10482=EDGE_CURVE('',#10178,#10180,#5411,.T.);
#10484=EDGE_CURVE('',#10180,#10182,#5418,.T.);
#10486=EDGE_CURVE('',#10182,#10184,#5425,.T.);
#10488=EDGE_CURVE('',#10184,#10186,#5432,.T.);
#10490=EDGE_CURVE('',#10186,#10188,#5439,.T.);
#10492=EDGE_CURVE('',#10188,#10190,#5446,.T.);
#10494=EDGE_CURVE('',#10190,#10192,#5453,.T.);
#10496=EDGE_CURVE('',#10192,#10194,#5460,.T.);
#10498=EDGE_CURVE('',#10194,#10161,#5467,.T.);
#10502=ADVANCED_FACE('',(#10501),#10463,.T.);
#10508=EDGE_CURVE('',#10333,#10334,#5951,.T.);
#10513=EDGE_CURVE('',#9851,#9852,#4263,.T.);
#10515=EDGE_CURVE('',#9852,#9854,#4270,.T.);
#10517=EDGE_CURVE('',#9854,#9856,#4277,.T.);
#10519=EDGE_CURVE('',#9856,#9858,#4284,.T.);
#10521=EDGE_CURVE('',#9858,#9860,#4291,.T.);
#10523=EDGE_CURVE('',#9860,#9862,#4298,.T.);
#10525=EDGE_CURVE('',#9862,#9864,#4305,.T.);
#10527=EDGE_CURVE('',#9864,#9851,#4312,.T.);
#10531=EDGE_CURVE('',#9873,#9874,#4340,.T.);
#10533=EDGE_CURVE('',#9874,#9876,#4347,.T.);
#10535=EDGE_CURVE('',#9876,#9878,#4354,.T.);
#10537=EDGE_CURVE('',#9878,#9880,#4361,.T.);
#10539=EDGE_CURVE('',#9880,#9882,#4368,.T.);
#10541=EDGE_CURVE('',#9882,#9884,#4375,.T.);
#10543=EDGE_CURVE('',#9884,#9886,#4382,.T.);
#10545=EDGE_CURVE('',#9886,#9888,#4389,.T.);
#10547=EDGE_CURVE('',#9888,#9890,#4396,.T.);
#10549=EDGE_CURVE('',#9890,#9892,#4403,.T.);
#10551=EDGE_CURVE('',#9892,#9894,#4410,.T.);
#10553=EDGE_CURVE('',#9894,#9896,#4417,.T.);
#10555=EDGE_CURVE('',#9896,#9898,#4424,.T.);
#10557=EDGE_CURVE('',#9898,#9900,#4431,.T.);
#10559=EDGE_CURVE('',#9900,#9902,#4438,.T.);
#10561=EDGE_CURVE('',#9902,#9904,#4445,.T.);
#10563=EDGE_CURVE('',#9904,#9906,#4452,.T.);
#10565=EDGE_CURVE('',#9906,#9908,#4459,.T.);
#10567=EDGE_CURVE('',#9908,#9910,#4466,.T.);
#10569=EDGE_CURVE('',#9910,#9912,#4473,.T.);
#10571=EDGE_CURVE('',#9912,#9914,#4480,.T.);
#10573=EDGE_CURVE('',#9914,#9916,#4487,.T.);
#10575=EDGE_CURVE('',#9916,#9918,#4494,.T.);
#10577=EDGE_CURVE('',#9918,#9920,#4501,.T.);
#10579=EDGE_CURVE('',#9920,#9922,#4508,.T.);
#10581=EDGE_CURVE('',#9922,#9924,#4515,.T.);
#10583=EDGE_CURVE('',#9924,#9926,#4522,.T.);
#10585=EDGE_CURVE('',#9926,#9928,#4529,.T.);
#10587=EDGE_CURVE('',#9928,#9930,#4536,.T.);
#10589=EDGE_CURVE('',#9930,#9932,#4543,.T.);
#10591=EDGE_CURVE('',#9932,#9934,#4550,.T.);
#10593=EDGE_CURVE('',#9934,#9936,#4557,.T.);
#10595=EDGE_CURVE('',#9936,#9938,#4564,.T.);
#10597=EDGE_CURVE('',#9938,#9940,#4571,.T.);
#10599=EDGE_CURVE('',#9940,#9942,#4578,.T.);
#10601=EDGE_CURVE('',#9942,#9944,#4585,.T.);
#10603=EDGE_CURVE('',#9944,#9946,#4592,.T.);
#10605=EDGE_CURVE('',#9946,#9948,#4599,.T.);
#10607=EDGE_CURVE('',#9948,#9950,#4606,.T.);
#10609=EDGE_CURVE('',#9950,#9952,#4613,.T.);
#10611=EDGE_CURVE('',#9952,#9954,#4620,.T.);
#10613=EDGE_CURVE('',#9954,#9956,#4627,.T.);
#10615=EDGE_CURVE('',#9956,#9958,#4634,.T.);
#10617=EDGE_CURVE('',#9958,#9960,#4641,.T.);
#10619=EDGE_CURVE('',#9960,#9962,#4648,.T.);
#10621=EDGE_CURVE('',#9962,#9964,#4655,.T.);
#10623=EDGE_CURVE('',#9964,#9966,#4662,.T.);
#10625=EDGE_CURVE('',#9966,#9968,#4669,.T.);
#10627=EDGE_CURVE('',#9968,#9970,#4676,.T.);
#10629=EDGE_CURVE('',#9970,#9972,#4683,.T.);
#10631=EDGE_CURVE('',#9972,#9974,#4690,.T.);
#10633=EDGE_CURVE('',#9974,#9976,#4697,.T.);
#10635=EDGE_CURVE('',#9976,#9978,#4704,.T.);
#10637=EDGE_CURVE('',#9978,#9873,#4711,.T.);
#10641=EDGE_CURVE('',#9981,#9982,#4718,.T.);
#10643=EDGE_CURVE('',#9982,#9984,#4725,.T.);
#10645=EDGE_CURVE('',#9984,#9986,#4732,.T.);
#10647=EDGE_CURVE('',#9986,#9988,#4739,.T.);
#10649=EDGE_CURVE('',#9988,#9990,#4746,.T.);
#10651=EDGE_CURVE('',#9990,#9992,#4753,.T.);
#10653=EDGE_CURVE('',#9992,#9994,#4760,.T.);
#10655=EDGE_CURVE('',#9994,#9996,#4767,.T.);
#10657=EDGE_CURVE('',#9996,#9998,#4774,.T.);
#10659=EDGE_CURVE('',#9998,#10000,#4781,.T.);
#10661=EDGE_CURVE('',#10000,#10002,#4788,.T.);
#10663=EDGE_CURVE('',#10002,#10004,#4795,.T.);
#10665=EDGE_CURVE('',#10004,#10006,#4802,.T.);
#10667=EDGE_CURVE('',#10006,#9981,#4809,.T.);
#10671=EDGE_CURVE('',#10029,#10030,#4886,.T.);
#10673=EDGE_CURVE('',#10030,#10032,#4893,.T.);
#10675=EDGE_CURVE('',#10032,#10034,#4900,.T.);
#10677=EDGE_CURVE('',#10034,#10036,#4907,.T.);
#10679=EDGE_CURVE('',#10036,#10038,#4914,.T.);
#10681=EDGE_CURVE('',#10038,#10040,#4921,.T.);
#10683=EDGE_CURVE('',#10040,#10042,#4928,.T.);
#10685=EDGE_CURVE('',#10042,#10044,#4935,.T.);
#10687=EDGE_CURVE('',#10044,#10046,#4942,.T.);
#10689=EDGE_CURVE('',#10046,#10048,#4949,.T.);
#10691=EDGE_CURVE('',#10048,#10050,#4956,.T.);
#10693=EDGE_CURVE('',#10050,#10029,#4963,.T.);
#10697=EDGE_CURVE('',#10053,#10054,#4970,.T.);
#10699=EDGE_CURVE('',#10054,#10056,#4977,.T.);
#10701=EDGE_CURVE('',#10056,#10058,#4984,.T.);
#10703=EDGE_CURVE('',#10058,#10060,#4991,.T.);
#10705=EDGE_CURVE('',#10060,#10062,#4998,.T.);
#10707=EDGE_CURVE('',#10062,#10064,#5005,.T.);
#10709=EDGE_CURVE('',#10064,#10066,#5012,.T.);
#10711=EDGE_CURVE('',#10066,#10068,#5019,.T.);
#10713=EDGE_CURVE('',#10068,#10070,#5026,.T.);
#10715=EDGE_CURVE('',#10070,#10072,#5033,.T.);
#10717=EDGE_CURVE('',#10072,#10074,#5040,.T.);
#10719=EDGE_CURVE('',#10074,#10076,#5047,.T.);
#10721=EDGE_CURVE('',#10076,#10078,#5054,.T.);
#10723=EDGE_CURVE('',#10078,#10080,#5061,.T.);
#10725=EDGE_CURVE('',#10080,#10082,#5068,.T.);
#10727=EDGE_CURVE('',#10082,#10084,#5075,.T.);
#10729=EDGE_CURVE('',#10084,#10086,#5082,.T.);
#10731=EDGE_CURVE('',#10086,#10088,#5089,.T.);
#10733=EDGE_CURVE('',#10088,#10090,#5096,.T.);
#10735=EDGE_CURVE('',#10090,#10092,#5103,.T.);
#10737=EDGE_CURVE('',#10092,#10094,#5110,.T.);
#10739=EDGE_CURVE('',#10094,#10096,#5117,.T.);
#10741=EDGE_CURVE('',#10096,#10098,#5124,.T.);
#10743=EDGE_CURVE('',#10098,#10100,#5131,.T.);
#10745=EDGE_CURVE('',#10100,#10102,#5138,.T.);
#10747=EDGE_CURVE('',#10102,#10104,#5145,.T.);
#10749=EDGE_CURVE('',#10104,#10106,#5152,.T.);
#10751=EDGE_CURVE('',#10106,#10053,#5159,.T.);
#10755=EDGE_CURVE('',#10109,#10110,#5166,.T.);
#10757=EDGE_CURVE('',#10110,#10112,#5173,.T.);
#10759=EDGE_CURVE('',#10112,#10114,#5180,.T.);
#10761=EDGE_CURVE('',#10114,#10116,#5187,.T.);
#10763=EDGE_CURVE('',#10116,#10118,#5194,.T.);
#10765=EDGE_CURVE('',#10118,#10120,#5201,.T.);
#10767=EDGE_CURVE('',#10120,#10122,#5208,.T.);
#10769=EDGE_CURVE('',#10122,#10124,#5215,.T.);
#10771=EDGE_CURVE('',#10124,#10126,#5222,.T.);
#10773=EDGE_CURVE('',#10126,#10128,#5229,.T.);
#10775=EDGE_CURVE('',#10128,#10130,#5236,.T.);
#10777=EDGE_CURVE('',#10130,#10132,#5243,.T.);
#10779=EDGE_CURVE('',#10132,#10134,#5250,.T.);
#10781=EDGE_CURVE('',#10134,#10136,#5257,.T.);
#10783=EDGE_CURVE('',#10136,#10138,#5264,.T.);
#10785=EDGE_CURVE('',#10138,#10140,#5271,.T.);
#10787=EDGE_CURVE('',#10140,#10142,#5278,.T.);
#10789=EDGE_CURVE('',#10142,#10144,#5285,.T.);
#10791=EDGE_CURVE('',#10144,#10146,#5292,.T.);
#10793=EDGE_CURVE('',#10146,#10148,#5299,.T.);
#10795=EDGE_CURVE('',#10148,#10150,#5306,.T.);
#10797=EDGE_CURVE('',#10150,#10152,#5313,.T.);
#10799=EDGE_CURVE('',#10152,#10154,#5320,.T.);
#10801=EDGE_CURVE('',#10154,#10156,#5327,.T.);
#10803=EDGE_CURVE('',#10156,#10158,#5334,.T.);
#10805=EDGE_CURVE('',#10158,#10109,#5341,.T.);
#10809=EDGE_CURVE('',#10197,#10198,#5474,.T.);
#10811=EDGE_CURVE('',#10198,#10200,#5481,.T.);
#10813=EDGE_CURVE('',#10200,#10202,#5488,.T.);
#10815=EDGE_CURVE('',#10202,#10204,#5495,.T.);
#10817=EDGE_CURVE('',#10204,#10206,#5502,.T.);
#10819=EDGE_CURVE('',#10206,#10208,#5509,.T.);
#10821=EDGE_CURVE('',#10208,#10210,#5516,.T.);
#10823=EDGE_CURVE('',#10210,#10212,#5523,.T.);
#10825=EDGE_CURVE('',#10212,#10214,#5530,.T.);
#10827=EDGE_CURVE('',#10214,#10216,#5537,.T.);
#10829=EDGE_CURVE('',#10216,#10218,#5544,.T.);
#10831=EDGE_CURVE('',#10218,#10220,#5551,.T.);
#10833=EDGE_CURVE('',#10220,#10222,#5558,.T.);
#10835=EDGE_CURVE('',#10222,#10224,#5565,.T.);
#10837=EDGE_CURVE('',#10224,#10226,#5572,.T.);
#10839=EDGE_CURVE('',#10226,#10228,#5579,.T.);
#10841=EDGE_CURVE('',#10228,#10230,#5586,.T.);
#10843=EDGE_CURVE('',#10230,#10232,#5593,.T.);
#10845=EDGE_CURVE('',#10232,#10234,#5600,.T.);
#10847=EDGE_CURVE('',#10234,#10236,#5607,.T.);
#10849=EDGE_CURVE('',#10236,#10238,#5614,.T.);
#10851=EDGE_CURVE('',#10238,#10240,#5621,.T.);
#10853=EDGE_CURVE('',#10240,#10242,#5628,.T.);
#10855=EDGE_CURVE('',#10242,#10244,#5635,.T.);
#10857=EDGE_CURVE('',#10244,#10246,#5642,.T.);
#10859=EDGE_CURVE('',#10246,#10248,#5649,.T.);
#10861=EDGE_CURVE('',#10248,#10250,#5656,.T.);
#10863=EDGE_CURVE('',#10250,#10197,#5663,.T.);
#10867=EDGE_CURVE('',#10253,#10254,#5670,.T.);
#10869=EDGE_CURVE('',#10254,#10256,#5677,.T.);
#10871=EDGE_CURVE('',#10256,#10258,#5684,.T.);
#10873=EDGE_CURVE('',#10258,#10260,#5691,.T.);
#10875=EDGE_CURVE('',#10260,#10262,#5698,.T.);
#10877=EDGE_CURVE('',#10262,#10264,#5705,.T.);
#10879=EDGE_CURVE('',#10264,#10266,#5712,.T.);
#10881=EDGE_CURVE('',#10266,#10268,#5719,.T.);
#10883=EDGE_CURVE('',#10268,#10270,#5726,.T.);
#10885=EDGE_CURVE('',#10270,#10272,#5733,.T.);
#10887=EDGE_CURVE('',#10272,#10274,#5740,.T.);
#10889=EDGE_CURVE('',#10274,#10276,#5747,.T.);
#10891=EDGE_CURVE('',#10276,#10278,#5754,.T.);
#10893=EDGE_CURVE('',#10278,#10280,#5761,.T.);
#10895=EDGE_CURVE('',#10280,#10282,#5768,.T.);
#10897=EDGE_CURVE('',#10282,#10284,#5775,.T.);
#10899=EDGE_CURVE('',#10284,#10286,#5782,.T.);
#10901=EDGE_CURVE('',#10286,#10288,#5789,.T.);
#10903=EDGE_CURVE('',#10288,#10290,#5796,.T.);
#10905=EDGE_CURVE('',#10290,#10292,#5803,.T.);
#10907=EDGE_CURVE('',#10292,#10294,#5810,.T.);
#10909=EDGE_CURVE('',#10294,#10296,#5817,.T.);
#10911=EDGE_CURVE('',#10296,#10298,#5824,.T.);
#10913=EDGE_CURVE('',#10298,#10300,#5831,.T.);
#10915=EDGE_CURVE('',#10300,#10302,#5838,.T.);
#10917=EDGE_CURVE('',#10302,#10304,#5845,.T.);
#10919=EDGE_CURVE('',#10304,#10306,#5852,.T.);
#10921=EDGE_CURVE('',#10306,#10308,#5859,.T.);
#10923=EDGE_CURVE('',#10308,#10310,#5866,.T.);
#10925=EDGE_CURVE('',#10310,#10312,#5873,.T.);
#10927=EDGE_CURVE('',#10312,#10314,#5880,.T.);
#10929=EDGE_CURVE('',#10314,#10316,#5887,.T.);
#10931=EDGE_CURVE('',#10316,#10318,#5894,.T.);
#10933=EDGE_CURVE('',#10318,#10320,#5901,.T.);
#10935=EDGE_CURVE('',#10320,#10322,#5908,.T.);
#10937=EDGE_CURVE('',#10322,#10324,#5915,.T.);
#10939=EDGE_CURVE('',#10324,#10326,#5922,.T.);
#10941=EDGE_CURVE('',#10326,#10328,#5929,.T.);
#10943=EDGE_CURVE('',#10328,#10330,#5936,.T.);
#10945=EDGE_CURVE('',#10330,#10253,#5943,.T.);
#10949=ADVANCED_FACE('',(#10512,#10530,#10640,#10670,#10696,#10754,#10808,
#10866,#10948),#10507,.T.);
#10956=EDGE_CURVE('',#9851,#9369,#5966,.T.);
#10958=EDGE_CURVE('',#9369,#9370,#6022,.T.);
#10960=EDGE_CURVE('',#9852,#9370,#6015,.T.);
#10964=ADVANCED_FACE('',(#10963),#10954,.T.);
#10971=EDGE_CURVE('',#9864,#9382,#5973,.T.);
#10973=EDGE_CURVE('',#9382,#9369,#6029,.T.);
#10978=ADVANCED_FACE('',(#10977),#10969,.T.);
#10985=EDGE_CURVE('',#9862,#9380,#5980,.T.);
#10987=EDGE_CURVE('',#9380,#9382,#6036,.T.);
#10992=ADVANCED_FACE('',(#10991),#10983,.T.);
#10999=EDGE_CURVE('',#9860,#9378,#5987,.T.);
#11001=EDGE_CURVE('',#9378,#9380,#6043,.T.);
#11006=ADVANCED_FACE('',(#11005),#10997,.T.);
#11013=EDGE_CURVE('',#9858,#9376,#5994,.T.);
#11015=EDGE_CURVE('',#9376,#9378,#6050,.T.);
#11020=ADVANCED_FACE('',(#11019),#11011,.T.);
#11027=EDGE_CURVE('',#9856,#9374,#6001,.T.);
#11029=EDGE_CURVE('',#9374,#9376,#6057,.T.);
#11034=ADVANCED_FACE('',(#11033),#11025,.T.);
#11041=EDGE_CURVE('',#9854,#9372,#6008,.T.);
#11043=EDGE_CURVE('',#9372,#9374,#6064,.T.);
#11048=ADVANCED_FACE('',(#11047),#11039,.T.);
#11056=EDGE_CURVE('',#9370,#9372,#6071,.T.);
#11061=ADVANCED_FACE('',(#11060),#11053,.T.);
#11077=EDGE_CURVE('',#9385,#9386,#6078,.T.);
#11079=EDGE_CURVE('',#9388,#9385,#6085,.T.);
#11081=EDGE_CURVE('',#9386,#9388,#6092,.T.);
#11085=ADVANCED_FACE('',(#11076,#11084),#11066,.T.);
#11091=EDGE_CURVE('',#9391,#9392,#6099,.T.);
#11093=EDGE_CURVE('',#9496,#9391,#6106,.T.);
#11095=EDGE_CURVE('',#9494,#9496,#6113,.T.);
#11097=EDGE_CURVE('',#9492,#9494,#6120,.T.);
#11099=EDGE_CURVE('',#9490,#9492,#6127,.T.);
#11101=EDGE_CURVE('',#9488,#9490,#6134,.T.);
#11103=EDGE_CURVE('',#9486,#9488,#6141,.T.);
#11105=EDGE_CURVE('',#9484,#9486,#6148,.T.);
#11107=EDGE_CURVE('',#9482,#9484,#6155,.T.);
#11109=EDGE_CURVE('',#9480,#9482,#6162,.T.);
#11111=EDGE_CURVE('',#9478,#9480,#6169,.T.);
#11113=EDGE_CURVE('',#9476,#9478,#6176,.T.);
#11115=EDGE_CURVE('',#9474,#9476,#6183,.T.);
#11117=EDGE_CURVE('',#9472,#9474,#6190,.T.);
#11119=EDGE_CURVE('',#9470,#9472,#6197,.T.);
#11121=EDGE_CURVE('',#9468,#9470,#6204,.T.);
#11123=EDGE_CURVE('',#9466,#9468,#6211,.T.);
#11125=EDGE_CURVE('',#9464,#9466,#6218,.T.);
#11127=EDGE_CURVE('',#9462,#9464,#6225,.T.);
#11129=EDGE_CURVE('',#9460,#9462,#6232,.T.);
#11131=EDGE_CURVE('',#9458,#9460,#6239,.T.);
#11133=EDGE_CURVE('',#9456,#9458,#6246,.T.);
#11135=EDGE_CURVE('',#9454,#9456,#6253,.T.);
#11137=EDGE_CURVE('',#9452,#9454,#6260,.T.);
#11139=EDGE_CURVE('',#9450,#9452,#6267,.T.);
#11141=EDGE_CURVE('',#9448,#9450,#6274,.T.);
#11143=EDGE_CURVE('',#9446,#9448,#6281,.T.);
#11145=EDGE_CURVE('',#9444,#9446,#6288,.T.);
#11147=EDGE_CURVE('',#9442,#9444,#6295,.T.);
#11149=EDGE_CURVE('',#9440,#9442,#6302,.T.);
#11151=EDGE_CURVE('',#9438,#9440,#6309,.T.);
#11153=EDGE_CURVE('',#9436,#9438,#6316,.T.);
#11155=EDGE_CURVE('',#9434,#9436,#6323,.T.);
#11157=EDGE_CURVE('',#9432,#9434,#6330,.T.);
#11159=EDGE_CURVE('',#9430,#9432,#6337,.T.);
#11161=EDGE_CURVE('',#9428,#9430,#6344,.T.);
#11163=EDGE_CURVE('',#9426,#9428,#6351,.T.);
#11165=EDGE_CURVE('',#9424,#9426,#6358,.T.);
#11167=EDGE_CURVE('',#9422,#9424,#6365,.T.);
#11169=EDGE_CURVE('',#9420,#9422,#6372,.T.);
#11171=EDGE_CURVE('',#9418,#9420,#6379,.T.);
#11173=EDGE_CURVE('',#9416,#9418,#6386,.T.);
#11175=EDGE_CURVE('',#9414,#9416,#6393,.T.);
#11177=EDGE_CURVE('',#9412,#9414,#6400,.T.);
#11179=EDGE_CURVE('',#9410,#9412,#6407,.T.);
#11181=EDGE_CURVE('',#9408,#9410,#6414,.T.);
#11183=EDGE_CURVE('',#9406,#9408,#6421,.T.);
#11185=EDGE_CURVE('',#9404,#9406,#6428,.T.);
#11187=EDGE_CURVE('',#9402,#9404,#6435,.T.);
#11189=EDGE_CURVE('',#9400,#9402,#6442,.T.);
#11191=EDGE_CURVE('',#9398,#9400,#6449,.T.);
#11193=EDGE_CURVE('',#9396,#9398,#6456,.T.);
#11195=EDGE_CURVE('',#9394,#9396,#6463,.T.);
#11197=EDGE_CURVE('',#9392,#9394,#6470,.T.);
#11201=ADVANCED_FACE('',(#11200),#11090,.T.);
#11207=EDGE_CURVE('',#9499,#9500,#6477,.T.);
#11209=EDGE_CURVE('',#9524,#9499,#6484,.T.);
#11211=EDGE_CURVE('',#9522,#9524,#6491,.T.);
#11213=EDGE_CURVE('',#9520,#9522,#6498,.T.);
#11215=EDGE_CURVE('',#9518,#9520,#6505,.T.);
#11217=EDGE_CURVE('',#9516,#9518,#6512,.T.);
#11219=EDGE_CURVE('',#9514,#9516,#6519,.T.);
#11221=EDGE_CURVE('',#9512,#9514,#6526,.T.);
#11223=EDGE_CURVE('',#9510,#9512,#6533,.T.);
#11225=EDGE_CURVE('',#9508,#9510,#6540,.T.);
#11227=EDGE_CURVE('',#9506,#9508,#6547,.T.);
#11229=EDGE_CURVE('',#9504,#9506,#6554,.T.);
#11231=EDGE_CURVE('',#9502,#9504,#6561,.T.);
#11233=EDGE_CURVE('',#9500,#9502,#6568,.T.);
#11237=EDGE_CURVE('',#9527,#9528,#6575,.T.);
#11239=EDGE_CURVE('',#9544,#9527,#6582,.T.);
#11241=EDGE_CURVE('',#9542,#9544,#6589,.T.);
#11243=EDGE_CURVE('',#9540,#9542,#6596,.T.);
#11245=EDGE_CURVE('',#9538,#9540,#6603,.T.);
#11247=EDGE_CURVE('',#9536,#9538,#6610,.T.);
#11249=EDGE_CURVE('',#9534,#9536,#6617,.T.);
#11251=EDGE_CURVE('',#9532,#9534,#6624,.T.);
#11253=EDGE_CURVE('',#9530,#9532,#6631,.T.);
#11255=EDGE_CURVE('',#9528,#9530,#6638,.T.);
#11259=ADVANCED_FACE('',(#11236,#11258),#11206,.T.);
#11265=EDGE_CURVE('',#9547,#9548,#6645,.T.);
#11267=EDGE_CURVE('',#9568,#9547,#6652,.T.);
#11269=EDGE_CURVE('',#9566,#9568,#6659,.T.);
#11271=EDGE_CURVE('',#9564,#9566,#6666,.T.);
#11273=EDGE_CURVE('',#9562,#9564,#6673,.T.);
#11275=EDGE_CURVE('',#9560,#9562,#6680,.T.);
#11277=EDGE_CURVE('',#9558,#9560,#6687,.T.);
#11279=EDGE_CURVE('',#9556,#9558,#6694,.T.);
#11281=EDGE_CURVE('',#9554,#9556,#6701,.T.);
#11283=EDGE_CURVE('',#9552,#9554,#6708,.T.);
#11285=EDGE_CURVE('',#9550,#9552,#6715,.T.);
#11287=EDGE_CURVE('',#9548,#9550,#6722,.T.);
#11291=ADVANCED_FACE('',(#11290),#11264,.T.);
#11297=EDGE_CURVE('',#9571,#9572,#6729,.T.);
#11299=EDGE_CURVE('',#9624,#9571,#6736,.T.);
#11301=EDGE_CURVE('',#9622,#9624,#6743,.T.);
#11303=EDGE_CURVE('',#9620,#9622,#6750,.T.);
#11305=EDGE_CURVE('',#9618,#9620,#6757,.T.);
#11307=EDGE_CURVE('',#9616,#9618,#6764,.T.);
#11309=EDGE_CURVE('',#9614,#9616,#6771,.T.);
#11311=EDGE_CURVE('',#9612,#9614,#6778,.T.);
#11313=EDGE_CURVE('',#9610,#9612,#6785,.T.);
#11315=EDGE_CURVE('',#9608,#9610,#6792,.T.);
#11317=EDGE_CURVE('',#9606,#9608,#6799,.T.);
#11319=EDGE_CURVE('',#9604,#9606,#6806,.T.);
#11321=EDGE_CURVE('',#9602,#9604,#6813,.T.);
#11323=EDGE_CURVE('',#9600,#9602,#6820,.T.);
#11325=EDGE_CURVE('',#9598,#9600,#6827,.T.);
#11327=EDGE_CURVE('',#9596,#9598,#6834,.T.);
#11329=EDGE_CURVE('',#9594,#9596,#6841,.T.);
#11331=EDGE_CURVE('',#9592,#9594,#6848,.T.);
#11333=EDGE_CURVE('',#9590,#9592,#6855,.T.);
#11335=EDGE_CURVE('',#9588,#9590,#6862,.T.);
#11337=EDGE_CURVE('',#9586,#9588,#6869,.T.);
#11339=EDGE_CURVE('',#9584,#9586,#6876,.T.);
#11341=EDGE_CURVE('',#9582,#9584,#6883,.T.);
#11343=EDGE_CURVE('',#9580,#9582,#6890,.T.);
#11345=EDGE_CURVE('',#9578,#9580,#6897,.T.);
#11347=EDGE_CURVE('',#9576,#9578,#6904,.T.);
#11349=EDGE_CURVE('',#9574,#9576,#6911,.T.);
#11351=EDGE_CURVE('',#9572,#9574,#6918,.T.);
#11355=ADVANCED_FACE('',(#11354),#11296,.T.);
#11361=EDGE_CURVE('',#9627,#9628,#6925,.T.);
#11363=EDGE_CURVE('',#9676,#9627,#6932,.T.);
#11365=EDGE_CURVE('',#9674,#9676,#6939,.T.);
#11367=EDGE_CURVE('',#9672,#9674,#6946,.T.);
#11369=EDGE_CURVE('',#9670,#9672,#6953,.T.);
#11371=EDGE_CURVE('',#9668,#9670,#6960,.T.);
#11373=EDGE_CURVE('',#9666,#9668,#6967,.T.);
#11375=EDGE_CURVE('',#9664,#9666,#6974,.T.);
#11377=EDGE_CURVE('',#9662,#9664,#6981,.T.);
#11379=EDGE_CURVE('',#9660,#9662,#6988,.T.);
#11381=EDGE_CURVE('',#9658,#9660,#6995,.T.);
#11383=EDGE_CURVE('',#9656,#9658,#7002,.T.);
#11385=EDGE_CURVE('',#9654,#9656,#7009,.T.);
#11387=EDGE_CURVE('',#9652,#9654,#7016,.T.);
#11389=EDGE_CURVE('',#9650,#9652,#7023,.T.);
#11391=EDGE_CURVE('',#9648,#9650,#7030,.T.);
#11393=EDGE_CURVE('',#9646,#9648,#7037,.T.);
#11395=EDGE_CURVE('',#9644,#9646,#7044,.T.);
#11397=EDGE_CURVE('',#9642,#9644,#7051,.T.);
#11399=EDGE_CURVE('',#9640,#9642,#7058,.T.);
#11401=EDGE_CURVE('',#9638,#9640,#7065,.T.);
#11403=EDGE_CURVE('',#9636,#9638,#7072,.T.);
#11405=EDGE_CURVE('',#9634,#9636,#7079,.T.);
#11407=EDGE_CURVE('',#9632,#9634,#7086,.T.);
#11409=EDGE_CURVE('',#9630,#9632,#7093,.T.);
#11411=EDGE_CURVE('',#9628,#9630,#7100,.T.);
#11415=EDGE_CURVE('',#9679,#9680,#7107,.T.);
#11417=EDGE_CURVE('',#9712,#9679,#7114,.T.);
#11419=EDGE_CURVE('',#9710,#9712,#7121,.T.);
#11421=EDGE_CURVE('',#9708,#9710,#7128,.T.);
#11423=EDGE_CURVE('',#9706,#9708,#7135,.T.);
#11425=EDGE_CURVE('',#9704,#9706,#7142,.T.);
#11427=EDGE_CURVE('',#9702,#9704,#7149,.T.);
#11429=EDGE_CURVE('',#9700,#9702,#7156,.T.);
#11431=EDGE_CURVE('',#9698,#9700,#7163,.T.);
#11433=EDGE_CURVE('',#9696,#9698,#7170,.T.);
#11435=EDGE_CURVE('',#9694,#9696,#7177,.T.);
#11437=EDGE_CURVE('',#9692,#9694,#7184,.T.);
#11439=EDGE_CURVE('',#9690,#9692,#7191,.T.);
#11441=EDGE_CURVE('',#9688,#9690,#7198,.T.);
#11443=EDGE_CURVE('',#9686,#9688,#7205,.T.);
#11445=EDGE_CURVE('',#9684,#9686,#7212,.T.);
#11447=EDGE_CURVE('',#9682,#9684,#7219,.T.);
#11449=EDGE_CURVE('',#9680,#9682,#7226,.T.);
#11453=ADVANCED_FACE('',(#11414,#11452),#11360,.T.);
#11459=EDGE_CURVE('',#9715,#9716,#7233,.T.);
#11461=EDGE_CURVE('',#9768,#9715,#7240,.T.);
#11463=EDGE_CURVE('',#9766,#9768,#7247,.T.);
#11465=EDGE_CURVE('',#9764,#9766,#7254,.T.);
#11467=EDGE_CURVE('',#9762,#9764,#7261,.T.);
#11469=EDGE_CURVE('',#9760,#9762,#7268,.T.);
#11471=EDGE_CURVE('',#9758,#9760,#7275,.T.);
#11473=EDGE_CURVE('',#9756,#9758,#7282,.T.);
#11475=EDGE_CURVE('',#9754,#9756,#7289,.T.);
#11477=EDGE_CURVE('',#9752,#9754,#7296,.T.);
#11479=EDGE_CURVE('',#9750,#9752,#7303,.T.);
#11481=EDGE_CURVE('',#9748,#9750,#7310,.T.);
#11483=EDGE_CURVE('',#9746,#9748,#7317,.T.);
#11485=EDGE_CURVE('',#9744,#9746,#7324,.T.);
#11487=EDGE_CURVE('',#9742,#9744,#7331,.T.);
#11489=EDGE_CURVE('',#9740,#9742,#7338,.T.);
#11491=EDGE_CURVE('',#9738,#9740,#7345,.T.);
#11493=EDGE_CURVE('',#9736,#9738,#7352,.T.);
#11495=EDGE_CURVE('',#9734,#9736,#7359,.T.);
#11497=EDGE_CURVE('',#9732,#9734,#7366,.T.);
#11499=EDGE_CURVE('',#9730,#9732,#7373,.T.);
#11501=EDGE_CURVE('',#9728,#9730,#7380,.T.);
#11503=EDGE_CURVE('',#9726,#9728,#7387,.T.);
#11505=EDGE_CURVE('',#9724,#9726,#7394,.T.);
#11507=EDGE_CURVE('',#9722,#9724,#7401,.T.);
#11509=EDGE_CURVE('',#9720,#9722,#7408,.T.);
#11511=EDGE_CURVE('',#9718,#9720,#7415,.T.);
#11513=EDGE_CURVE('',#9716,#9718,#7422,.T.);
#11517=ADVANCED_FACE('',(#11516),#11458,.T.);
#11523=EDGE_CURVE('',#9771,#9772,#7429,.T.);
#11525=EDGE_CURVE('',#9848,#9771,#7436,.T.);
#11527=EDGE_CURVE('',#9846,#9848,#7443,.T.);
#11529=EDGE_CURVE('',#9844,#9846,#7450,.T.);
#11531=EDGE_CURVE('',#9842,#9844,#7457,.T.);
#11533=EDGE_CURVE('',#9840,#9842,#7464,.T.);
#11535=EDGE_CURVE('',#9838,#9840,#7471,.T.);
#11537=EDGE_CURVE('',#9836,#9838,#7478,.T.);
#11539=EDGE_CURVE('',#9834,#9836,#7485,.T.);
#11541=EDGE_CURVE('',#9832,#9834,#7492,.T.);
#11543=EDGE_CURVE('',#9830,#9832,#7499,.T.);
#11545=EDGE_CURVE('',#9828,#9830,#7506,.T.);
#11547=EDGE_CURVE('',#9826,#9828,#7513,.T.);
#11549=EDGE_CURVE('',#9824,#9826,#7520,.T.);
#11551=EDGE_CURVE('',#9822,#9824,#7527,.T.);
#11553=EDGE_CURVE('',#9820,#9822,#7534,.T.);
#11555=EDGE_CURVE('',#9818,#9820,#7541,.T.);
#11557=EDGE_CURVE('',#9816,#9818,#7548,.T.);
#11559=EDGE_CURVE('',#9814,#9816,#7555,.T.);
#11561=EDGE_CURVE('',#9812,#9814,#7562,.T.);
#11563=EDGE_CURVE('',#9810,#9812,#7569,.T.);
#11565=EDGE_CURVE('',#9808,#9810,#7576,.T.);
#11567=EDGE_CURVE('',#9806,#9808,#7583,.T.);
#11569=EDGE_CURVE('',#9804,#9806,#7590,.T.);
#11571=EDGE_CURVE('',#9802,#9804,#7597,.T.);
#11573=EDGE_CURVE('',#9800,#9802,#7604,.T.);
#11575=EDGE_CURVE('',#9798,#9800,#7611,.T.);
#11577=EDGE_CURVE('',#9796,#9798,#7618,.T.);
#11579=EDGE_CURVE('',#9794,#9796,#7625,.T.);
#11581=EDGE_CURVE('',#9792,#9794,#7632,.T.);
#11583=EDGE_CURVE('',#9790,#9792,#7639,.T.);
#11585=EDGE_CURVE('',#9788,#9790,#7646,.T.);
#11587=EDGE_CURVE('',#9786,#9788,#7653,.T.);
#11589=EDGE_CURVE('',#9784,#9786,#7660,.T.);
#11591=EDGE_CURVE('',#9782,#9784,#7667,.T.);
#11593=EDGE_CURVE('',#9780,#9782,#7674,.T.);
#11595=EDGE_CURVE('',#9778,#9780,#7681,.T.);
#11597=EDGE_CURVE('',#9776,#9778,#7688,.T.);
#11599=EDGE_CURVE('',#9774,#9776,#7695,.T.);
#11601=EDGE_CURVE('',#9772,#9774,#7702,.T.);
#11605=ADVANCED_FACE('',(#11604),#11522,.T.);
#11612=EDGE_CURVE('',#9867,#9385,#7709,.T.);
#11615=EDGE_CURVE('',#9868,#9386,#7723,.T.);
#11619=ADVANCED_FACE('',(#11618),#11610,.T.);
#11626=EDGE_CURVE('',#9870,#9388,#7716,.T.);
#11632=ADVANCED_FACE('',(#11631),#11624,.T.);
#11644=ADVANCED_FACE('',(#11643),#11637,.T.);
#11651=EDGE_CURVE('',#9873,#9391,#7730,.T.);
#11654=EDGE_CURVE('',#9874,#9392,#8101,.T.);
#11658=ADVANCED_FACE('',(#11657),#11649,.T.);
#11665=EDGE_CURVE('',#9978,#9496,#7737,.T.);
#11671=ADVANCED_FACE('',(#11670),#11663,.T.);
#11678=EDGE_CURVE('',#9976,#9494,#7744,.T.);
#11684=ADVANCED_FACE('',(#11683),#11676,.T.);
#11691=EDGE_CURVE('',#9974,#9492,#7751,.T.);
#11697=ADVANCED_FACE('',(#11696),#11689,.T.);
#11704=EDGE_CURVE('',#9972,#9490,#7758,.T.);
#11710=ADVANCED_FACE('',(#11709),#11702,.T.);
#11717=EDGE_CURVE('',#9970,#9488,#7765,.T.);
#11723=ADVANCED_FACE('',(#11722),#11715,.T.);
#11730=EDGE_CURVE('',#9968,#9486,#7772,.T.);
#11736=ADVANCED_FACE('',(#11735),#11728,.T.);
#11743=EDGE_CURVE('',#9966,#9484,#7779,.T.);
#11749=ADVANCED_FACE('',(#11748),#11741,.T.);
#11756=EDGE_CURVE('',#9964,#9482,#7786,.T.);
#11762=ADVANCED_FACE('',(#11761),#11754,.T.);
#11769=EDGE_CURVE('',#9962,#9480,#7793,.T.);
#11775=ADVANCED_FACE('',(#11774),#11767,.T.);
#11782=EDGE_CURVE('',#9960,#9478,#7800,.T.);
#11788=ADVANCED_FACE('',(#11787),#11780,.T.);
#11795=EDGE_CURVE('',#9958,#9476,#7807,.T.);
#11801=ADVANCED_FACE('',(#11800),#11793,.T.);
#11808=EDGE_CURVE('',#9956,#9474,#7814,.T.);
#11814=ADVANCED_FACE('',(#11813),#11806,.T.);
#11821=EDGE_CURVE('',#9954,#9472,#7821,.T.);
#11827=ADVANCED_FACE('',(#11826),#11819,.T.);
#11834=EDGE_CURVE('',#9952,#9470,#7828,.T.);
#11840=ADVANCED_FACE('',(#11839),#11832,.T.);
#11847=EDGE_CURVE('',#9950,#9468,#7835,.T.);
#11853=ADVANCED_FACE('',(#11852),#11845,.T.);
#11860=EDGE_CURVE('',#9948,#9466,#7842,.T.);
#11866=ADVANCED_FACE('',(#11865),#11858,.T.);
#11873=EDGE_CURVE('',#9946,#9464,#7849,.T.);
#11879=ADVANCED_FACE('',(#11878),#11871,.T.);
#11886=EDGE_CURVE('',#9944,#9462,#7856,.T.);
#11892=ADVANCED_FACE('',(#11891),#11884,.T.);
#11899=EDGE_CURVE('',#9942,#9460,#7863,.T.);
#11905=ADVANCED_FACE('',(#11904),#11897,.T.);
#11912=EDGE_CURVE('',#9940,#9458,#7870,.T.);
#11918=ADVANCED_FACE('',(#11917),#11910,.T.);
#11925=EDGE_CURVE('',#9938,#9456,#7877,.T.);
#11931=ADVANCED_FACE('',(#11930),#11923,.T.);
#11938=EDGE_CURVE('',#9936,#9454,#7884,.T.);
#11944=ADVANCED_FACE('',(#11943),#11936,.T.);
#11951=EDGE_CURVE('',#9934,#9452,#7891,.T.);
#11957=ADVANCED_FACE('',(#11956),#11949,.T.);
#11964=EDGE_CURVE('',#9932,#9450,#7898,.T.);
#11970=ADVANCED_FACE('',(#11969),#11962,.T.);
#11977=EDGE_CURVE('',#9930,#9448,#7905,.T.);
#11983=ADVANCED_FACE('',(#11982),#11975,.T.);
#11990=EDGE_CURVE('',#9928,#9446,#7912,.T.);
#11996=ADVANCED_FACE('',(#11995),#11988,.T.);
#12003=EDGE_CURVE('',#9926,#9444,#7919,.T.);
#12009=ADVANCED_FACE('',(#12008),#12001,.T.);
#12016=EDGE_CURVE('',#9924,#9442,#7926,.T.);
#12022=ADVANCED_FACE('',(#12021),#12014,.T.);
#12029=EDGE_CURVE('',#9922,#9440,#7933,.T.);
#12035=ADVANCED_FACE('',(#12034),#12027,.T.);
#12042=EDGE_CURVE('',#9920,#9438,#7940,.T.);
#12048=ADVANCED_FACE('',(#12047),#12040,.T.);
#12055=EDGE_CURVE('',#9918,#9436,#7947,.T.);
#12061=ADVANCED_FACE('',(#12060),#12053,.T.);
#12068=EDGE_CURVE('',#9916,#9434,#7954,.T.);
#12074=ADVANCED_FACE('',(#12073),#12066,.T.);
#12081=EDGE_CURVE('',#9914,#9432,#7961,.T.);
#12087=ADVANCED_FACE('',(#12086),#12079,.T.);
#12094=EDGE_CURVE('',#9912,#9430,#7968,.T.);
#12100=ADVANCED_FACE('',(#12099),#12092,.T.);
#12107=EDGE_CURVE('',#9910,#9428,#7975,.T.);
#12113=ADVANCED_FACE('',(#12112),#12105,.T.);
#12120=EDGE_CURVE('',#9908,#9426,#7982,.T.);
#12126=ADVANCED_FACE('',(#12125),#12118,.T.);
#12133=EDGE_CURVE('',#9906,#9424,#7989,.T.);
#12139=ADVANCED_FACE('',(#12138),#12131,.T.);
#12146=EDGE_CURVE('',#9904,#9422,#7996,.T.);
#12152=ADVANCED_FACE('',(#12151),#12144,.T.);
#12159=EDGE_CURVE('',#9902,#9420,#8003,.T.);
#12165=ADVANCED_FACE('',(#12164),#12157,.T.);
#12172=EDGE_CURVE('',#9900,#9418,#8010,.T.);
#12178=ADVANCED_FACE('',(#12177),#12170,.T.);
#12185=EDGE_CURVE('',#9898,#9416,#8017,.T.);
#12191=ADVANCED_FACE('',(#12190),#12183,.T.);
#12198=EDGE_CURVE('',#9896,#9414,#8024,.T.);
#12204=ADVANCED_FACE('',(#12203),#12196,.T.);
#12211=EDGE_CURVE('',#9894,#9412,#8031,.T.);
#12217=ADVANCED_FACE('',(#12216),#12209,.T.);
#12224=EDGE_CURVE('',#9892,#9410,#8038,.T.);
#12230=ADVANCED_FACE('',(#12229),#12222,.T.);
#12237=EDGE_CURVE('',#9890,#9408,#8045,.T.);
#12243=ADVANCED_FACE('',(#12242),#12235,.T.);
#12250=EDGE_CURVE('',#9888,#9406,#8052,.T.);
#12256=ADVANCED_FACE('',(#12255),#12248,.T.);
#12263=EDGE_CURVE('',#9886,#9404,#8059,.T.);
#12269=ADVANCED_FACE('',(#12268),#12261,.T.);
#12276=EDGE_CURVE('',#9884,#9402,#8066,.T.);
#12282=ADVANCED_FACE('',(#12281),#12274,.T.);
#12289=EDGE_CURVE('',#9882,#9400,#8073,.T.);
#12295=ADVANCED_FACE('',(#12294),#12287,.T.);
#12302=EDGE_CURVE('',#9880,#9398,#8080,.T.);
#12308=ADVANCED_FACE('',(#12307),#12300,.T.);
#12315=EDGE_CURVE('',#9878,#9396,#8087,.T.);
#12321=ADVANCED_FACE('',(#12320),#12313,.T.);
#12328=EDGE_CURVE('',#9876,#9394,#8094,.T.);
#12334=ADVANCED_FACE('',(#12333),#12326,.T.);
#12346=ADVANCED_FACE('',(#12345),#12339,.T.);
#12353=EDGE_CURVE('',#9981,#9499,#8108,.T.);
#12356=EDGE_CURVE('',#9982,#9500,#8199,.T.);
#12360=ADVANCED_FACE('',(#12359),#12351,.T.);
#12367=EDGE_CURVE('',#10006,#9524,#8115,.T.);
#12373=ADVANCED_FACE('',(#12372),#12365,.T.);
#12380=EDGE_CURVE('',#10004,#9522,#8122,.T.);
#12386=ADVANCED_FACE('',(#12385),#12378,.T.);
#12393=EDGE_CURVE('',#10002,#9520,#8129,.T.);
#12399=ADVANCED_FACE('',(#12398),#12391,.T.);
#12406=EDGE_CURVE('',#10000,#9518,#8136,.T.);
#12412=ADVANCED_FACE('',(#12411),#12404,.T.);
#12419=EDGE_CURVE('',#9998,#9516,#8143,.T.);
#12425=ADVANCED_FACE('',(#12424),#12417,.T.);
#12432=EDGE_CURVE('',#9996,#9514,#8150,.T.);
#12438=ADVANCED_FACE('',(#12437),#12430,.T.);
#12445=EDGE_CURVE('',#9994,#9512,#8157,.T.);
#12451=ADVANCED_FACE('',(#12450),#12443,.T.);
#12458=EDGE_CURVE('',#9992,#9510,#8164,.T.);
#12464=ADVANCED_FACE('',(#12463),#12456,.T.);
#12471=EDGE_CURVE('',#9990,#9508,#8171,.T.);
#12477=ADVANCED_FACE('',(#12476),#12469,.T.);
#12484=EDGE_CURVE('',#9988,#9506,#8178,.T.);
#12490=ADVANCED_FACE('',(#12489),#12482,.T.);
#12497=EDGE_CURVE('',#9986,#9504,#8185,.T.);
#12503=ADVANCED_FACE('',(#12502),#12495,.T.);
#12510=EDGE_CURVE('',#9984,#9502,#8192,.T.);
#12516=ADVANCED_FACE('',(#12515),#12508,.T.);
#12528=ADVANCED_FACE('',(#12527),#12521,.T.);
#12535=EDGE_CURVE('',#10009,#9527,#8206,.T.);
#12538=EDGE_CURVE('',#10010,#9528,#8269,.T.);
#12542=ADVANCED_FACE('',(#12541),#12533,.T.);
#12549=EDGE_CURVE('',#10026,#9544,#8213,.T.);
#12555=ADVANCED_FACE('',(#12554),#12547,.T.);
#12562=EDGE_CURVE('',#10024,#9542,#8220,.T.);
#12568=ADVANCED_FACE('',(#12567),#12560,.T.);
#12575=EDGE_CURVE('',#10022,#9540,#8227,.T.);
#12581=ADVANCED_FACE('',(#12580),#12573,.T.);
#12588=EDGE_CURVE('',#10020,#9538,#8234,.T.);
#12594=ADVANCED_FACE('',(#12593),#12586,.T.);
#12601=EDGE_CURVE('',#10018,#9536,#8241,.T.);
#12607=ADVANCED_FACE('',(#12606),#12599,.T.);
#12614=EDGE_CURVE('',#10016,#9534,#8248,.T.);
#12620=ADVANCED_FACE('',(#12619),#12612,.T.);
#12627=EDGE_CURVE('',#10014,#9532,#8255,.T.);
#12633=ADVANCED_FACE('',(#12632),#12625,.T.);
#12640=EDGE_CURVE('',#10012,#9530,#8262,.T.);
#12646=ADVANCED_FACE('',(#12645),#12638,.T.);
#12658=ADVANCED_FACE('',(#12657),#12651,.T.);
#12665=EDGE_CURVE('',#10029,#9547,#8276,.T.);
#12668=EDGE_CURVE('',#10030,#9548,#8353,.T.);
#12672=ADVANCED_FACE('',(#12671),#12663,.T.);
#12679=EDGE_CURVE('',#10050,#9568,#8283,.T.);
#12685=ADVANCED_FACE('',(#12684),#12677,.T.);
#12692=EDGE_CURVE('',#10048,#9566,#8290,.T.);
#12698=ADVANCED_FACE('',(#12697),#12690,.T.);
#12705=EDGE_CURVE('',#10046,#9564,#8297,.T.);
#12711=ADVANCED_FACE('',(#12710),#12703,.T.);
#12718=EDGE_CURVE('',#10044,#9562,#8304,.T.);
#12724=ADVANCED_FACE('',(#12723),#12716,.T.);
#12731=EDGE_CURVE('',#10042,#9560,#8311,.T.);
#12737=ADVANCED_FACE('',(#12736),#12729,.T.);
#12744=EDGE_CURVE('',#10040,#9558,#8318,.T.);
#12750=ADVANCED_FACE('',(#12749),#12742,.T.);
#12757=EDGE_CURVE('',#10038,#9556,#8325,.T.);
#12763=ADVANCED_FACE('',(#12762),#12755,.T.);
#12770=EDGE_CURVE('',#10036,#9554,#8332,.T.);
#12776=ADVANCED_FACE('',(#12775),#12768,.T.);
#12783=EDGE_CURVE('',#10034,#9552,#8339,.T.);
#12789=ADVANCED_FACE('',(#12788),#12781,.T.);
#12796=EDGE_CURVE('',#10032,#9550,#8346,.T.);
#12802=ADVANCED_FACE('',(#12801),#12794,.T.);
#12814=ADVANCED_FACE('',(#12813),#12807,.T.);
#12821=EDGE_CURVE('',#10053,#9571,#8360,.T.);
#12824=EDGE_CURVE('',#10054,#9572,#8549,.T.);
#12828=ADVANCED_FACE('',(#12827),#12819,.T.);
#12835=EDGE_CURVE('',#10106,#9624,#8367,.T.);
#12841=ADVANCED_FACE('',(#12840),#12833,.T.);
#12848=EDGE_CURVE('',#10104,#9622,#8374,.T.);
#12854=ADVANCED_FACE('',(#12853),#12846,.T.);
#12861=EDGE_CURVE('',#10102,#9620,#8381,.T.);
#12867=ADVANCED_FACE('',(#12866),#12859,.T.);
#12874=EDGE_CURVE('',#10100,#9618,#8388,.T.);
#12880=ADVANCED_FACE('',(#12879),#12872,.T.);
#12887=EDGE_CURVE('',#10098,#9616,#8395,.T.);
#12893=ADVANCED_FACE('',(#12892),#12885,.T.);
#12900=EDGE_CURVE('',#10096,#9614,#8402,.T.);
#12906=ADVANCED_FACE('',(#12905),#12898,.T.);
#12913=EDGE_CURVE('',#10094,#9612,#8409,.T.);
#12919=ADVANCED_FACE('',(#12918),#12911,.T.);
#12926=EDGE_CURVE('',#10092,#9610,#8416,.T.);
#12932=ADVANCED_FACE('',(#12931),#12924,.T.);
#12939=EDGE_CURVE('',#10090,#9608,#8423,.T.);
#12945=ADVANCED_FACE('',(#12944),#12937,.T.);
#12952=EDGE_CURVE('',#10088,#9606,#8430,.T.);
#12958=ADVANCED_FACE('',(#12957),#12950,.T.);
#12965=EDGE_CURVE('',#10086,#9604,#8437,.T.);
#12971=ADVANCED_FACE('',(#12970),#12963,.T.);
#12978=EDGE_CURVE('',#10084,#9602,#8444,.T.);
#12984=ADVANCED_FACE('',(#12983),#12976,.T.);
#12991=EDGE_CURVE('',#10082,#9600,#8451,.T.);
#12997=ADVANCED_FACE('',(#12996),#12989,.T.);
#13004=EDGE_CURVE('',#10080,#9598,#8458,.T.);
#13010=ADVANCED_FACE('',(#13009),#13002,.T.);
#13017=EDGE_CURVE('',#10078,#9596,#8465,.T.);
#13023=ADVANCED_FACE('',(#13022),#13015,.T.);
#13030=EDGE_CURVE('',#10076,#9594,#8472,.T.);
#13036=ADVANCED_FACE('',(#13035),#13028,.T.);
#13043=EDGE_CURVE('',#10074,#9592,#8479,.T.);
#13049=ADVANCED_FACE('',(#13048),#13041,.T.);
#13056=EDGE_CURVE('',#10072,#9590,#8486,.T.);
#13062=ADVANCED_FACE('',(#13061),#13054,.T.);
#13069=EDGE_CURVE('',#10070,#9588,#8493,.T.);
#13075=ADVANCED_FACE('',(#13074),#13067,.T.);
#13082=EDGE_CURVE('',#10068,#9586,#8500,.T.);
#13088=ADVANCED_FACE('',(#13087),#13080,.T.);
#13095=EDGE_CURVE('',#10066,#9584,#8507,.T.);
#13101=ADVANCED_FACE('',(#13100),#13093,.T.);
#13108=EDGE_CURVE('',#10064,#9582,#8514,.T.);
#13114=ADVANCED_FACE('',(#13113),#13106,.T.);
#13121=EDGE_CURVE('',#10062,#9580,#8521,.T.);
#13127=ADVANCED_FACE('',(#13126),#13119,.T.);
#13134=EDGE_CURVE('',#10060,#9578,#8528,.T.);
#13140=ADVANCED_FACE('',(#13139),#13132,.T.);
#13147=EDGE_CURVE('',#10058,#9576,#8535,.T.);
#13153=ADVANCED_FACE('',(#13152),#13145,.T.);
#13160=EDGE_CURVE('',#10056,#9574,#8542,.T.);
#13166=ADVANCED_FACE('',(#13165),#13158,.T.);
#13178=ADVANCED_FACE('',(#13177),#13171,.T.);
#13185=EDGE_CURVE('',#10109,#9627,#8556,.T.);
#13188=EDGE_CURVE('',#10110,#9628,#8731,.T.);
#13192=ADVANCED_FACE('',(#13191),#13183,.T.);
#13199=EDGE_CURVE('',#10158,#9676,#8563,.T.);
#13205=ADVANCED_FACE('',(#13204),#13197,.T.);
#13212=EDGE_CURVE('',#10156,#9674,#8570,.T.);
#13218=ADVANCED_FACE('',(#13217),#13210,.T.);
#13225=EDGE_CURVE('',#10154,#9672,#8577,.T.);
#13231=ADVANCED_FACE('',(#13230),#13223,.T.);
#13238=EDGE_CURVE('',#10152,#9670,#8584,.T.);
#13244=ADVANCED_FACE('',(#13243),#13236,.T.);
#13251=EDGE_CURVE('',#10150,#9668,#8591,.T.);
#13257=ADVANCED_FACE('',(#13256),#13249,.T.);
#13264=EDGE_CURVE('',#10148,#9666,#8598,.T.);
#13270=ADVANCED_FACE('',(#13269),#13262,.T.);
#13277=EDGE_CURVE('',#10146,#9664,#8605,.T.);
#13283=ADVANCED_FACE('',(#13282),#13275,.T.);
#13290=EDGE_CURVE('',#10144,#9662,#8612,.T.);
#13296=ADVANCED_FACE('',(#13295),#13288,.T.);
#13303=EDGE_CURVE('',#10142,#9660,#8619,.T.);
#13309=ADVANCED_FACE('',(#13308),#13301,.T.);
#13316=EDGE_CURVE('',#10140,#9658,#8626,.T.);
#13322=ADVANCED_FACE('',(#13321),#13314,.T.);
#13329=EDGE_CURVE('',#10138,#9656,#8633,.T.);
#13335=ADVANCED_FACE('',(#13334),#13327,.T.);
#13342=EDGE_CURVE('',#10136,#9654,#8640,.T.);
#13348=ADVANCED_FACE('',(#13347),#13340,.T.);
#13355=EDGE_CURVE('',#10134,#9652,#8647,.T.);
#13361=ADVANCED_FACE('',(#13360),#13353,.T.);
#13368=EDGE_CURVE('',#10132,#9650,#8654,.T.);
#13374=ADVANCED_FACE('',(#13373),#13366,.T.);
#13381=EDGE_CURVE('',#10130,#9648,#8661,.T.);
#13387=ADVANCED_FACE('',(#13386),#13379,.T.);
#13394=EDGE_CURVE('',#10128,#9646,#8668,.T.);
#13400=ADVANCED_FACE('',(#13399),#13392,.T.);
#13407=EDGE_CURVE('',#10126,#9644,#8675,.T.);
#13413=ADVANCED_FACE('',(#13412),#13405,.T.);
#13420=EDGE_CURVE('',#10124,#9642,#8682,.T.);
#13426=ADVANCED_FACE('',(#13425),#13418,.T.);
#13433=EDGE_CURVE('',#10122,#9640,#8689,.T.);
#13439=ADVANCED_FACE('',(#13438),#13431,.T.);
#13446=EDGE_CURVE('',#10120,#9638,#8696,.T.);
#13452=ADVANCED_FACE('',(#13451),#13444,.T.);
#13459=EDGE_CURVE('',#10118,#9636,#8703,.T.);
#13465=ADVANCED_FACE('',(#13464),#13457,.T.);
#13472=EDGE_CURVE('',#10116,#9634,#8710,.T.);
#13478=ADVANCED_FACE('',(#13477),#13470,.T.);
#13485=EDGE_CURVE('',#10114,#9632,#8717,.T.);
#13491=ADVANCED_FACE('',(#13490),#13483,.T.);
#13498=EDGE_CURVE('',#10112,#9630,#8724,.T.);
#13504=ADVANCED_FACE('',(#13503),#13496,.T.);
#13516=ADVANCED_FACE('',(#13515),#13509,.T.);
#13523=EDGE_CURVE('',#10161,#9679,#8738,.T.);
#13526=EDGE_CURVE('',#10162,#9680,#8857,.T.);
#13530=ADVANCED_FACE('',(#13529),#13521,.T.);
#13537=EDGE_CURVE('',#10194,#9712,#8745,.T.);
#13543=ADVANCED_FACE('',(#13542),#13535,.T.);
#13550=EDGE_CURVE('',#10192,#9710,#8752,.T.);
#13556=ADVANCED_FACE('',(#13555),#13548,.T.);
#13563=EDGE_CURVE('',#10190,#9708,#8759,.T.);
#13569=ADVANCED_FACE('',(#13568),#13561,.T.);
#13576=EDGE_CURVE('',#10188,#9706,#8766,.T.);
#13582=ADVANCED_FACE('',(#13581),#13574,.T.);
#13589=EDGE_CURVE('',#10186,#9704,#8773,.T.);
#13595=ADVANCED_FACE('',(#13594),#13587,.T.);
#13602=EDGE_CURVE('',#10184,#9702,#8780,.T.);
#13608=ADVANCED_FACE('',(#13607),#13600,.T.);
#13615=EDGE_CURVE('',#10182,#9700,#8787,.T.);
#13621=ADVANCED_FACE('',(#13620),#13613,.T.);
#13628=EDGE_CURVE('',#10180,#9698,#8794,.T.);
#13634=ADVANCED_FACE('',(#13633),#13626,.T.);
#13641=EDGE_CURVE('',#10178,#9696,#8801,.T.);
#13647=ADVANCED_FACE('',(#13646),#13639,.T.);
#13654=EDGE_CURVE('',#10176,#9694,#8808,.T.);
#13660=ADVANCED_FACE('',(#13659),#13652,.T.);
#13667=EDGE_CURVE('',#10174,#9692,#8815,.T.);
#13673=ADVANCED_FACE('',(#13672),#13665,.T.);
#13680=EDGE_CURVE('',#10172,#9690,#8822,.T.);
#13686=ADVANCED_FACE('',(#13685),#13678,.T.);
#13693=EDGE_CURVE('',#10170,#9688,#8829,.T.);
#13699=ADVANCED_FACE('',(#13698),#13691,.T.);
#13706=EDGE_CURVE('',#10168,#9686,#8836,.T.);
#13712=ADVANCED_FACE('',(#13711),#13704,.T.);
#13719=EDGE_CURVE('',#10166,#9684,#8843,.T.);
#13725=ADVANCED_FACE('',(#13724),#13717,.T.);
#13732=EDGE_CURVE('',#10164,#9682,#8850,.T.);
#13738=ADVANCED_FACE('',(#13737),#13730,.T.);
#13750=ADVANCED_FACE('',(#13749),#13743,.T.);
#13757=EDGE_CURVE('',#10197,#9715,#8864,.T.);
#13760=EDGE_CURVE('',#10198,#9716,#9053,.T.);
#13764=ADVANCED_FACE('',(#13763),#13755,.T.);
#13771=EDGE_CURVE('',#10250,#9768,#8871,.T.);
#13777=ADVANCED_FACE('',(#13776),#13769,.T.);
#13784=EDGE_CURVE('',#10248,#9766,#8878,.T.);
#13790=ADVANCED_FACE('',(#13789),#13782,.T.);
#13797=EDGE_CURVE('',#10246,#9764,#8885,.T.);
#13803=ADVANCED_FACE('',(#13802),#13795,.T.);
#13810=EDGE_CURVE('',#10244,#9762,#8892,.T.);
#13816=ADVANCED_FACE('',(#13815),#13808,.T.);
#13823=EDGE_CURVE('',#10242,#9760,#8899,.T.);
#13829=ADVANCED_FACE('',(#13828),#13821,.T.);
#13836=EDGE_CURVE('',#10240,#9758,#8906,.T.);
#13842=ADVANCED_FACE('',(#13841),#13834,.T.);
#13849=EDGE_CURVE('',#10238,#9756,#8913,.T.);
#13855=ADVANCED_FACE('',(#13854),#13847,.T.);
#13862=EDGE_CURVE('',#10236,#9754,#8920,.T.);
#13868=ADVANCED_FACE('',(#13867),#13860,.T.);
#13875=EDGE_CURVE('',#10234,#9752,#8927,.T.);
#13881=ADVANCED_FACE('',(#13880),#13873,.T.);
#13888=EDGE_CURVE('',#10232,#9750,#8934,.T.);
#13894=ADVANCED_FACE('',(#13893),#13886,.T.);
#13901=EDGE_CURVE('',#10230,#9748,#8941,.T.);
#13907=ADVANCED_FACE('',(#13906),#13899,.T.);
#13914=EDGE_CURVE('',#10228,#9746,#8948,.T.);
#13920=ADVANCED_FACE('',(#13919),#13912,.T.);
#13927=EDGE_CURVE('',#10226,#9744,#8955,.T.);
#13933=ADVANCED_FACE('',(#13932),#13925,.T.);
#13940=EDGE_CURVE('',#10224,#9742,#8962,.T.);
#13946=ADVANCED_FACE('',(#13945),#13938,.T.);
#13953=EDGE_CURVE('',#10222,#9740,#8969,.T.);
#13959=ADVANCED_FACE('',(#13958),#13951,.T.);
#13966=EDGE_CURVE('',#10220,#9738,#8976,.T.);
#13972=ADVANCED_FACE('',(#13971),#13964,.T.);
#13979=EDGE_CURVE('',#10218,#9736,#8983,.T.);
#13985=ADVANCED_FACE('',(#13984),#13977,.T.);
#13992=EDGE_CURVE('',#10216,#9734,#8990,.T.);
#13998=ADVANCED_FACE('',(#13997),#13990,.T.);
#14005=EDGE_CURVE('',#10214,#9732,#8997,.T.);
#14011=ADVANCED_FACE('',(#14010),#14003,.T.);
#14018=EDGE_CURVE('',#10212,#9730,#9004,.T.);
#14024=ADVANCED_FACE('',(#14023),#14016,.T.);
#14031=EDGE_CURVE('',#10210,#9728,#9011,.T.);
#14037=ADVANCED_FACE('',(#14036),#14029,.T.);
#14044=EDGE_CURVE('',#10208,#9726,#9018,.T.);
#14050=ADVANCED_FACE('',(#14049),#14042,.T.);
#14057=EDGE_CURVE('',#10206,#9724,#9025,.T.);
#14063=ADVANCED_FACE('',(#14062),#14055,.T.);
#14070=EDGE_CURVE('',#10204,#9722,#9032,.T.);
#14076=ADVANCED_FACE('',(#14075),#14068,.T.);
#14083=EDGE_CURVE('',#10202,#9720,#9039,.T.);
#14089=ADVANCED_FACE('',(#14088),#14081,.T.);
#14096=EDGE_CURVE('',#10200,#9718,#9046,.T.);
#14102=ADVANCED_FACE('',(#14101),#14094,.T.);
#14114=ADVANCED_FACE('',(#14113),#14107,.T.);
#14121=EDGE_CURVE('',#10253,#9771,#9060,.T.);
#14124=EDGE_CURVE('',#10254,#9772,#9333,.T.);
#14128=ADVANCED_FACE('',(#14127),#14119,.T.);
#14135=EDGE_CURVE('',#10330,#9848,#9067,.T.);
#14141=ADVANCED_FACE('',(#14140),#14133,.T.);
#14148=EDGE_CURVE('',#10328,#9846,#9074,.T.);
#14154=ADVANCED_FACE('',(#14153),#14146,.T.);
#14161=EDGE_CURVE('',#10326,#9844,#9081,.T.);
#14167=ADVANCED_FACE('',(#14166),#14159,.T.);
#14174=EDGE_CURVE('',#10324,#9842,#9088,.T.);
#14180=ADVANCED_FACE('',(#14179),#14172,.T.);
#14187=EDGE_CURVE('',#10322,#9840,#9095,.T.);
#14193=ADVANCED_FACE('',(#14192),#14185,.T.);
#14200=EDGE_CURVE('',#10320,#9838,#9102,.T.);
#14206=ADVANCED_FACE('',(#14205),#14198,.T.);
#14213=EDGE_CURVE('',#10318,#9836,#9109,.T.);
#14219=ADVANCED_FACE('',(#14218),#14211,.T.);
#14226=EDGE_CURVE('',#10316,#9834,#9116,.T.);
#14232=ADVANCED_FACE('',(#14231),#14224,.T.);
#14239=EDGE_CURVE('',#10314,#9832,#9123,.T.);
#14245=ADVANCED_FACE('',(#14244),#14237,.T.);
#14252=EDGE_CURVE('',#10312,#9830,#9130,.T.);
#14258=ADVANCED_FACE('',(#14257),#14250,.T.);
#14265=EDGE_CURVE('',#10310,#9828,#9137,.T.);
#14271=ADVANCED_FACE('',(#14270),#14263,.T.);
#14278=EDGE_CURVE('',#10308,#9826,#9144,.T.);
#14284=ADVANCED_FACE('',(#14283),#14276,.T.);
#14291=EDGE_CURVE('',#10306,#9824,#9151,.T.);
#14297=ADVANCED_FACE('',(#14296),#14289,.T.);
#14304=EDGE_CURVE('',#10304,#9822,#9158,.T.);
#14310=ADVANCED_FACE('',(#14309),#14302,.T.);
#14317=EDGE_CURVE('',#10302,#9820,#9165,.T.);
#14323=ADVANCED_FACE('',(#14322),#14315,.T.);
#14330=EDGE_CURVE('',#10300,#9818,#9172,.T.);
#14336=ADVANCED_FACE('',(#14335),#14328,.T.);
#14343=EDGE_CURVE('',#10298,#9816,#9179,.T.);
#14349=ADVANCED_FACE('',(#14348),#14341,.T.);
#14356=EDGE_CURVE('',#10296,#9814,#9186,.T.);
#14362=ADVANCED_FACE('',(#14361),#14354,.T.);
#14369=EDGE_CURVE('',#10294,#9812,#9193,.T.);
#14375=ADVANCED_FACE('',(#14374),#14367,.T.);
#14382=EDGE_CURVE('',#10292,#9810,#9200,.T.);
#14388=ADVANCED_FACE('',(#14387),#14380,.T.);
#14395=EDGE_CURVE('',#10290,#9808,#9207,.T.);
#14401=ADVANCED_FACE('',(#14400),#14393,.T.);
#14408=EDGE_CURVE('',#10288,#9806,#9214,.T.);
#14414=ADVANCED_FACE('',(#14413),#14406,.T.);
#14421=EDGE_CURVE('',#10286,#9804,#9221,.T.);
#14427=ADVANCED_FACE('',(#14426),#14419,.T.);
#14434=EDGE_CURVE('',#10284,#9802,#9228,.T.);
#14440=ADVANCED_FACE('',(#14439),#14432,.T.);
#14447=EDGE_CURVE('',#10282,#9800,#9235,.T.);
#14453=ADVANCED_FACE('',(#14452),#14445,.T.);
#14460=EDGE_CURVE('',#10280,#9798,#9242,.T.);
#14466=ADVANCED_FACE('',(#14465),#14458,.T.);
#14473=EDGE_CURVE('',#10278,#9796,#9249,.T.);
#14479=ADVANCED_FACE('',(#14478),#14471,.T.);
#14486=EDGE_CURVE('',#10276,#9794,#9256,.T.);
#14492=ADVANCED_FACE('',(#14491),#14484,.T.);
#14499=EDGE_CURVE('',#10274,#9792,#9263,.T.);
#14505=ADVANCED_FACE('',(#14504),#14497,.T.);
#14512=EDGE_CURVE('',#10272,#9790,#9270,.T.);
#14518=ADVANCED_FACE('',(#14517),#14510,.T.);
#14525=EDGE_CURVE('',#10270,#9788,#9277,.T.);
#14531=ADVANCED_FACE('',(#14530),#14523,.T.);
#14538=EDGE_CURVE('',#10268,#9786,#9284,.T.);
#14544=ADVANCED_FACE('',(#14543),#14536,.T.);
#14551=EDGE_CURVE('',#10266,#9784,#9291,.T.);
#14557=ADVANCED_FACE('',(#14556),#14549,.T.);
#14564=EDGE_CURVE('',#10264,#9782,#9298,.T.);
#14570=ADVANCED_FACE('',(#14569),#14562,.T.);
#14577=EDGE_CURVE('',#10262,#9780,#9305,.T.);
#14583=ADVANCED_FACE('',(#14582),#14575,.T.);
#14590=EDGE_CURVE('',#10260,#9778,#9312,.T.);
#14596=ADVANCED_FACE('',(#14595),#14588,.T.);
#14603=EDGE_CURVE('',#10258,#9776,#9319,.T.);
#14609=ADVANCED_FACE('',(#14608),#14601,.T.);
#14616=EDGE_CURVE('',#10256,#9774,#9326,.T.);
#14622=ADVANCED_FACE('',(#14621),#14614,.T.);
#14634=ADVANCED_FACE('',(#14633),#14627,.T.);
#14642=EDGE_CURVE('',#10337,#10338,#9348,.T.);
#14647=ADVANCED_FACE('',(#14646),#14639,.T.);
#14659=ADVANCED_FACE('',(#14658),#14652,.T.);
#14660=CLOSED_SHELL('',(#10358,#10373,#10386,#10401,#10416,#10430,#10458,#10502,
#10949,#10964,#10978,#10992,#11006,#11020,#11034,#11048,#11061,#11085,#11201,
#11259,#11291,#11355,#11453,#11517,#11605,#11619,#11632,#11644,#11658,#11671,
#11684,#11697,#11710,#11723,#11736,#11749,#11762,#11775,#11788,#11801,#11814,
#11827,#11840,#11853,#11866,#11879,#11892,#11905,#11918,#11931,#11944,#11957,
#11970,#11983,#11996,#12009,#12022,#12035,#12048,#12061,#12074,#12087,#12100,
#12113,#12126,#12139,#12152,#12165,#12178,#12191,#12204,#12217,#12230,#12243,
#12256,#12269,#12282,#12295,#12308,#12321,#12334,#12346,#12360,#12373,#12386,
#12399,#12412,#12425,#12438,#12451,#12464,#12477,#12490,#12503,#12516,#12528,
#12542,#12555,#12568,#12581,#12594,#12607,#12620,#12633,#12646,#12658,#12672,
#12685,#12698,#12711,#12724,#12737,#12750,#12763,#12776,#12789,#12802,#12814,
#12828,#12841,#12854,#12867,#12880,#12893,#12906,#12919,#12932,#12945,#12958,
#12971,#12984,#12997,#13010,#13023,#13036,#13049,#13062,#13075,#13088,#13101,
#13114,#13127,#13140,#13153,#13166,#13178,#13192,#13205,#13218,#13231,#13244,
#13257,#13270,#13283,#13296,#13309,#13322,#13335,#13348,#13361,#13374,#13387,
#13400,#13413,#13426,#13439,#13452,#13465,#13478,#13491,#13504,#13516,#13530,
#13543,#13556,#13569,#13582,#13595,#13608,#13621,#13634,#13647,#13660,#13673,
#13686,#13699,#13712,#13725,#13738,#13750,#13764,#13777,#13790,#13803,#13816,
#13829,#13842,#13855,#13868,#13881,#13894,#13907,#13920,#13933,#13946,#13959,
#13972,#13985,#13998,#14011,#14024,#14037,#14050,#14063,#14076,#14089,#14102,
#14114,#14128,#14141,#14154,#14167,#14180,#14193,#14206,#14219,#14232,#14245,
#14258,#14271,#14284,#14297,#14310,#14323,#14336,#14349,#14362,#14375,#14388,
#14401,#14414,#14427,#14440,#14453,#14466,#14479,#14492,#14505,#14518,#14531,
#14544,#14557,#14570,#14583,#14596,#14609,#14622,#14634,#14647,#14659));
#14661=MANIFOLD_SOLID_BREP('',#14660);
#14694=CIRCLE('',#14693,1.27E1);
#14695=TRIMMED_CURVE('',#14694,(PARAMETER_VALUE(0.E0)),(PARAMETER_VALUE(1.8E2)),
.T.,.UNSPECIFIED.);
#14699=COMPOSITE_CURVE_SEGMENT(.CONTINUOUS.,.T.,#14695);
#14704=CIRCLE('',#14703,1.27E1);
#14705=TRIMMED_CURVE('',#14704,(PARAMETER_VALUE(0.E0)),(PARAMETER_VALUE(1.8E2)),
.T.,.UNSPECIFIED.);
#14709=COMPOSITE_CURVE_SEGMENT(.CONTINUOUS.,.T.,#14705);
#14710=COMPOSITE_CURVE('',(#14699,#14709),.F.);
#14716=TRIMMED_CURVE('A_1',#14715,(PARAMETER_VALUE(0.E0)),(PARAMETER_VALUE
(1.E0)),.T.,.UNSPECIFIED.);
#14724=TRIMMED_CURVE('',#14723,(PARAMETER_VALUE(0.E0)),(PARAMETER_VALUE(1.E0)),
.T.,.UNSPECIFIED.);
#14728=COMPOSITE_CURVE_SEGMENT(.CONTINUOUS.,.T.,#14724);
#14733=TRIMMED_CURVE('',#14732,(PARAMETER_VALUE(0.E0)),(PARAMETER_VALUE(1.E0)),
.T.,.UNSPECIFIED.);
#14737=COMPOSITE_CURVE_SEGMENT(.CONTINUOUS.,.T.,#14733);
#14742=TRIMMED_CURVE('',#14741,(PARAMETER_VALUE(0.E0)),(PARAMETER_VALUE(1.E0)),
.T.,.UNSPECIFIED.);
#14746=COMPOSITE_CURVE_SEGMENT(.CONTINUOUS.,.T.,#14742);
#14751=TRIMMED_CURVE('',#14750,(PARAMETER_VALUE(0.E0)),(PARAMETER_VALUE(1.E0)),
.T.,.UNSPECIFIED.);
#14755=COMPOSITE_CURVE_SEGMENT(.CONTINUOUS.,.T.,#14751);
#14760=TRIMMED_CURVE('',#14759,(PARAMETER_VALUE(0.E0)),(PARAMETER_VALUE(1.E0)),
.T.,.UNSPECIFIED.);
#14764=COMPOSITE_CURVE_SEGMENT(.CONTINUOUS.,.T.,#14760);
#14769=TRIMMED_CURVE('',#14768,(PARAMETER_VALUE(0.E0)),(PARAMETER_VALUE(1.E0)),
.T.,.UNSPECIFIED.);
#14773=COMPOSITE_CURVE_SEGMENT(.CONTINUOUS.,.T.,#14769);
#14778=TRIMMED_CURVE('',#14777,(PARAMETER_VALUE(0.E0)),(PARAMETER_VALUE(1.E0)),
.T.,.UNSPECIFIED.);
#14782=COMPOSITE_CURVE_SEGMENT(.CONTINUOUS.,.T.,#14778);
#14787=TRIMMED_CURVE('',#14786,(PARAMETER_VALUE(0.E0)),(PARAMETER_VALUE(1.E0)),
.T.,.UNSPECIFIED.);
#14791=COMPOSITE_CURVE_SEGMENT(.CONTINUOUS.,.T.,#14787);
#14792=COMPOSITE_CURVE('',(#14728,#14737,#14746,#14755,#14764,#14773,#14782,
#14791),.F.);
#14797=TRIMMED_CURVE('',#14796,(PARAMETER_VALUE(0.E0)),(PARAMETER_VALUE(1.E0)),
.T.,.UNSPECIFIED.);
#14801=COMPOSITE_CURVE_SEGMENT(.CONTINUOUS.,.T.,#14797);
#14806=TRIMMED_CURVE('',#14805,(PARAMETER_VALUE(0.E0)),(PARAMETER_VALUE(1.E0)),
.T.,.UNSPECIFIED.);
#14810=COMPOSITE_CURVE_SEGMENT(.CONTINUOUS.,.T.,#14806);
#14815=TRIMMED_CURVE('',#14814,(PARAMETER_VALUE(0.E0)),(PARAMETER_VALUE(1.E0)),
.T.,.UNSPECIFIED.);
#14819=COMPOSITE_CURVE_SEGMENT(.CONTINUOUS.,.T.,#14815);
#14820=COMPOSITE_CURVE('',(#14801,#14810,#14819),.F.);
#14825=TRIMMED_CURVE('',#14824,(PARAMETER_VALUE(0.E0)),(PARAMETER_VALUE(1.E0)),
.T.,.UNSPECIFIED.);
#14829=COMPOSITE_CURVE_SEGMENT(.CONTINUOUS.,.T.,#14825);
#14834=TRIMMED_CURVE('',#14833,(PARAMETER_VALUE(0.E0)),(PARAMETER_VALUE(1.E0)),
.T.,.UNSPECIFIED.);
#14838=COMPOSITE_CURVE_SEGMENT(.CONTINUOUS.,.T.,#14834);
#14843=TRIMMED_CURVE('',#14842,(PARAMETER_VALUE(0.E0)),(PARAMETER_VALUE(1.E0)),
.T.,.UNSPECIFIED.);
#14847=COMPOSITE_CURVE_SEGMENT(.CONTINUOUS.,.T.,#14843);
#14852=TRIMMED_CURVE('',#14851,(PARAMETER_VALUE(0.E0)),(PARAMETER_VALUE(1.E0)),
.T.,.UNSPECIFIED.);
#14856=COMPOSITE_CURVE_SEGMENT(.CONTINUOUS.,.T.,#14852);
#14861=TRIMMED_CURVE('',#14860,(PARAMETER_VALUE(0.E0)),(PARAMETER_VALUE(1.E0)),
.T.,.UNSPECIFIED.);
#14865=COMPOSITE_CURVE_SEGMENT(.CONTINUOUS.,.T.,#14861);
#14870=TRIMMED_CURVE('',#14869,(PARAMETER_VALUE(0.E0)),(PARAMETER_VALUE(1.E0)),
.T.,.UNSPECIFIED.);
#14874=COMPOSITE_CURVE_SEGMENT(.CONTINUOUS.,.T.,#14870);
#14879=TRIMMED_CURVE('',#14878,(PARAMETER_VALUE(0.E0)),(PARAMETER_VALUE(1.E0)),
.T.,.UNSPECIFIED.);
#14883=COMPOSITE_CURVE_SEGMENT(.CONTINUOUS.,.T.,#14879);
#14888=TRIMMED_CURVE('',#14887,(PARAMETER_VALUE(0.E0)),(PARAMETER_VALUE(1.E0)),
.T.,.UNSPECIFIED.);
#14892=COMPOSITE_CURVE_SEGMENT(.CONTINUOUS.,.T.,#14888);
#14897=TRIMMED_CURVE('',#14896,(PARAMETER_VALUE(0.E0)),(PARAMETER_VALUE(1.E0)),
.T.,.UNSPECIFIED.);
#14901=COMPOSITE_CURVE_SEGMENT(.CONTINUOUS.,.T.,#14897);
#14906=TRIMMED_CURVE('',#14905,(PARAMETER_VALUE(0.E0)),(PARAMETER_VALUE(1.E0)),
.T.,.UNSPECIFIED.);
#14910=COMPOSITE_CURVE_SEGMENT(.CONTINUOUS.,.T.,#14906);
#14915=TRIMMED_CURVE('',#14914,(PARAMETER_VALUE(0.E0)),(PARAMETER_VALUE(1.E0)),
.T.,.UNSPECIFIED.);
#14919=COMPOSITE_CURVE_SEGMENT(.CONTINUOUS.,.T.,#14915);
#14924=TRIMMED_CURVE('',#14923,(PARAMETER_VALUE(0.E0)),(PARAMETER_VALUE(1.E0)),
.T.,.UNSPECIFIED.);
#14928=COMPOSITE_CURVE_SEGMENT(.CONTINUOUS.,.T.,#14924);
#14933=TRIMMED_CURVE('',#14932,(PARAMETER_VALUE(0.E0)),(PARAMETER_VALUE(1.E0)),
.T.,.UNSPECIFIED.);
#14937=COMPOSITE_CURVE_SEGMENT(.CONTINUOUS.,.T.,#14933);
#14942=TRIMMED_CURVE('',#14941,(PARAMETER_VALUE(0.E0)),(PARAMETER_VALUE(1.E0)),
.T.,.UNSPECIFIED.);
#14946=COMPOSITE_CURVE_SEGMENT(.CONTINUOUS.,.T.,#14942);
#14951=TRIMMED_CURVE('',#14950,(PARAMETER_VALUE(0.E0)),(PARAMETER_VALUE(1.E0)),
.T.,.UNSPECIFIED.);
#14955=COMPOSITE_CURVE_SEGMENT(.CONTINUOUS.,.T.,#14951);
#14960=TRIMMED_CURVE('',#14959,(PARAMETER_VALUE(0.E0)),(PARAMETER_VALUE(1.E0)),
.T.,.UNSPECIFIED.);
#14964=COMPOSITE_CURVE_SEGMENT(.CONTINUOUS.,.T.,#14960);
#14969=TRIMMED_CURVE('',#14968,(PARAMETER_VALUE(0.E0)),(PARAMETER_VALUE(1.E0)),
.T.,.UNSPECIFIED.);
#14973=COMPOSITE_CURVE_SEGMENT(.CONTINUOUS.,.T.,#14969);
#14978=TRIMMED_CURVE('',#14977,(PARAMETER_VALUE(0.E0)),(PARAMETER_VALUE(1.E0)),
.T.,.UNSPECIFIED.);
#14982=COMPOSITE_CURVE_SEGMENT(.CONTINUOUS.,.T.,#14978);
#14987=TRIMMED_CURVE('',#14986,(PARAMETER_VALUE(0.E0)),(PARAMETER_VALUE(1.E0)),
.T.,.UNSPECIFIED.);
#14991=COMPOSITE_CURVE_SEGMENT(.CONTINUOUS.,.T.,#14987);
#14996=TRIMMED_CURVE('',#14995,(PARAMETER_VALUE(0.E0)),(PARAMETER_VALUE(1.E0)),
.T.,.UNSPECIFIED.);
#15000=COMPOSITE_CURVE_SEGMENT(.CONTINUOUS.,.T.,#14996);
#15005=TRIMMED_CURVE('',#15004,(PARAMETER_VALUE(0.E0)),(PARAMETER_VALUE(1.E0)),
.T.,.UNSPECIFIED.);
#15009=COMPOSITE_CURVE_SEGMENT(.CONTINUOUS.,.T.,#15005);
#15014=TRIMMED_CURVE('',#15013,(PARAMETER_VALUE(0.E0)),(PARAMETER_VALUE(1.E0)),
.T.,.UNSPECIFIED.);
#15018=COMPOSITE_CURVE_SEGMENT(.CONTINUOUS.,.T.,#15014);
#15023=TRIMMED_CURVE('',#15022,(PARAMETER_VALUE(0.E0)),(PARAMETER_VALUE(1.E0)),
.T.,.UNSPECIFIED.);
#15027=COMPOSITE_CURVE_SEGMENT(.CONTINUOUS.,.T.,#15023);
#15032=TRIMMED_CURVE('',#15031,(PARAMETER_VALUE(0.E0)),(PARAMETER_VALUE(1.E0)),
.T.,.UNSPECIFIED.);
#15036=COMPOSITE_CURVE_SEGMENT(.CONTINUOUS.,.T.,#15032);
#15041=TRIMMED_CURVE('',#15040,(PARAMETER_VALUE(0.E0)),(PARAMETER_VALUE(1.E0)),
.T.,.UNSPECIFIED.);
#15045=COMPOSITE_CURVE_SEGMENT(.CONTINUOUS.,.T.,#15041);
#15050=TRIMMED_CURVE('',#15049,(PARAMETER_VALUE(0.E0)),(PARAMETER_VALUE(1.E0)),
.T.,.UNSPECIFIED.);
#15054=COMPOSITE_CURVE_SEGMENT(.CONTINUOUS.,.T.,#15050);
#15059=TRIMMED_CURVE('',#15058,(PARAMETER_VALUE(0.E0)),(PARAMETER_VALUE(1.E0)),
.T.,.UNSPECIFIED.);
#15063=COMPOSITE_CURVE_SEGMENT(.CONTINUOUS.,.T.,#15059);
#15068=TRIMMED_CURVE('',#15067,(PARAMETER_VALUE(0.E0)),(PARAMETER_VALUE(1.E0)),
.T.,.UNSPECIFIED.);
#15072=COMPOSITE_CURVE_SEGMENT(.CONTINUOUS.,.T.,#15068);
#15077=TRIMMED_CURVE('',#15076,(PARAMETER_VALUE(0.E0)),(PARAMETER_VALUE(1.E0)),
.T.,.UNSPECIFIED.);
#15081=COMPOSITE_CURVE_SEGMENT(.CONTINUOUS.,.T.,#15077);
#15086=TRIMMED_CURVE('',#15085,(PARAMETER_VALUE(0.E0)),(PARAMETER_VALUE(1.E0)),
.T.,.UNSPECIFIED.);
#15090=COMPOSITE_CURVE_SEGMENT(.CONTINUOUS.,.T.,#15086);
#15095=TRIMMED_CURVE('',#15094,(PARAMETER_VALUE(0.E0)),(PARAMETER_VALUE(1.E0)),
.T.,.UNSPECIFIED.);
#15099=COMPOSITE_CURVE_SEGMENT(.CONTINUOUS.,.T.,#15095);
#15104=TRIMMED_CURVE('',#15103,(PARAMETER_VALUE(0.E0)),(PARAMETER_VALUE(1.E0)),
.T.,.UNSPECIFIED.);
#15108=COMPOSITE_CURVE_SEGMENT(.CONTINUOUS.,.T.,#15104);
#15113=TRIMMED_CURVE('',#15112,(PARAMETER_VALUE(0.E0)),(PARAMETER_VALUE(1.E0)),
.T.,.UNSPECIFIED.);
#15117=COMPOSITE_CURVE_SEGMENT(.CONTINUOUS.,.T.,#15113);
#15122=TRIMMED_CURVE('',#15121,(PARAMETER_VALUE(0.E0)),(PARAMETER_VALUE(1.E0)),
.T.,.UNSPECIFIED.);
#15126=COMPOSITE_CURVE_SEGMENT(.CONTINUOUS.,.T.,#15122);
#15131=TRIMMED_CURVE('',#15130,(PARAMETER_VALUE(0.E0)),(PARAMETER_VALUE(1.E0)),
.T.,.UNSPECIFIED.);
#15135=COMPOSITE_CURVE_SEGMENT(.CONTINUOUS.,.T.,#15131);
#15140=TRIMMED_CURVE('',#15139,(PARAMETER_VALUE(0.E0)),(PARAMETER_VALUE(1.E0)),
.T.,.UNSPECIFIED.);
#15144=COMPOSITE_CURVE_SEGMENT(.CONTINUOUS.,.T.,#15140);
#15149=TRIMMED_CURVE('',#15148,(PARAMETER_VALUE(0.E0)),(PARAMETER_VALUE(1.E0)),
.T.,.UNSPECIFIED.);
#15153=COMPOSITE_CURVE_SEGMENT(.CONTINUOUS.,.T.,#15149);
#15158=TRIMMED_CURVE('',#15157,(PARAMETER_VALUE(0.E0)),(PARAMETER_VALUE(1.E0)),
.T.,.UNSPECIFIED.);
#15162=COMPOSITE_CURVE_SEGMENT(.CONTINUOUS.,.T.,#15158);
#15167=TRIMMED_CURVE('',#15166,(PARAMETER_VALUE(0.E0)),(PARAMETER_VALUE(1.E0)),
.T.,.UNSPECIFIED.);
#15171=COMPOSITE_CURVE_SEGMENT(.CONTINUOUS.,.T.,#15167);
#15176=TRIMMED_CURVE('',#15175,(PARAMETER_VALUE(0.E0)),(PARAMETER_VALUE(1.E0)),
.T.,.UNSPECIFIED.);
#15180=COMPOSITE_CURVE_SEGMENT(.CONTINUOUS.,.T.,#15176);
#15185=TRIMMED_CURVE('',#15184,(PARAMETER_VALUE(0.E0)),(PARAMETER_VALUE(1.E0)),
.T.,.UNSPECIFIED.);
#15189=COMPOSITE_CURVE_SEGMENT(.CONTINUOUS.,.T.,#15185);
#15194=TRIMMED_CURVE('',#15193,(PARAMETER_VALUE(0.E0)),(PARAMETER_VALUE(1.E0)),
.T.,.UNSPECIFIED.);
#15198=COMPOSITE_CURVE_SEGMENT(.CONTINUOUS.,.T.,#15194);
#15203=TRIMMED_CURVE('',#15202,(PARAMETER_VALUE(0.E0)),(PARAMETER_VALUE(1.E0)),
.T.,.UNSPECIFIED.);
#15207=COMPOSITE_CURVE_SEGMENT(.CONTINUOUS.,.T.,#15203);
#15212=TRIMMED_CURVE('',#15211,(PARAMETER_VALUE(0.E0)),(PARAMETER_VALUE(1.E0)),
.T.,.UNSPECIFIED.);
#15216=COMPOSITE_CURVE_SEGMENT(.CONTINUOUS.,.T.,#15212);
#15221=TRIMMED_CURVE('',#15220,(PARAMETER_VALUE(0.E0)),(PARAMETER_VALUE(1.E0)),
.T.,.UNSPECIFIED.);
#15225=COMPOSITE_CURVE_SEGMENT(.CONTINUOUS.,.T.,#15221);
#15230=TRIMMED_CURVE('',#15229,(PARAMETER_VALUE(0.E0)),(PARAMETER_VALUE(1.E0)),
.T.,.UNSPECIFIED.);
#15234=COMPOSITE_CURVE_SEGMENT(.CONTINUOUS.,.T.,#15230);
#15239=TRIMMED_CURVE('',#15238,(PARAMETER_VALUE(0.E0)),(PARAMETER_VALUE(1.E0)),
.T.,.UNSPECIFIED.);
#15243=COMPOSITE_CURVE_SEGMENT(.CONTINUOUS.,.T.,#15239);
#15248=TRIMMED_CURVE('',#15247,(PARAMETER_VALUE(0.E0)),(PARAMETER_VALUE(1.E0)),
.T.,.UNSPECIFIED.);
#15252=COMPOSITE_CURVE_SEGMENT(.CONTINUOUS.,.T.,#15248);
#15257=TRIMMED_CURVE('',#15256,(PARAMETER_VALUE(0.E0)),(PARAMETER_VALUE(1.E0)),
.T.,.UNSPECIFIED.);
#15261=COMPOSITE_CURVE_SEGMENT(.CONTINUOUS.,.T.,#15257);
#15266=TRIMMED_CURVE('',#15265,(PARAMETER_VALUE(0.E0)),(PARAMETER_VALUE(1.E0)),
.T.,.UNSPECIFIED.);
#15270=COMPOSITE_CURVE_SEGMENT(.CONTINUOUS.,.T.,#15266);
#15275=TRIMMED_CURVE('',#15274,(PARAMETER_VALUE(0.E0)),(PARAMETER_VALUE(1.E0)),
.T.,.UNSPECIFIED.);
#15279=COMPOSITE_CURVE_SEGMENT(.CONTINUOUS.,.T.,#15275);
#15284=TRIMMED_CURVE('',#15283,(PARAMETER_VALUE(0.E0)),(PARAMETER_VALUE(1.E0)),
.T.,.UNSPECIFIED.);
#15288=COMPOSITE_CURVE_SEGMENT(.CONTINUOUS.,.T.,#15284);
#15293=TRIMMED_CURVE('',#15292,(PARAMETER_VALUE(0.E0)),(PARAMETER_VALUE(1.E0)),
.T.,.UNSPECIFIED.);
#15297=COMPOSITE_CURVE_SEGMENT(.CONTINUOUS.,.T.,#15293);
#15302=TRIMMED_CURVE('',#15301,(PARAMETER_VALUE(0.E0)),(PARAMETER_VALUE(1.E0)),
.T.,.UNSPECIFIED.);
#15306=COMPOSITE_CURVE_SEGMENT(.CONTINUOUS.,.T.,#15302);
#15307=COMPOSITE_CURVE('',(#14829,#14838,#14847,#14856,#14865,#14874,#14883,
#14892,#14901,#14910,#14919,#14928,#14937,#14946,#14955,#14964,#14973,#14982,
#14991,#15000,#15009,#15018,#15027,#15036,#15045,#15054,#15063,#15072,#15081,
#15090,#15099,#15108,#15117,#15126,#15135,#15144,#15153,#15162,#15171,#15180,
#15189,#15198,#15207,#15216,#15225,#15234,#15243,#15252,#15261,#15270,#15279,
#15288,#15297,#15306),.F.);
#15312=TRIMMED_CURVE('',#15311,(PARAMETER_VALUE(0.E0)),(PARAMETER_VALUE(1.E0)),
.T.,.UNSPECIFIED.);
#15316=COMPOSITE_CURVE_SEGMENT(.CONTINUOUS.,.T.,#15312);
#15321=TRIMMED_CURVE('',#15320,(PARAMETER_VALUE(0.E0)),(PARAMETER_VALUE(1.E0)),
.T.,.UNSPECIFIED.);
#15325=COMPOSITE_CURVE_SEGMENT(.CONTINUOUS.,.T.,#15321);
#15330=TRIMMED_CURVE('',#15329,(PARAMETER_VALUE(0.E0)),(PARAMETER_VALUE(1.E0)),
.T.,.UNSPECIFIED.);
#15334=COMPOSITE_CURVE_SEGMENT(.CONTINUOUS.,.T.,#15330);
#15339=TRIMMED_CURVE('',#15338,(PARAMETER_VALUE(0.E0)),(PARAMETER_VALUE(1.E0)),
.T.,.UNSPECIFIED.);
#15343=COMPOSITE_CURVE_SEGMENT(.CONTINUOUS.,.T.,#15339);
#15348=TRIMMED_CURVE('',#15347,(PARAMETER_VALUE(0.E0)),(PARAMETER_VALUE(1.E0)),
.T.,.UNSPECIFIED.);
#15352=COMPOSITE_CURVE_SEGMENT(.CONTINUOUS.,.T.,#15348);
#15357=TRIMMED_CURVE('',#15356,(PARAMETER_VALUE(0.E0)),(PARAMETER_VALUE(1.E0)),
.T.,.UNSPECIFIED.);
#15361=COMPOSITE_CURVE_SEGMENT(.CONTINUOUS.,.T.,#15357);
#15366=TRIMMED_CURVE('',#15365,(PARAMETER_VALUE(0.E0)),(PARAMETER_VALUE(1.E0)),
.T.,.UNSPECIFIED.);
#15370=COMPOSITE_CURVE_SEGMENT(.CONTINUOUS.,.T.,#15366);
#15375=TRIMMED_CURVE('',#15374,(PARAMETER_VALUE(0.E0)),(PARAMETER_VALUE(1.E0)),
.T.,.UNSPECIFIED.);
#15379=COMPOSITE_CURVE_SEGMENT(.CONTINUOUS.,.T.,#15375);
#15384=TRIMMED_CURVE('',#15383,(PARAMETER_VALUE(0.E0)),(PARAMETER_VALUE(1.E0)),
.T.,.UNSPECIFIED.);
#15388=COMPOSITE_CURVE_SEGMENT(.CONTINUOUS.,.T.,#15384);
#15393=TRIMMED_CURVE('',#15392,(PARAMETER_VALUE(0.E0)),(PARAMETER_VALUE(1.E0)),
.T.,.UNSPECIFIED.);
#15397=COMPOSITE_CURVE_SEGMENT(.CONTINUOUS.,.T.,#15393);
#15402=TRIMMED_CURVE('',#15401,(PARAMETER_VALUE(0.E0)),(PARAMETER_VALUE(1.E0)),
.T.,.UNSPECIFIED.);
#15406=COMPOSITE_CURVE_SEGMENT(.CONTINUOUS.,.T.,#15402);
#15411=TRIMMED_CURVE('',#15410,(PARAMETER_VALUE(0.E0)),(PARAMETER_VALUE(1.E0)),
.T.,.UNSPECIFIED.);
#15415=COMPOSITE_CURVE_SEGMENT(.CONTINUOUS.,.T.,#15411);
#15420=TRIMMED_CURVE('',#15419,(PARAMETER_VALUE(0.E0)),(PARAMETER_VALUE(1.E0)),
.T.,.UNSPECIFIED.);
#15424=COMPOSITE_CURVE_SEGMENT(.CONTINUOUS.,.T.,#15420);
#15429=TRIMMED_CURVE('',#15428,(PARAMETER_VALUE(0.E0)),(PARAMETER_VALUE(1.E0)),
.T.,.UNSPECIFIED.);
#15433=COMPOSITE_CURVE_SEGMENT(.CONTINUOUS.,.T.,#15429);
#15434=COMPOSITE_CURVE('',(#15316,#15325,#15334,#15343,#15352,#15361,#15370,
#15379,#15388,#15397,#15406,#15415,#15424,#15433),.F.);
#15439=TRIMMED_CURVE('',#15438,(PARAMETER_VALUE(0.E0)),(PARAMETER_VALUE(1.E0)),
.T.,.UNSPECIFIED.);
#15443=COMPOSITE_CURVE_SEGMENT(.CONTINUOUS.,.T.,#15439);
#15448=TRIMMED_CURVE('',#15447,(PARAMETER_VALUE(0.E0)),(PARAMETER_VALUE(1.E0)),
.T.,.UNSPECIFIED.);
#15452=COMPOSITE_CURVE_SEGMENT(.CONTINUOUS.,.T.,#15448);
#15457=TRIMMED_CURVE('',#15456,(PARAMETER_VALUE(0.E0)),(PARAMETER_VALUE(1.E0)),
.T.,.UNSPECIFIED.);
#15461=COMPOSITE_CURVE_SEGMENT(.CONTINUOUS.,.T.,#15457);
#15466=TRIMMED_CURVE('',#15465,(PARAMETER_VALUE(0.E0)),(PARAMETER_VALUE(1.E0)),
.T.,.UNSPECIFIED.);
#15470=COMPOSITE_CURVE_SEGMENT(.CONTINUOUS.,.T.,#15466);
#15475=TRIMMED_CURVE('',#15474,(PARAMETER_VALUE(0.E0)),(PARAMETER_VALUE(1.E0)),
.T.,.UNSPECIFIED.);
#15479=COMPOSITE_CURVE_SEGMENT(.CONTINUOUS.,.T.,#15475);
#15484=TRIMMED_CURVE('',#15483,(PARAMETER_VALUE(0.E0)),(PARAMETER_VALUE(1.E0)),
.T.,.UNSPECIFIED.);
#15488=COMPOSITE_CURVE_SEGMENT(.CONTINUOUS.,.T.,#15484);
#15493=TRIMMED_CURVE('',#15492,(PARAMETER_VALUE(0.E0)),(PARAMETER_VALUE(1.E0)),
.T.,.UNSPECIFIED.);
#15497=COMPOSITE_CURVE_SEGMENT(.CONTINUOUS.,.T.,#15493);
#15502=TRIMMED_CURVE('',#15501,(PARAMETER_VALUE(0.E0)),(PARAMETER_VALUE(1.E0)),
.T.,.UNSPECIFIED.);
#15506=COMPOSITE_CURVE_SEGMENT(.CONTINUOUS.,.T.,#15502);
#15511=TRIMMED_CURVE('',#15510,(PARAMETER_VALUE(0.E0)),(PARAMETER_VALUE(1.E0)),
.T.,.UNSPECIFIED.);
#15515=COMPOSITE_CURVE_SEGMENT(.CONTINUOUS.,.T.,#15511);
#15520=TRIMMED_CURVE('',#15519,(PARAMETER_VALUE(0.E0)),(PARAMETER_VALUE(1.E0)),
.T.,.UNSPECIFIED.);
#15524=COMPOSITE_CURVE_SEGMENT(.CONTINUOUS.,.T.,#15520);
#15525=COMPOSITE_CURVE('',(#15443,#15452,#15461,#15470,#15479,#15488,#15497,
#15506,#15515,#15524),.F.);
#15530=TRIMMED_CURVE('',#15529,(PARAMETER_VALUE(0.E0)),(PARAMETER_VALUE(1.E0)),
.T.,.UNSPECIFIED.);
#15534=COMPOSITE_CURVE_SEGMENT(.CONTINUOUS.,.T.,#15530);
#15539=TRIMMED_CURVE('',#15538,(PARAMETER_VALUE(0.E0)),(PARAMETER_VALUE(1.E0)),
.T.,.UNSPECIFIED.);
#15543=COMPOSITE_CURVE_SEGMENT(.CONTINUOUS.,.T.,#15539);
#15548=TRIMMED_CURVE('',#15547,(PARAMETER_VALUE(0.E0)),(PARAMETER_VALUE(1.E0)),
.T.,.UNSPECIFIED.);
#15552=COMPOSITE_CURVE_SEGMENT(.CONTINUOUS.,.T.,#15548);
#15557=TRIMMED_CURVE('',#15556,(PARAMETER_VALUE(0.E0)),(PARAMETER_VALUE(1.E0)),
.T.,.UNSPECIFIED.);
#15561=COMPOSITE_CURVE_SEGMENT(.CONTINUOUS.,.T.,#15557);
#15566=TRIMMED_CURVE('',#15565,(PARAMETER_VALUE(0.E0)),(PARAMETER_VALUE(1.E0)),
.T.,.UNSPECIFIED.);
#15570=COMPOSITE_CURVE_SEGMENT(.CONTINUOUS.,.T.,#15566);
#15575=TRIMMED_CURVE('',#15574,(PARAMETER_VALUE(0.E0)),(PARAMETER_VALUE(1.E0)),
.T.,.UNSPECIFIED.);
#15579=COMPOSITE_CURVE_SEGMENT(.CONTINUOUS.,.T.,#15575);
#15584=TRIMMED_CURVE('',#15583,(PARAMETER_VALUE(0.E0)),(PARAMETER_VALUE(1.E0)),
.T.,.UNSPECIFIED.);
#15588=COMPOSITE_CURVE_SEGMENT(.CONTINUOUS.,.T.,#15584);
#15593=TRIMMED_CURVE('',#15592,(PARAMETER_VALUE(0.E0)),(PARAMETER_VALUE(1.E0)),
.T.,.UNSPECIFIED.);
#15597=COMPOSITE_CURVE_SEGMENT(.CONTINUOUS.,.T.,#15593);
#15602=TRIMMED_CURVE('',#15601,(PARAMETER_VALUE(0.E0)),(PARAMETER_VALUE(1.E0)),
.T.,.UNSPECIFIED.);
#15606=COMPOSITE_CURVE_SEGMENT(.CONTINUOUS.,.T.,#15602);
#15611=TRIMMED_CURVE('',#15610,(PARAMETER_VALUE(0.E0)),(PARAMETER_VALUE(1.E0)),
.T.,.UNSPECIFIED.);
#15615=COMPOSITE_CURVE_SEGMENT(.CONTINUOUS.,.T.,#15611);
#15620=TRIMMED_CURVE('',#15619,(PARAMETER_VALUE(0.E0)),(PARAMETER_VALUE(1.E0)),
.T.,.UNSPECIFIED.);
#15624=COMPOSITE_CURVE_SEGMENT(.CONTINUOUS.,.T.,#15620);
#15629=TRIMMED_CURVE('',#15628,(PARAMETER_VALUE(0.E0)),(PARAMETER_VALUE(1.E0)),
.T.,.UNSPECIFIED.);
#15633=COMPOSITE_CURVE_SEGMENT(.CONTINUOUS.,.T.,#15629);
#15634=COMPOSITE_CURVE('',(#15534,#15543,#15552,#15561,#15570,#15579,#15588,
#15597,#15606,#15615,#15624,#15633),.F.);
#15639=TRIMMED_CURVE('',#15638,(PARAMETER_VALUE(0.E0)),(PARAMETER_VALUE(1.E0)),
.T.,.UNSPECIFIED.);
#15643=COMPOSITE_CURVE_SEGMENT(.CONTINUOUS.,.T.,#15639);
#15648=TRIMMED_CURVE('',#15647,(PARAMETER_VALUE(0.E0)),(PARAMETER_VALUE(1.E0)),
.T.,.UNSPECIFIED.);
#15652=COMPOSITE_CURVE_SEGMENT(.CONTINUOUS.,.T.,#15648);
#15657=TRIMMED_CURVE('',#15656,(PARAMETER_VALUE(0.E0)),(PARAMETER_VALUE(1.E0)),
.T.,.UNSPECIFIED.);
#15661=COMPOSITE_CURVE_SEGMENT(.CONTINUOUS.,.T.,#15657);
#15666=TRIMMED_CURVE('',#15665,(PARAMETER_VALUE(0.E0)),(PARAMETER_VALUE(1.E0)),
.T.,.UNSPECIFIED.);
#15670=COMPOSITE_CURVE_SEGMENT(.CONTINUOUS.,.T.,#15666);
#15675=TRIMMED_CURVE('',#15674,(PARAMETER_VALUE(0.E0)),(PARAMETER_VALUE(1.E0)),
.T.,.UNSPECIFIED.);
#15679=COMPOSITE_CURVE_SEGMENT(.CONTINUOUS.,.T.,#15675);
#15684=TRIMMED_CURVE('',#15683,(PARAMETER_VALUE(0.E0)),(PARAMETER_VALUE(1.E0)),
.T.,.UNSPECIFIED.);
#15688=COMPOSITE_CURVE_SEGMENT(.CONTINUOUS.,.T.,#15684);
#15693=TRIMMED_CURVE('',#15692,(PARAMETER_VALUE(0.E0)),(PARAMETER_VALUE(1.E0)),
.T.,.UNSPECIFIED.);
#15697=COMPOSITE_CURVE_SEGMENT(.CONTINUOUS.,.T.,#15693);
#15702=TRIMMED_CURVE('',#15701,(PARAMETER_VALUE(0.E0)),(PARAMETER_VALUE(1.E0)),
.T.,.UNSPECIFIED.);
#15706=COMPOSITE_CURVE_SEGMENT(.CONTINUOUS.,.T.,#15702);
#15711=TRIMMED_CURVE('',#15710,(PARAMETER_VALUE(0.E0)),(PARAMETER_VALUE(1.E0)),
.T.,.UNSPECIFIED.);
#15715=COMPOSITE_CURVE_SEGMENT(.CONTINUOUS.,.T.,#15711);
#15720=TRIMMED_CURVE('',#15719,(PARAMETER_VALUE(0.E0)),(PARAMETER_VALUE(1.E0)),
.T.,.UNSPECIFIED.);
#15724=COMPOSITE_CURVE_SEGMENT(.CONTINUOUS.,.T.,#15720);
#15729=TRIMMED_CURVE('',#15728,(PARAMETER_VALUE(0.E0)),(PARAMETER_VALUE(1.E0)),
.T.,.UNSPECIFIED.);
#15733=COMPOSITE_CURVE_SEGMENT(.CONTINUOUS.,.T.,#15729);
#15738=TRIMMED_CURVE('',#15737,(PARAMETER_VALUE(0.E0)),(PARAMETER_VALUE(1.E0)),
.T.,.UNSPECIFIED.);
#15742=COMPOSITE_CURVE_SEGMENT(.CONTINUOUS.,.T.,#15738);
#15747=TRIMMED_CURVE('',#15746,(PARAMETER_VALUE(0.E0)),(PARAMETER_VALUE(1.E0)),
.T.,.UNSPECIFIED.);
#15751=COMPOSITE_CURVE_SEGMENT(.CONTINUOUS.,.T.,#15747);
#15756=TRIMMED_CURVE('',#15755,(PARAMETER_VALUE(0.E0)),(PARAMETER_VALUE(1.E0)),
.T.,.UNSPECIFIED.);
#15760=COMPOSITE_CURVE_SEGMENT(.CONTINUOUS.,.T.,#15756);
#15765=TRIMMED_CURVE('',#15764,(PARAMETER_VALUE(0.E0)),(PARAMETER_VALUE(1.E0)),
.T.,.UNSPECIFIED.);
#15769=COMPOSITE_CURVE_SEGMENT(.CONTINUOUS.,.T.,#15765);
#15774=TRIMMED_CURVE('',#15773,(PARAMETER_VALUE(0.E0)),(PARAMETER_VALUE(1.E0)),
.T.,.UNSPECIFIED.);
#15778=COMPOSITE_CURVE_SEGMENT(.CONTINUOUS.,.T.,#15774);
#15783=TRIMMED_CURVE('',#15782,(PARAMETER_VALUE(0.E0)),(PARAMETER_VALUE(1.E0)),
.T.,.UNSPECIFIED.);
#15787=COMPOSITE_CURVE_SEGMENT(.CONTINUOUS.,.T.,#15783);
#15792=TRIMMED_CURVE('',#15791,(PARAMETER_VALUE(0.E0)),(PARAMETER_VALUE(1.E0)),
.T.,.UNSPECIFIED.);
#15796=COMPOSITE_CURVE_SEGMENT(.CONTINUOUS.,.T.,#15792);
#15801=TRIMMED_CURVE('',#15800,(PARAMETER_VALUE(0.E0)),(PARAMETER_VALUE(1.E0)),
.T.,.UNSPECIFIED.);
#15805=COMPOSITE_CURVE_SEGMENT(.CONTINUOUS.,.T.,#15801);
#15810=TRIMMED_CURVE('',#15809,(PARAMETER_VALUE(0.E0)),(PARAMETER_VALUE(1.E0)),
.T.,.UNSPECIFIED.);
#15814=COMPOSITE_CURVE_SEGMENT(.CONTINUOUS.,.T.,#15810);
#15819=TRIMMED_CURVE('',#15818,(PARAMETER_VALUE(0.E0)),(PARAMETER_VALUE(1.E0)),
.T.,.UNSPECIFIED.);
#15823=COMPOSITE_CURVE_SEGMENT(.CONTINUOUS.,.T.,#15819);
#15828=TRIMMED_CURVE('',#15827,(PARAMETER_VALUE(0.E0)),(PARAMETER_VALUE(1.E0)),
.T.,.UNSPECIFIED.);
#15832=COMPOSITE_CURVE_SEGMENT(.CONTINUOUS.,.T.,#15828);
#15837=TRIMMED_CURVE('',#15836,(PARAMETER_VALUE(0.E0)),(PARAMETER_VALUE(1.E0)),
.T.,.UNSPECIFIED.);
#15841=COMPOSITE_CURVE_SEGMENT(.CONTINUOUS.,.T.,#15837);
#15846=TRIMMED_CURVE('',#15845,(PARAMETER_VALUE(0.E0)),(PARAMETER_VALUE(1.E0)),
.T.,.UNSPECIFIED.);
#15850=COMPOSITE_CURVE_SEGMENT(.CONTINUOUS.,.T.,#15846);
#15855=TRIMMED_CURVE('',#15854,(PARAMETER_VALUE(0.E0)),(PARAMETER_VALUE(1.E0)),
.T.,.UNSPECIFIED.);
#15859=COMPOSITE_CURVE_SEGMENT(.CONTINUOUS.,.T.,#15855);
#15864=TRIMMED_CURVE('',#15863,(PARAMETER_VALUE(0.E0)),(PARAMETER_VALUE(1.E0)),
.T.,.UNSPECIFIED.);
#15868=COMPOSITE_CURVE_SEGMENT(.CONTINUOUS.,.T.,#15864);
#15873=TRIMMED_CURVE('',#15872,(PARAMETER_VALUE(0.E0)),(PARAMETER_VALUE(1.E0)),
.T.,.UNSPECIFIED.);
#15877=COMPOSITE_CURVE_SEGMENT(.CONTINUOUS.,.T.,#15873);
#15882=TRIMMED_CURVE('',#15881,(PARAMETER_VALUE(0.E0)),(PARAMETER_VALUE(1.E0)),
.T.,.UNSPECIFIED.);
#15886=COMPOSITE_CURVE_SEGMENT(.CONTINUOUS.,.T.,#15882);
#15887=COMPOSITE_CURVE('',(#15643,#15652,#15661,#15670,#15679,#15688,#15697,
#15706,#15715,#15724,#15733,#15742,#15751,#15760,#15769,#15778,#15787,#15796,
#15805,#15814,#15823,#15832,#15841,#15850,#15859,#15868,#15877,#15886),.F.);
#15892=TRIMMED_CURVE('',#15891,(PARAMETER_VALUE(0.E0)),(PARAMETER_VALUE(1.E0)),
.T.,.UNSPECIFIED.);
#15896=COMPOSITE_CURVE_SEGMENT(.CONTINUOUS.,.T.,#15892);
#15901=TRIMMED_CURVE('',#15900,(PARAMETER_VALUE(0.E0)),(PARAMETER_VALUE(1.E0)),
.T.,.UNSPECIFIED.);
#15905=COMPOSITE_CURVE_SEGMENT(.CONTINUOUS.,.T.,#15901);
#15910=TRIMMED_CURVE('',#15909,(PARAMETER_VALUE(0.E0)),(PARAMETER_VALUE(1.E0)),
.T.,.UNSPECIFIED.);
#15914=COMPOSITE_CURVE_SEGMENT(.CONTINUOUS.,.T.,#15910);
#15919=TRIMMED_CURVE('',#15918,(PARAMETER_VALUE(0.E0)),(PARAMETER_VALUE(1.E0)),
.T.,.UNSPECIFIED.);
#15923=COMPOSITE_CURVE_SEGMENT(.CONTINUOUS.,.T.,#15919);
#15928=TRIMMED_CURVE('',#15927,(PARAMETER_VALUE(0.E0)),(PARAMETER_VALUE(1.E0)),
.T.,.UNSPECIFIED.);
#15932=COMPOSITE_CURVE_SEGMENT(.CONTINUOUS.,.T.,#15928);
#15937=TRIMMED_CURVE('',#15936,(PARAMETER_VALUE(0.E0)),(PARAMETER_VALUE(1.E0)),
.T.,.UNSPECIFIED.);
#15941=COMPOSITE_CURVE_SEGMENT(.CONTINUOUS.,.T.,#15937);
#15946=TRIMMED_CURVE('',#15945,(PARAMETER_VALUE(0.E0)),(PARAMETER_VALUE(1.E0)),
.T.,.UNSPECIFIED.);
#15950=COMPOSITE_CURVE_SEGMENT(.CONTINUOUS.,.T.,#15946);
#15955=TRIMMED_CURVE('',#15954,(PARAMETER_VALUE(0.E0)),(PARAMETER_VALUE(1.E0)),
.T.,.UNSPECIFIED.);
#15959=COMPOSITE_CURVE_SEGMENT(.CONTINUOUS.,.T.,#15955);
#15964=TRIMMED_CURVE('',#15963,(PARAMETER_VALUE(0.E0)),(PARAMETER_VALUE(1.E0)),
.T.,.UNSPECIFIED.);
#15968=COMPOSITE_CURVE_SEGMENT(.CONTINUOUS.,.T.,#15964);
#15973=TRIMMED_CURVE('',#15972,(PARAMETER_VALUE(0.E0)),(PARAMETER_VALUE(1.E0)),
.T.,.UNSPECIFIED.);
#15977=COMPOSITE_CURVE_SEGMENT(.CONTINUOUS.,.T.,#15973);
#15982=TRIMMED_CURVE('',#15981,(PARAMETER_VALUE(0.E0)),(PARAMETER_VALUE(1.E0)),
.T.,.UNSPECIFIED.);
#15986=COMPOSITE_CURVE_SEGMENT(.CONTINUOUS.,.T.,#15982);
#15991=TRIMMED_CURVE('',#15990,(PARAMETER_VALUE(0.E0)),(PARAMETER_VALUE(1.E0)),
.T.,.UNSPECIFIED.);
#15995=COMPOSITE_CURVE_SEGMENT(.CONTINUOUS.,.T.,#15991);
#16000=TRIMMED_CURVE('',#15999,(PARAMETER_VALUE(0.E0)),(PARAMETER_VALUE(1.E0)),
.T.,.UNSPECIFIED.);
#16004=COMPOSITE_CURVE_SEGMENT(.CONTINUOUS.,.T.,#16000);
#16009=TRIMMED_CURVE('',#16008,(PARAMETER_VALUE(0.E0)),(PARAMETER_VALUE(1.E0)),
.T.,.UNSPECIFIED.);
#16013=COMPOSITE_CURVE_SEGMENT(.CONTINUOUS.,.T.,#16009);
#16018=TRIMMED_CURVE('',#16017,(PARAMETER_VALUE(0.E0)),(PARAMETER_VALUE(1.E0)),
.T.,.UNSPECIFIED.);
#16022=COMPOSITE_CURVE_SEGMENT(.CONTINUOUS.,.T.,#16018);
#16027=TRIMMED_CURVE('',#16026,(PARAMETER_VALUE(0.E0)),(PARAMETER_VALUE(1.E0)),
.T.,.UNSPECIFIED.);
#16031=COMPOSITE_CURVE_SEGMENT(.CONTINUOUS.,.T.,#16027);
#16036=TRIMMED_CURVE('',#16035,(PARAMETER_VALUE(0.E0)),(PARAMETER_VALUE(1.E0)),
.T.,.UNSPECIFIED.);
#16040=COMPOSITE_CURVE_SEGMENT(.CONTINUOUS.,.T.,#16036);
#16045=TRIMMED_CURVE('',#16044,(PARAMETER_VALUE(0.E0)),(PARAMETER_VALUE(1.E0)),
.T.,.UNSPECIFIED.);
#16049=COMPOSITE_CURVE_SEGMENT(.CONTINUOUS.,.T.,#16045);
#16054=TRIMMED_CURVE('',#16053,(PARAMETER_VALUE(0.E0)),(PARAMETER_VALUE(1.E0)),
.T.,.UNSPECIFIED.);
#16058=COMPOSITE_CURVE_SEGMENT(.CONTINUOUS.,.T.,#16054);
#16063=TRIMMED_CURVE('',#16062,(PARAMETER_VALUE(0.E0)),(PARAMETER_VALUE(1.E0)),
.T.,.UNSPECIFIED.);
#16067=COMPOSITE_CURVE_SEGMENT(.CONTINUOUS.,.T.,#16063);
#16072=TRIMMED_CURVE('',#16071,(PARAMETER_VALUE(0.E0)),(PARAMETER_VALUE(1.E0)),
.T.,.UNSPECIFIED.);
#16076=COMPOSITE_CURVE_SEGMENT(.CONTINUOUS.,.T.,#16072);
#16081=TRIMMED_CURVE('',#16080,(PARAMETER_VALUE(0.E0)),(PARAMETER_VALUE(1.E0)),
.T.,.UNSPECIFIED.);
#16085=COMPOSITE_CURVE_SEGMENT(.CONTINUOUS.,.T.,#16081);
#16090=TRIMMED_CURVE('',#16089,(PARAMETER_VALUE(0.E0)),(PARAMETER_VALUE(1.E0)),
.T.,.UNSPECIFIED.);
#16094=COMPOSITE_CURVE_SEGMENT(.CONTINUOUS.,.T.,#16090);
#16099=TRIMMED_CURVE('',#16098,(PARAMETER_VALUE(0.E0)),(PARAMETER_VALUE(1.E0)),
.T.,.UNSPECIFIED.);
#16103=COMPOSITE_CURVE_SEGMENT(.CONTINUOUS.,.T.,#16099);
#16108=TRIMMED_CURVE('',#16107,(PARAMETER_VALUE(0.E0)),(PARAMETER_VALUE(1.E0)),
.T.,.UNSPECIFIED.);
#16112=COMPOSITE_CURVE_SEGMENT(.CONTINUOUS.,.T.,#16108);
#16117=TRIMMED_CURVE('',#16116,(PARAMETER_VALUE(0.E0)),(PARAMETER_VALUE(1.E0)),
.T.,.UNSPECIFIED.);
#16121=COMPOSITE_CURVE_SEGMENT(.CONTINUOUS.,.T.,#16117);
#16122=COMPOSITE_CURVE('',(#15896,#15905,#15914,#15923,#15932,#15941,#15950,
#15959,#15968,#15977,#15986,#15995,#16004,#16013,#16022,#16031,#16040,#16049,
#16058,#16067,#16076,#16085,#16094,#16103,#16112,#16121),.F.);
#16127=TRIMMED_CURVE('',#16126,(PARAMETER_VALUE(0.E0)),(PARAMETER_VALUE(1.E0)),
.T.,.UNSPECIFIED.);
#16131=COMPOSITE_CURVE_SEGMENT(.CONTINUOUS.,.T.,#16127);
#16136=TRIMMED_CURVE('',#16135,(PARAMETER_VALUE(0.E0)),(PARAMETER_VALUE(1.E0)),
.T.,.UNSPECIFIED.);
#16140=COMPOSITE_CURVE_SEGMENT(.CONTINUOUS.,.T.,#16136);
#16145=TRIMMED_CURVE('',#16144,(PARAMETER_VALUE(0.E0)),(PARAMETER_VALUE(1.E0)),
.T.,.UNSPECIFIED.);
#16149=COMPOSITE_CURVE_SEGMENT(.CONTINUOUS.,.T.,#16145);
#16154=TRIMMED_CURVE('',#16153,(PARAMETER_VALUE(0.E0)),(PARAMETER_VALUE(1.E0)),
.T.,.UNSPECIFIED.);
#16158=COMPOSITE_CURVE_SEGMENT(.CONTINUOUS.,.T.,#16154);
#16163=TRIMMED_CURVE('',#16162,(PARAMETER_VALUE(0.E0)),(PARAMETER_VALUE(1.E0)),
.T.,.UNSPECIFIED.);
#16167=COMPOSITE_CURVE_SEGMENT(.CONTINUOUS.,.T.,#16163);
#16172=TRIMMED_CURVE('',#16171,(PARAMETER_VALUE(0.E0)),(PARAMETER_VALUE(1.E0)),
.T.,.UNSPECIFIED.);
#16176=COMPOSITE_CURVE_SEGMENT(.CONTINUOUS.,.T.,#16172);
#16181=TRIMMED_CURVE('',#16180,(PARAMETER_VALUE(0.E0)),(PARAMETER_VALUE(1.E0)),
.T.,.UNSPECIFIED.);
#16185=COMPOSITE_CURVE_SEGMENT(.CONTINUOUS.,.T.,#16181);
#16190=TRIMMED_CURVE('',#16189,(PARAMETER_VALUE(0.E0)),(PARAMETER_VALUE(1.E0)),
.T.,.UNSPECIFIED.);
#16194=COMPOSITE_CURVE_SEGMENT(.CONTINUOUS.,.T.,#16190);
#16199=TRIMMED_CURVE('',#16198,(PARAMETER_VALUE(0.E0)),(PARAMETER_VALUE(1.E0)),
.T.,.UNSPECIFIED.);
#16203=COMPOSITE_CURVE_SEGMENT(.CONTINUOUS.,.T.,#16199);
#16208=TRIMMED_CURVE('',#16207,(PARAMETER_VALUE(0.E0)),(PARAMETER_VALUE(1.E0)),
.T.,.UNSPECIFIED.);
#16212=COMPOSITE_CURVE_SEGMENT(.CONTINUOUS.,.T.,#16208);
#16217=TRIMMED_CURVE('',#16216,(PARAMETER_VALUE(0.E0)),(PARAMETER_VALUE(1.E0)),
.T.,.UNSPECIFIED.);
#16221=COMPOSITE_CURVE_SEGMENT(.CONTINUOUS.,.T.,#16217);
#16226=TRIMMED_CURVE('',#16225,(PARAMETER_VALUE(0.E0)),(PARAMETER_VALUE(1.E0)),
.T.,.UNSPECIFIED.);
#16230=COMPOSITE_CURVE_SEGMENT(.CONTINUOUS.,.T.,#16226);
#16235=TRIMMED_CURVE('',#16234,(PARAMETER_VALUE(0.E0)),(PARAMETER_VALUE(1.E0)),
.T.,.UNSPECIFIED.);
#16239=COMPOSITE_CURVE_SEGMENT(.CONTINUOUS.,.T.,#16235);
#16244=TRIMMED_CURVE('',#16243,(PARAMETER_VALUE(0.E0)),(PARAMETER_VALUE(1.E0)),
.T.,.UNSPECIFIED.);
#16248=COMPOSITE_CURVE_SEGMENT(.CONTINUOUS.,.T.,#16244);
#16253=TRIMMED_CURVE('',#16252,(PARAMETER_VALUE(0.E0)),(PARAMETER_VALUE(1.E0)),
.T.,.UNSPECIFIED.);
#16257=COMPOSITE_CURVE_SEGMENT(.CONTINUOUS.,.T.,#16253);
#16262=TRIMMED_CURVE('',#16261,(PARAMETER_VALUE(0.E0)),(PARAMETER_VALUE(1.E0)),
.T.,.UNSPECIFIED.);
#16266=COMPOSITE_CURVE_SEGMENT(.CONTINUOUS.,.T.,#16262);
#16271=TRIMMED_CURVE('',#16270,(PARAMETER_VALUE(0.E0)),(PARAMETER_VALUE(1.E0)),
.T.,.UNSPECIFIED.);
#16275=COMPOSITE_CURVE_SEGMENT(.CONTINUOUS.,.T.,#16271);
#16280=TRIMMED_CURVE('',#16279,(PARAMETER_VALUE(0.E0)),(PARAMETER_VALUE(1.E0)),
.T.,.UNSPECIFIED.);
#16284=COMPOSITE_CURVE_SEGMENT(.CONTINUOUS.,.T.,#16280);
#16285=COMPOSITE_CURVE('',(#16131,#16140,#16149,#16158,#16167,#16176,#16185,
#16194,#16203,#16212,#16221,#16230,#16239,#16248,#16257,#16266,#16275,#16284),
.F.);
#16290=TRIMMED_CURVE('',#16289,(PARAMETER_VALUE(0.E0)),(PARAMETER_VALUE(1.E0)),
.T.,.UNSPECIFIED.);
#16294=COMPOSITE_CURVE_SEGMENT(.CONTINUOUS.,.T.,#16290);
#16299=TRIMMED_CURVE('',#16298,(PARAMETER_VALUE(0.E0)),(PARAMETER_VALUE(1.E0)),
.T.,.UNSPECIFIED.);
#16303=COMPOSITE_CURVE_SEGMENT(.CONTINUOUS.,.T.,#16299);
#16308=TRIMMED_CURVE('',#16307,(PARAMETER_VALUE(0.E0)),(PARAMETER_VALUE(1.E0)),
.T.,.UNSPECIFIED.);
#16312=COMPOSITE_CURVE_SEGMENT(.CONTINUOUS.,.T.,#16308);
#16317=TRIMMED_CURVE('',#16316,(PARAMETER_VALUE(0.E0)),(PARAMETER_VALUE(1.E0)),
.T.,.UNSPECIFIED.);
#16321=COMPOSITE_CURVE_SEGMENT(.CONTINUOUS.,.T.,#16317);
#16326=TRIMMED_CURVE('',#16325,(PARAMETER_VALUE(0.E0)),(PARAMETER_VALUE(1.E0)),
.T.,.UNSPECIFIED.);
#16330=COMPOSITE_CURVE_SEGMENT(.CONTINUOUS.,.T.,#16326);
#16335=TRIMMED_CURVE('',#16334,(PARAMETER_VALUE(0.E0)),(PARAMETER_VALUE(1.E0)),
.T.,.UNSPECIFIED.);
#16339=COMPOSITE_CURVE_SEGMENT(.CONTINUOUS.,.T.,#16335);
#16344=TRIMMED_CURVE('',#16343,(PARAMETER_VALUE(0.E0)),(PARAMETER_VALUE(1.E0)),
.T.,.UNSPECIFIED.);
#16348=COMPOSITE_CURVE_SEGMENT(.CONTINUOUS.,.T.,#16344);
#16353=TRIMMED_CURVE('',#16352,(PARAMETER_VALUE(0.E0)),(PARAMETER_VALUE(1.E0)),
.T.,.UNSPECIFIED.);
#16357=COMPOSITE_CURVE_SEGMENT(.CONTINUOUS.,.T.,#16353);
#16362=TRIMMED_CURVE('',#16361,(PARAMETER_VALUE(0.E0)),(PARAMETER_VALUE(1.E0)),
.T.,.UNSPECIFIED.);
#16366=COMPOSITE_CURVE_SEGMENT(.CONTINUOUS.,.T.,#16362);
#16371=TRIMMED_CURVE('',#16370,(PARAMETER_VALUE(0.E0)),(PARAMETER_VALUE(1.E0)),
.T.,.UNSPECIFIED.);
#16375=COMPOSITE_CURVE_SEGMENT(.CONTINUOUS.,.T.,#16371);
#16380=TRIMMED_CURVE('',#16379,(PARAMETER_VALUE(0.E0)),(PARAMETER_VALUE(1.E0)),
.T.,.UNSPECIFIED.);
#16384=COMPOSITE_CURVE_SEGMENT(.CONTINUOUS.,.T.,#16380);
#16389=TRIMMED_CURVE('',#16388,(PARAMETER_VALUE(0.E0)),(PARAMETER_VALUE(1.E0)),
.T.,.UNSPECIFIED.);
#16393=COMPOSITE_CURVE_SEGMENT(.CONTINUOUS.,.T.,#16389);
#16398=TRIMMED_CURVE('',#16397,(PARAMETER_VALUE(0.E0)),(PARAMETER_VALUE(1.E0)),
.T.,.UNSPECIFIED.);
#16402=COMPOSITE_CURVE_SEGMENT(.CONTINUOUS.,.T.,#16398);
#16407=TRIMMED_CURVE('',#16406,(PARAMETER_VALUE(0.E0)),(PARAMETER_VALUE(1.E0)),
.T.,.UNSPECIFIED.);
#16411=COMPOSITE_CURVE_SEGMENT(.CONTINUOUS.,.T.,#16407);
#16416=TRIMMED_CURVE('',#16415,(PARAMETER_VALUE(0.E0)),(PARAMETER_VALUE(1.E0)),
.T.,.UNSPECIFIED.);
#16420=COMPOSITE_CURVE_SEGMENT(.CONTINUOUS.,.T.,#16416);
#16425=TRIMMED_CURVE('',#16424,(PARAMETER_VALUE(0.E0)),(PARAMETER_VALUE(1.E0)),
.T.,.UNSPECIFIED.);
#16429=COMPOSITE_CURVE_SEGMENT(.CONTINUOUS.,.T.,#16425);
#16434=TRIMMED_CURVE('',#16433,(PARAMETER_VALUE(0.E0)),(PARAMETER_VALUE(1.E0)),
.T.,.UNSPECIFIED.);
#16438=COMPOSITE_CURVE_SEGMENT(.CONTINUOUS.,.T.,#16434);
#16443=TRIMMED_CURVE('',#16442,(PARAMETER_VALUE(0.E0)),(PARAMETER_VALUE(1.E0)),
.T.,.UNSPECIFIED.);
#16447=COMPOSITE_CURVE_SEGMENT(.CONTINUOUS.,.T.,#16443);
#16452=TRIMMED_CURVE('',#16451,(PARAMETER_VALUE(0.E0)),(PARAMETER_VALUE(1.E0)),
.T.,.UNSPECIFIED.);
#16456=COMPOSITE_CURVE_SEGMENT(.CONTINUOUS.,.T.,#16452);
#16461=TRIMMED_CURVE('',#16460,(PARAMETER_VALUE(0.E0)),(PARAMETER_VALUE(1.E0)),
.T.,.UNSPECIFIED.);
#16465=COMPOSITE_CURVE_SEGMENT(.CONTINUOUS.,.T.,#16461);
#16470=TRIMMED_CURVE('',#16469,(PARAMETER_VALUE(0.E0)),(PARAMETER_VALUE(1.E0)),
.T.,.UNSPECIFIED.);
#16474=COMPOSITE_CURVE_SEGMENT(.CONTINUOUS.,.T.,#16470);
#16479=TRIMMED_CURVE('',#16478,(PARAMETER_VALUE(0.E0)),(PARAMETER_VALUE(1.E0)),
.T.,.UNSPECIFIED.);
#16483=COMPOSITE_CURVE_SEGMENT(.CONTINUOUS.,.T.,#16479);
#16488=TRIMMED_CURVE('',#16487,(PARAMETER_VALUE(0.E0)),(PARAMETER_VALUE(1.E0)),
.T.,.UNSPECIFIED.);
#16492=COMPOSITE_CURVE_SEGMENT(.CONTINUOUS.,.T.,#16488);
#16497=TRIMMED_CURVE('',#16496,(PARAMETER_VALUE(0.E0)),(PARAMETER_VALUE(1.E0)),
.T.,.UNSPECIFIED.);
#16501=COMPOSITE_CURVE_SEGMENT(.CONTINUOUS.,.T.,#16497);
#16506=TRIMMED_CURVE('',#16505,(PARAMETER_VALUE(0.E0)),(PARAMETER_VALUE(1.E0)),
.T.,.UNSPECIFIED.);
#16510=COMPOSITE_CURVE_SEGMENT(.CONTINUOUS.,.T.,#16506);
#16515=TRIMMED_CURVE('',#16514,(PARAMETER_VALUE(0.E0)),(PARAMETER_VALUE(1.E0)),
.T.,.UNSPECIFIED.);
#16519=COMPOSITE_CURVE_SEGMENT(.CONTINUOUS.,.T.,#16515);
#16524=TRIMMED_CURVE('',#16523,(PARAMETER_VALUE(0.E0)),(PARAMETER_VALUE(1.E0)),
.T.,.UNSPECIFIED.);
#16528=COMPOSITE_CURVE_SEGMENT(.CONTINUOUS.,.T.,#16524);
#16533=TRIMMED_CURVE('',#16532,(PARAMETER_VALUE(0.E0)),(PARAMETER_VALUE(1.E0)),
.T.,.UNSPECIFIED.);
#16537=COMPOSITE_CURVE_SEGMENT(.CONTINUOUS.,.T.,#16533);
#16538=COMPOSITE_CURVE('',(#16294,#16303,#16312,#16321,#16330,#16339,#16348,
#16357,#16366,#16375,#16384,#16393,#16402,#16411,#16420,#16429,#16438,#16447,
#16456,#16465,#16474,#16483,#16492,#16501,#16510,#16519,#16528,#16537),.F.);
#16543=TRIMMED_CURVE('',#16542,(PARAMETER_VALUE(0.E0)),(PARAMETER_VALUE(1.E0)),
.T.,.UNSPECIFIED.);
#16547=COMPOSITE_CURVE_SEGMENT(.CONTINUOUS.,.T.,#16543);
#16552=TRIMMED_CURVE('',#16551,(PARAMETER_VALUE(0.E0)),(PARAMETER_VALUE(1.E0)),
.T.,.UNSPECIFIED.);
#16556=COMPOSITE_CURVE_SEGMENT(.CONTINUOUS.,.T.,#16552);
#16561=TRIMMED_CURVE('',#16560,(PARAMETER_VALUE(0.E0)),(PARAMETER_VALUE(1.E0)),
.T.,.UNSPECIFIED.);
#16565=COMPOSITE_CURVE_SEGMENT(.CONTINUOUS.,.T.,#16561);
#16570=TRIMMED_CURVE('',#16569,(PARAMETER_VALUE(0.E0)),(PARAMETER_VALUE(1.E0)),
.T.,.UNSPECIFIED.);
#16574=COMPOSITE_CURVE_SEGMENT(.CONTINUOUS.,.T.,#16570);
#16579=TRIMMED_CURVE('',#16578,(PARAMETER_VALUE(0.E0)),(PARAMETER_VALUE(1.E0)),
.T.,.UNSPECIFIED.);
#16583=COMPOSITE_CURVE_SEGMENT(.CONTINUOUS.,.T.,#16579);
#16588=TRIMMED_CURVE('',#16587,(PARAMETER_VALUE(0.E0)),(PARAMETER_VALUE(1.E0)),
.T.,.UNSPECIFIED.);
#16592=COMPOSITE_CURVE_SEGMENT(.CONTINUOUS.,.T.,#16588);
#16597=TRIMMED_CURVE('',#16596,(PARAMETER_VALUE(0.E0)),(PARAMETER_VALUE(1.E0)),
.T.,.UNSPECIFIED.);
#16601=COMPOSITE_CURVE_SEGMENT(.CONTINUOUS.,.T.,#16597);
#16606=TRIMMED_CURVE('',#16605,(PARAMETER_VALUE(0.E0)),(PARAMETER_VALUE(1.E0)),
.T.,.UNSPECIFIED.);
#16610=COMPOSITE_CURVE_SEGMENT(.CONTINUOUS.,.T.,#16606);
#16615=TRIMMED_CURVE('',#16614,(PARAMETER_VALUE(0.E0)),(PARAMETER_VALUE(1.E0)),
.T.,.UNSPECIFIED.);
#16619=COMPOSITE_CURVE_SEGMENT(.CONTINUOUS.,.T.,#16615);
#16624=TRIMMED_CURVE('',#16623,(PARAMETER_VALUE(0.E0)),(PARAMETER_VALUE(1.E0)),
.T.,.UNSPECIFIED.);
#16628=COMPOSITE_CURVE_SEGMENT(.CONTINUOUS.,.T.,#16624);
#16633=TRIMMED_CURVE('',#16632,(PARAMETER_VALUE(0.E0)),(PARAMETER_VALUE(1.E0)),
.T.,.UNSPECIFIED.);
#16637=COMPOSITE_CURVE_SEGMENT(.CONTINUOUS.,.T.,#16633);
#16642=TRIMMED_CURVE('',#16641,(PARAMETER_VALUE(0.E0)),(PARAMETER_VALUE(1.E0)),
.T.,.UNSPECIFIED.);
#16646=COMPOSITE_CURVE_SEGMENT(.CONTINUOUS.,.T.,#16642);
#16651=TRIMMED_CURVE('',#16650,(PARAMETER_VALUE(0.E0)),(PARAMETER_VALUE(1.E0)),
.T.,.UNSPECIFIED.);
#16655=COMPOSITE_CURVE_SEGMENT(.CONTINUOUS.,.T.,#16651);
#16660=TRIMMED_CURVE('',#16659,(PARAMETER_VALUE(0.E0)),(PARAMETER_VALUE(1.E0)),
.T.,.UNSPECIFIED.);
#16664=COMPOSITE_CURVE_SEGMENT(.CONTINUOUS.,.T.,#16660);
#16669=TRIMMED_CURVE('',#16668,(PARAMETER_VALUE(0.E0)),(PARAMETER_VALUE(1.E0)),
.T.,.UNSPECIFIED.);
#16673=COMPOSITE_CURVE_SEGMENT(.CONTINUOUS.,.T.,#16669);
#16678=TRIMMED_CURVE('',#16677,(PARAMETER_VALUE(0.E0)),(PARAMETER_VALUE(1.E0)),
.T.,.UNSPECIFIED.);
#16682=COMPOSITE_CURVE_SEGMENT(.CONTINUOUS.,.T.,#16678);
#16687=TRIMMED_CURVE('',#16686,(PARAMETER_VALUE(0.E0)),(PARAMETER_VALUE(1.E0)),
.T.,.UNSPECIFIED.);
#16691=COMPOSITE_CURVE_SEGMENT(.CONTINUOUS.,.T.,#16687);
#16696=TRIMMED_CURVE('',#16695,(PARAMETER_VALUE(0.E0)),(PARAMETER_VALUE(1.E0)),
.T.,.UNSPECIFIED.);
#16700=COMPOSITE_CURVE_SEGMENT(.CONTINUOUS.,.T.,#16696);
#16705=TRIMMED_CURVE('',#16704,(PARAMETER_VALUE(0.E0)),(PARAMETER_VALUE(1.E0)),
.T.,.UNSPECIFIED.);
#16709=COMPOSITE_CURVE_SEGMENT(.CONTINUOUS.,.T.,#16705);
#16714=TRIMMED_CURVE('',#16713,(PARAMETER_VALUE(0.E0)),(PARAMETER_VALUE(1.E0)),
.T.,.UNSPECIFIED.);
#16718=COMPOSITE_CURVE_SEGMENT(.CONTINUOUS.,.T.,#16714);
#16723=TRIMMED_CURVE('',#16722,(PARAMETER_VALUE(0.E0)),(PARAMETER_VALUE(1.E0)),
.T.,.UNSPECIFIED.);
#16727=COMPOSITE_CURVE_SEGMENT(.CONTINUOUS.,.T.,#16723);
#16732=TRIMMED_CURVE('',#16731,(PARAMETER_VALUE(0.E0)),(PARAMETER_VALUE(1.E0)),
.T.,.UNSPECIFIED.);
#16736=COMPOSITE_CURVE_SEGMENT(.CONTINUOUS.,.T.,#16732);
#16741=TRIMMED_CURVE('',#16740,(PARAMETER_VALUE(0.E0)),(PARAMETER_VALUE(1.E0)),
.T.,.UNSPECIFIED.);
#16745=COMPOSITE_CURVE_SEGMENT(.CONTINUOUS.,.T.,#16741);
#16750=TRIMMED_CURVE('',#16749,(PARAMETER_VALUE(0.E0)),(PARAMETER_VALUE(1.E0)),
.T.,.UNSPECIFIED.);
#16754=COMPOSITE_CURVE_SEGMENT(.CONTINUOUS.,.T.,#16750);
#16759=TRIMMED_CURVE('',#16758,(PARAMETER_VALUE(0.E0)),(PARAMETER_VALUE(1.E0)),
.T.,.UNSPECIFIED.);
#16763=COMPOSITE_CURVE_SEGMENT(.CONTINUOUS.,.T.,#16759);
#16768=TRIMMED_CURVE('',#16767,(PARAMETER_VALUE(0.E0)),(PARAMETER_VALUE(1.E0)),
.T.,.UNSPECIFIED.);
#16772=COMPOSITE_CURVE_SEGMENT(.CONTINUOUS.,.T.,#16768);
#16777=TRIMMED_CURVE('',#16776,(PARAMETER_VALUE(0.E0)),(PARAMETER_VALUE(1.E0)),
.T.,.UNSPECIFIED.);
#16781=COMPOSITE_CURVE_SEGMENT(.CONTINUOUS.,.T.,#16777);
#16786=TRIMMED_CURVE('',#16785,(PARAMETER_VALUE(0.E0)),(PARAMETER_VALUE(1.E0)),
.T.,.UNSPECIFIED.);
#16790=COMPOSITE_CURVE_SEGMENT(.CONTINUOUS.,.T.,#16786);
#16795=TRIMMED_CURVE('',#16794,(PARAMETER_VALUE(0.E0)),(PARAMETER_VALUE(1.E0)),
.T.,.UNSPECIFIED.);
#16799=COMPOSITE_CURVE_SEGMENT(.CONTINUOUS.,.T.,#16795);
#16804=TRIMMED_CURVE('',#16803,(PARAMETER_VALUE(0.E0)),(PARAMETER_VALUE(1.E0)),
.T.,.UNSPECIFIED.);
#16808=COMPOSITE_CURVE_SEGMENT(.CONTINUOUS.,.T.,#16804);
#16813=TRIMMED_CURVE('',#16812,(PARAMETER_VALUE(0.E0)),(PARAMETER_VALUE(1.E0)),
.T.,.UNSPECIFIED.);
#16817=COMPOSITE_CURVE_SEGMENT(.CONTINUOUS.,.T.,#16813);
#16822=TRIMMED_CURVE('',#16821,(PARAMETER_VALUE(0.E0)),(PARAMETER_VALUE(1.E0)),
.T.,.UNSPECIFIED.);
#16826=COMPOSITE_CURVE_SEGMENT(.CONTINUOUS.,.T.,#16822);
#16831=TRIMMED_CURVE('',#16830,(PARAMETER_VALUE(0.E0)),(PARAMETER_VALUE(1.E0)),
.T.,.UNSPECIFIED.);
#16835=COMPOSITE_CURVE_SEGMENT(.CONTINUOUS.,.T.,#16831);
#16840=TRIMMED_CURVE('',#16839,(PARAMETER_VALUE(0.E0)),(PARAMETER_VALUE(1.E0)),
.T.,.UNSPECIFIED.);
#16844=COMPOSITE_CURVE_SEGMENT(.CONTINUOUS.,.T.,#16840);
#16849=TRIMMED_CURVE('',#16848,(PARAMETER_VALUE(0.E0)),(PARAMETER_VALUE(1.E0)),
.T.,.UNSPECIFIED.);
#16853=COMPOSITE_CURVE_SEGMENT(.CONTINUOUS.,.T.,#16849);
#16858=TRIMMED_CURVE('',#16857,(PARAMETER_VALUE(0.E0)),(PARAMETER_VALUE(1.E0)),
.T.,.UNSPECIFIED.);
#16862=COMPOSITE_CURVE_SEGMENT(.CONTINUOUS.,.T.,#16858);
#16867=TRIMMED_CURVE('',#16866,(PARAMETER_VALUE(0.E0)),(PARAMETER_VALUE(1.E0)),
.T.,.UNSPECIFIED.);
#16871=COMPOSITE_CURVE_SEGMENT(.CONTINUOUS.,.T.,#16867);
#16876=TRIMMED_CURVE('',#16875,(PARAMETER_VALUE(0.E0)),(PARAMETER_VALUE(1.E0)),
.T.,.UNSPECIFIED.);
#16880=COMPOSITE_CURVE_SEGMENT(.CONTINUOUS.,.T.,#16876);
#16885=TRIMMED_CURVE('',#16884,(PARAMETER_VALUE(0.E0)),(PARAMETER_VALUE(1.E0)),
.T.,.UNSPECIFIED.);
#16889=COMPOSITE_CURVE_SEGMENT(.CONTINUOUS.,.T.,#16885);
#16894=TRIMMED_CURVE('',#16893,(PARAMETER_VALUE(0.E0)),(PARAMETER_VALUE(1.E0)),
.T.,.UNSPECIFIED.);
#16898=COMPOSITE_CURVE_SEGMENT(.CONTINUOUS.,.T.,#16894);
#16899=COMPOSITE_CURVE('',(#16547,#16556,#16565,#16574,#16583,#16592,#16601,
#16610,#16619,#16628,#16637,#16646,#16655,#16664,#16673,#16682,#16691,#16700,
#16709,#16718,#16727,#16736,#16745,#16754,#16763,#16772,#16781,#16790,#16799,
#16808,#16817,#16826,#16835,#16844,#16853,#16862,#16871,#16880,#16889,#16898),
.F.);
#16906=(LENGTH_UNIT()NAMED_UNIT(*)SI_UNIT(.MILLI.,.METRE.));
#16907=(NAMED_UNIT(*)PLANE_ANGLE_UNIT()SI_UNIT($,.RADIAN.));
#16910=(NAMED_UNIT(*)SI_UNIT($,.STERADIAN.)SOLID_ANGLE_UNIT());
#16912=(GEOMETRIC_REPRESENTATION_CONTEXT(3)GLOBAL_UNCERTAINTY_ASSIGNED_CONTEXT((
#16911))GLOBAL_UNIT_ASSIGNED_CONTEXT((#16906,#16909,#16910))REPRESENTATION_CONTEXT('ID3','3'));
#16916=AXIS2_PLACEMENT_3D('',#16913,#16914,#16915);
#16917=ADVANCED_BREP_SHAPE_REPRESENTATION('',(#16916,#14661),#16912);
#16921=AXIS2_PLACEMENT_3D('',#16918,#16919,#16920);
#16922=GEOMETRICALLY_BOUNDED_WIREFRAME_SHAPE_REPRESENTATION('',(#16921,#14711),
#16912);
#16923=CONSTRUCTIVE_GEOMETRY_REPRESENTATION('supplemental geometry',(#14671,
#14679,#14684,#14689,#14716),#16912);
#16927=AXIS2_PLACEMENT_3D('',#16924,#16925,#16926);
#16928=SHAPE_REPRESENTATION('',(#16927),#16912);
#16935=PRODUCT_DEFINITION('part definition','',#16934,#3846);
#16936=PRODUCT_DEFINITION_SHAPE('','SHAPE FOR TS_PUCK_KC.',#16935);
#16937=SHAPE_ASPECT('','solid data associated with TS_PUCK_KC',#16936,.F.);
#16938=PROPERTY_DEFINITION('',
'shape for solid data with which properties are associated',#16937);
#16939=SHAPE_REPRESENTATION('',(#14661),#16912);
#16940=SHAPE_DEFINITION_REPRESENTATION(#16938,#16939);
#16941=(LENGTH_UNIT()NAMED_UNIT(*)SI_UNIT(.MILLI.,.METRE.));
#16945=PROPERTY_DEFINITION('geometric validation property','area of TS_PUCK_KC',
#16937);
#16946=REPRESENTATION('surface area',(#16944),#16912);
#16947=PROPERTY_DEFINITION_REPRESENTATION(#16945,#16946);
#16948=(LENGTH_UNIT()NAMED_UNIT(*)SI_UNIT(.MILLI.,.METRE.));
#16952=PROPERTY_DEFINITION('geometric validation property',
'volume of TS_PUCK_KC',#16937);
#16953=REPRESENTATION('volume',(#16951),#16912);
#16954=PROPERTY_DEFINITION_REPRESENTATION(#16952,#16953);
#16956=PROPERTY_DEFINITION('geometric validation property',
'centroid of TS_PUCK_KC',#16937);
#16957=REPRESENTATION('centroid',(#16955),#16912);
#16958=PROPERTY_DEFINITION_REPRESENTATION(#16956,#16957);
#16959=(LENGTH_UNIT()NAMED_UNIT(*)SI_UNIT(.MILLI.,.METRE.));
#16963=PROPERTY_DEFINITION('geometric validation property','area of TS_PUCK_KC',
#16936);
#16964=REPRESENTATION('surface area',(#16962),#16912);
#16965=PROPERTY_DEFINITION_REPRESENTATION(#16963,#16964);
#16966=(LENGTH_UNIT()NAMED_UNIT(*)SI_UNIT(.MILLI.,.METRE.));
#16970=PROPERTY_DEFINITION('geometric validation property',
'volume of TS_PUCK_KC',#16936);
#16971=REPRESENTATION('volume',(#16969),#16912);
#16972=PROPERTY_DEFINITION_REPRESENTATION(#16970,#16971);
#16974=PROPERTY_DEFINITION('geometric validation property',
'centroid of TS_PUCK_KC',#16936);
#16975=REPRESENTATION('centroid',(#16973),#16912);
#16976=PROPERTY_DEFINITION_REPRESENTATION(#16974,#16975);
#16977=SHAPE_DEFINITION_REPRESENTATION(#16936,#16928);
#16985=PLANAR_BOX('',4.147375406454E1,3.499347999195E1,#16984);
#16992=CAMERA_USAGE(#16991,#16978);
#16997=PLANAR_BOX('',1.E3,8.4375E2,#16996);
#17017=PRESENTATION_AREA('',(#17016,#17021),#3893);
#17025=PROPERTY_DEFINITION('FILE_TITLE','user defined attribute',#16935);
#17029=REPRESENTATION('',(#17028),#16912);
#17030=PROPERTY_DEFINITION_REPRESENTATION(#17025,#17029);
#17031=PROPERTY_DEFINITION('MATERIAL','user defined attribute',#16935);
#17035=REPRESENTATION('',(#17034),#16912);
#17036=PROPERTY_DEFINITION_REPRESENTATION(#17031,#17035);
#17037=PROPERTY_DEFINITION('FINISH','user defined attribute',#16935);
#17041=REPRESENTATION('',(#17040),#16912);
#17042=PROPERTY_DEFINITION_REPRESENTATION(#17037,#17041);
#17043=PROPERTY_DEFINITION('REV','user defined attribute',#16935);
#17047=REPRESENTATION('',(#17046),#16912);
#17048=PROPERTY_DEFINITION_REPRESENTATION(#17043,#17047);
#17049=PROPERTY_DEFINITION('DATE','user defined attribute',#16935);
#17053=REPRESENTATION('',(#17052),#16912);
#17054=PROPERTY_DEFINITION_REPRESENTATION(#17049,#17053);
#17055=PROPERTY_DEFINITION('DESIGNER','user defined attribute',#16935);
#17059=REPRESENTATION('',(#17058),#16912);
#17060=PROPERTY_DEFINITION_REPRESENTATION(#17055,#17059);
#17061=PROPERTY_DEFINITION('PROJECT','user defined attribute',#16935);
#17065=REPRESENTATION('',(#17064),#16912);
#17066=PROPERTY_DEFINITION_REPRESENTATION(#17061,#17065);
#17067=PROPERTY_DEFINITION('APPROVER_1','user defined attribute',#16935);
#17071=REPRESENTATION('',(#17070),#16912);
#17072=PROPERTY_DEFINITION_REPRESENTATION(#17067,#17071);
#17073=PROPERTY_DEFINITION('APPROVER_2','user defined attribute',#16935);
#17077=REPRESENTATION('',(#17076),#16912);
#17078=PROPERTY_DEFINITION_REPRESENTATION(#17073,#17077);
#17079=PROPERTY_DEFINITION('SURFACE_FINISH','user defined attribute',#16935);
#17083=REPRESENTATION('',(#17082),#16912);
#17084=PROPERTY_DEFINITION_REPRESENTATION(#17079,#17083);
#17085=PROPERTY_DEFINITION('TOL_0X','user defined attribute',#16935);
#17089=REPRESENTATION('',(#17088),#16912);
#17090=PROPERTY_DEFINITION_REPRESENTATION(#17085,#17089);
#17091=PROPERTY_DEFINITION('TOL_00X','user defined attribute',#16935);
#17095=REPRESENTATION('',(#17094),#16912);
#17096=PROPERTY_DEFINITION_REPRESENTATION(#17091,#17095);
#17097=PROPERTY_DEFINITION('TOL_ANG','user defined attribute',#16935);
#17101=REPRESENTATION('',(#17100),#16912);
#17102=PROPERTY_DEFINITION_REPRESENTATION(#17097,#17101);
#17103=PROPERTY_DEFINITION('VENDOR','user defined attribute',#16935);
#17107=REPRESENTATION('',(#17106),#16912);
#17108=PROPERTY_DEFINITION_REPRESENTATION(#17103,#17107);
#17109=PROPERTY_DEFINITION('VENDOR_PN','user defined attribute',#16935);
#17113=REPRESENTATION('',(#17112),#16912);
#17114=PROPERTY_DEFINITION_REPRESENTATION(#17109,#17113);
#17115=PROPERTY_DEFINITION('KLAT_PN','user defined attribute',#16935);
#17119=REPRESENTATION('',(#17118),#16912);
#17120=PROPERTY_DEFINITION_REPRESENTATION(#17115,#17119);
#17121=PROPERTY_DEFINITION('PDMREV','user defined attribute',#16935);
#17125=REPRESENTATION('',(#17124),#16912);
#17126=PROPERTY_DEFINITION_REPRESENTATION(#17121,#17125);
#17127=PROPERTY_DEFINITION('PDMDB','user defined attribute',#16935);
#17131=REPRESENTATION('',(#17130),#16912);
#17132=PROPERTY_DEFINITION_REPRESENTATION(#17127,#17131);
#17133=PROPERTY_DEFINITION('PDMRL','user defined attribute',#16935);
#17137=REPRESENTATION('',(#17136),#16912);
#17138=PROPERTY_DEFINITION_REPRESENTATION(#17133,#17137);
#17139=PROPERTY_DEFINITION('PROI_REVISION','user defined attribute',#16935);
#17143=REPRESENTATION('',(#17142),#16912);
#17144=PROPERTY_DEFINITION_REPRESENTATION(#17139,#17143);
#17145=PROPERTY_DEFINITION('PROI_VERSION','user defined attribute',#16935);
#17149=REPRESENTATION('',(#17148),#16912);
#17150=PROPERTY_DEFINITION_REPRESENTATION(#17145,#17149);
#17151=PROPERTY_DEFINITION('PROI_BRANCH','user defined attribute',#16935);
#17155=REPRESENTATION('',(#17154),#16912);
#17156=PROPERTY_DEFINITION_REPRESENTATION(#17151,#17155);
#17157=PROPERTY_DEFINITION('PROI_RELEASE','user defined attribute',#16935);
#17161=REPRESENTATION('',(#17160),#16912);
#17162=PROPERTY_DEFINITION_REPRESENTATION(#17157,#17161);
#17163=PROPERTY_DEFINITION('PTC_MODIFIED','user defined attribute',#16935);
#17167=REPRESENTATION('',(#17166),#16912);
#17168=PROPERTY_DEFINITION_REPRESENTATION(#17163,#17167);
#17170=REPRESENTATION('',(#17169),#16912);
#17171=PROPERTY_DEFINITION('attribute type designation','Yes No',#17164);
#17172=PROPERTY_DEFINITION_REPRESENTATION(#17171,#17170);
#17173=PROPERTY_DEFINITION('PTC_WM_REVISION','user defined attribute',#16935);
#17177=REPRESENTATION('',(#17176),#16912);
#17178=PROPERTY_DEFINITION_REPRESENTATION(#17173,#17177);
#17179=PROPERTY_DEFINITION('PTC_WM_ITERATION','user defined attribute',#16935);
#17183=REPRESENTATION('',(#17182),#16912);
#17184=PROPERTY_DEFINITION_REPRESENTATION(#17179,#17183);
#17185=PROPERTY_DEFINITION('PTC_WM_VERSION','user defined attribute',#16935);
#17189=REPRESENTATION('',(#17188),#16912);
#17190=PROPERTY_DEFINITION_REPRESENTATION(#17185,#17189);
#17191=PROPERTY_DEFINITION('PTC_WM_LIFECYCLE_STATE','user defined attribute',
#16935);
#17195=REPRESENTATION('',(#17194),#16912);
#17196=PROPERTY_DEFINITION_REPRESENTATION(#17191,#17195);
#17197=PROPERTY_DEFINITION('PTC_WM_LIFECYCLE','user defined attribute',#16935);
#17201=REPRESENTATION('',(#17200),#16912);
#17202=PROPERTY_DEFINITION_REPRESENTATION(#17197,#17201);
#17203=PROPERTY_DEFINITION('PTC_WM_LOCATION','user defined attribute',#16935);
#17207=REPRESENTATION('',(#17206),#16912);
#17208=PROPERTY_DEFINITION_REPRESENTATION(#17203,#17207);
#17209=PROPERTY_DEFINITION('PTC_WM_CREATED_BY','user defined attribute',#16935);
#17213=REPRESENTATION('',(#17212),#16912);
#17214=PROPERTY_DEFINITION_REPRESENTATION(#17209,#17213);
#17215=PROPERTY_DEFINITION('PTC_WM_CREATED_ON','user defined attribute',#16935);
#17219=REPRESENTATION('',(#17218),#16912);
#17220=PROPERTY_DEFINITION_REPRESENTATION(#17215,#17219);
#17221=PROPERTY_DEFINITION('PTC_WM_MODIFIED_BY','user defined attribute',
#16935);
#17225=REPRESENTATION('',(#17224),#16912);
#17226=PROPERTY_DEFINITION_REPRESENTATION(#17221,#17225);
#17227=PROPERTY_DEFINITION('PTC_WM_MODIFIED_ON','user defined attribute',
#16935);
#17231=REPRESENTATION('',(#17230),#16912);
#17232=PROPERTY_DEFINITION_REPRESENTATION(#17227,#17231);
#17233=PROPERTY_DEFINITION('PTC_WM_TEAM','user defined attribute',#16935);
#17237=REPRESENTATION('',(#17236),#16912);
#17238=PROPERTY_DEFINITION_REPRESENTATION(#17233,#17237);
#17239=PROPERTY_DEFINITION('PTC_WM_NAME','user defined attribute',#16935);
#17243=REPRESENTATION('',(#17242),#16912);
#17244=PROPERTY_DEFINITION_REPRESENTATION(#17239,#17243);
#17245=PROPERTY_DEFINITION('PTC_WM_NUMBER','user defined attribute',#16935);
#17249=REPRESENTATION('',(#17248),#16912);
#17250=PROPERTY_DEFINITION_REPRESENTATION(#17245,#17249);
#17251=PROPERTY_DEFINITION('PTC_ORGANIZATION_ID','user defined attribute',
#16935);
#17255=REPRESENTATION('',(#17254),#16912);
#17256=PROPERTY_DEFINITION_REPRESENTATION(#17251,#17255);
#17257=PROPERTY_DEFINITION('PTC_MASTER_MATERIAL','user defined attribute',
#16935);
#17261=REPRESENTATION('',(#17260),#16912);
#17262=PROPERTY_DEFINITION_REPRESENTATION(#17257,#17261);
#17265=NEXT_ASSEMBLY_USAGE_OCCURRENCE('1','Next assembly relationship',
'TS_PUCK_KC',#17299,#16935,$);
#17266=PRODUCT_DEFINITION_SHAPE('Placement #1',
'Placement of TS_PUCK_KC with respect to ASPE2025KC_ASM',#17265);
#17268=PROPERTY_DEFINITION('geometric validation property',
'centroid of TS_PUCK_KC',#17266);
#17269=REPRESENTATION('centroid',(#17267),#16912);
#17270=PROPERTY_DEFINITION_REPRESENTATION(#17268,#17269);
#17281=(LENGTH_UNIT()NAMED_UNIT(*)SI_UNIT(.MILLI.,.METRE.));
#17282=(NAMED_UNIT(*)PLANE_ANGLE_UNIT()SI_UNIT($,.RADIAN.));
#17285=(NAMED_UNIT(*)SI_UNIT($,.STERADIAN.)SOLID_ANGLE_UNIT());
#17287=(GEOMETRIC_REPRESENTATION_CONTEXT(3)GLOBAL_UNCERTAINTY_ASSIGNED_CONTEXT((
#17286))GLOBAL_UNIT_ASSIGNED_CONTEXT((#17281,#17284,#17285))REPRESENTATION_CONTEXT('ID4','3'));
#17288=CONSTRUCTIVE_GEOMETRY_REPRESENTATION('supplemental geometry',(#47,#52,
#57,#61),#17287);
#17292=AXIS2_PLACEMENT_3D('',#17289,#17290,#17291);
#17299=PRODUCT_DEFINITION('part definition','',#17298,#17295);
#17300=(LENGTH_UNIT()NAMED_UNIT(*)SI_UNIT(.MILLI.,.METRE.));
#17304=PROPERTY_DEFINITION('geometric validation property',
'area of ASPE2025KC_ASM',#4182);
#17305=REPRESENTATION('surface area',(#17303),#17287);
#17306=PROPERTY_DEFINITION_REPRESENTATION(#17304,#17305);
#17307=(LENGTH_UNIT()NAMED_UNIT(*)SI_UNIT(.MILLI.,.METRE.));
#17311=PROPERTY_DEFINITION('geometric validation property',
'volume of ASPE2025KC_ASM',#4182);
#17312=REPRESENTATION('volume',(#17310),#17287);
#17313=PROPERTY_DEFINITION_REPRESENTATION(#17311,#17312);
#17315=PROPERTY_DEFINITION('geometric validation property',
'centroid of ASPE2025KC_ASM',#4182);
#17316=REPRESENTATION('centroid',(#17314),#17287);
#17317=PROPERTY_DEFINITION_REPRESENTATION(#17315,#17316);
#17326=PLANAR_BOX('',6.226088065858E1,5.253261805568E1,#17325);
#17333=CAMERA_USAGE(#17332,#17319);
#17338=PLANAR_BOX('',1.E3,8.4375E2,#17337);
#17358=PRESENTATION_AREA('',(#17357,#17362),#3893);
#17366=PROPERTY_DEFINITION('DESIGNER','user defined attribute',#17299);
#17370=REPRESENTATION('',(#17369),#17287);
#17371=PROPERTY_DEFINITION_REPRESENTATION(#17366,#17370);
#17372=PROPERTY_DEFINITION('PROJECT','user defined attribute',#17299);
#17376=REPRESENTATION('',(#17375),#17287);
#17377=PROPERTY_DEFINITION_REPRESENTATION(#17372,#17376);
#17378=PROPERTY_DEFINITION('FILE_TITLE','user defined attribute',#17299);
#17382=REPRESENTATION('',(#17381),#17287);
#17383=PROPERTY_DEFINITION_REPRESENTATION(#17378,#17382);
#17384=PROPERTY_DEFINITION('REV','user defined attribute',#17299);
#17388=REPRESENTATION('',(#17387),#17287);
#17389=PROPERTY_DEFINITION_REPRESENTATION(#17384,#17388);
#17390=PROPERTY_DEFINITION('APPROVER_1','user defined attribute',#17299);
#17394=REPRESENTATION('',(#17393),#17287);
#17395=PROPERTY_DEFINITION_REPRESENTATION(#17390,#17394);
#17396=PROPERTY_DEFINITION('APPROVER_2','user defined attribute',#17299);
#17400=REPRESENTATION('',(#17399),#17287);
#17401=PROPERTY_DEFINITION_REPRESENTATION(#17396,#17400);
#17402=PROPERTY_DEFINITION('SURFACE_FINISH','user defined attribute',#17299);
#17406=REPRESENTATION('',(#17405),#17287);
#17407=PROPERTY_DEFINITION_REPRESENTATION(#17402,#17406);
#17408=PROPERTY_DEFINITION('TOL_0X','user defined attribute',#17299);
#17412=REPRESENTATION('',(#17411),#17287);
#17413=PROPERTY_DEFINITION_REPRESENTATION(#17408,#17412);
#17414=PROPERTY_DEFINITION('TOL_00X','user defined attribute',#17299);
#17418=REPRESENTATION('',(#17417),#17287);
#17419=PROPERTY_DEFINITION_REPRESENTATION(#17414,#17418);
#17420=PROPERTY_DEFINITION('TOL_ANG','user defined attribute',#17299);
#17424=REPRESENTATION('',(#17423),#17287);
#17425=PROPERTY_DEFINITION_REPRESENTATION(#17420,#17424);
#17426=PROPERTY_DEFINITION('MATERIAL','user defined attribute',#17299);
#17430=REPRESENTATION('',(#17429),#17287);
#17431=PROPERTY_DEFINITION_REPRESENTATION(#17426,#17430);
#17432=PROPERTY_DEFINITION('FINISH','user defined attribute',#17299);
#17436=REPRESENTATION('',(#17435),#17287);
#17437=PROPERTY_DEFINITION_REPRESENTATION(#17432,#17436);
#17438=PROPERTY_DEFINITION('VENDOR','user defined attribute',#17299);
#17442=REPRESENTATION('',(#17441),#17287);
#17443=PROPERTY_DEFINITION_REPRESENTATION(#17438,#17442);
#17444=PROPERTY_DEFINITION('VENDOR_PN','user defined attribute',#17299);
#17448=REPRESENTATION('',(#17447),#17287);
#17449=PROPERTY_DEFINITION_REPRESENTATION(#17444,#17448);
#17450=PROPERTY_DEFINITION('PDMREV','user defined attribute',#17299);
#17454=REPRESENTATION('',(#17453),#17287);
#17455=PROPERTY_DEFINITION_REPRESENTATION(#17450,#17454);
#17456=PROPERTY_DEFINITION('PDMDB','user defined attribute',#17299);
#17460=REPRESENTATION('',(#17459),#17287);
#17461=PROPERTY_DEFINITION_REPRESENTATION(#17456,#17460);
#17462=PROPERTY_DEFINITION('PDMRL','user defined attribute',#17299);
#17466=REPRESENTATION('',(#17465),#17287);
#17467=PROPERTY_DEFINITION_REPRESENTATION(#17462,#17466);
#17468=PROPERTY_DEFINITION('PROI_REVISION','user defined attribute',#17299);
#17472=REPRESENTATION('',(#17471),#17287);
#17473=PROPERTY_DEFINITION_REPRESENTATION(#17468,#17472);
#17474=PROPERTY_DEFINITION('PROI_VERSION','user defined attribute',#17299);
#17478=REPRESENTATION('',(#17477),#17287);
#17479=PROPERTY_DEFINITION_REPRESENTATION(#17474,#17478);
#17480=PROPERTY_DEFINITION('PROI_BRANCH','user defined attribute',#17299);
#17484=REPRESENTATION('',(#17483),#17287);
#17485=PROPERTY_DEFINITION_REPRESENTATION(#17480,#17484);
#17486=PROPERTY_DEFINITION('PROI_RELEASE','user defined attribute',#17299);
#17490=REPRESENTATION('',(#17489),#17287);
#17491=PROPERTY_DEFINITION_REPRESENTATION(#17486,#17490);
#17492=PROPERTY_DEFINITION('PTC_MODIFIED','user defined attribute',#17299);
#17496=REPRESENTATION('',(#17495),#17287);
#17497=PROPERTY_DEFINITION_REPRESENTATION(#17492,#17496);
#17499=REPRESENTATION('',(#17498),#17287);
#17500=PROPERTY_DEFINITION('attribute type designation','Yes No',#17493);
#17501=PROPERTY_DEFINITION_REPRESENTATION(#17500,#17499);
#17502=PROPERTY_DEFINITION('PROI_CREATED_BY','user defined attribute',#17299);
#17506=REPRESENTATION('',(#17505),#17287);
#17507=PROPERTY_DEFINITION_REPRESENTATION(#17502,#17506);
#17508=PROPERTY_DEFINITION('PROI_CREATED_ON','user defined attribute',#17299);
#17512=REPRESENTATION('',(#17511),#17287);
#17513=PROPERTY_DEFINITION_REPRESENTATION(#17508,#17512);
#17514=PROPERTY_DEFINITION('PROI_LOCATION','user defined attribute',#17299);
#17518=REPRESENTATION('',(#17517),#17287);
#17519=PROPERTY_DEFINITION_REPRESENTATION(#17514,#17518);
#17520=PROPERTY_DEFINITION('BENENNUNG','user defined attribute',#17299);
#17524=REPRESENTATION('',(#17523),#17287);
#17525=PROPERTY_DEFINITION_REPRESENTATION(#17520,#17524);
#17526=PROPERTY_DEFINITION('KLAT_PN','user defined attribute',#17299);
#17530=REPRESENTATION('',(#17529),#17287);
#17531=PROPERTY_DEFINITION_REPRESENTATION(#17526,#17530);
#17532=PROPERTY_DEFINITION('PTC_WM_ITERATION','user defined attribute',#17299);
#17536=REPRESENTATION('',(#17535),#17287);
#17537=PROPERTY_DEFINITION_REPRESENTATION(#17532,#17536);
#17538=PROPERTY_DEFINITION('PTC_WM_VERSION','user defined attribute',#17299);
#17542=REPRESENTATION('',(#17541),#17287);
#17543=PROPERTY_DEFINITION_REPRESENTATION(#17538,#17542);
#17544=PROPERTY_DEFINITION('PTC_WM_CREATED_ON','user defined attribute',#17299);
#17548=REPRESENTATION('',(#17547),#17287);
#17549=PROPERTY_DEFINITION_REPRESENTATION(#17544,#17548);
#17550=PROPERTY_DEFINITION('PTC_WM_MODIFIED_ON','user defined attribute',
#17299);
#17554=REPRESENTATION('',(#17553),#17287);
#17555=PROPERTY_DEFINITION_REPRESENTATION(#17550,#17554);
#17556=PROPERTY_DEFINITION('PTC_WM_NAME','user defined attribute',#17299);
#17560=REPRESENTATION('',(#17559),#17287);
#17561=PROPERTY_DEFINITION_REPRESENTATION(#17556,#17560);
#17562=PROPERTY_DEFINITION('PTC_WM_NUMBER','user defined attribute',#17299);
#17566=REPRESENTATION('',(#17565),#17287);
#17567=PROPERTY_DEFINITION_REPRESENTATION(#17562,#17566);
#17568=PROPERTY_DEFINITION('PTC_WM_LIFECYCLE_STATE','user defined attribute',
#17299);
#17572=REPRESENTATION('',(#17571),#17287);
#17573=PROPERTY_DEFINITION_REPRESENTATION(#17568,#17572);
#17574=PROPERTY_DEFINITION('PTC_WM_LIFECYCLE','user defined attribute',#17299);
#17578=REPRESENTATION('',(#17577),#17287);
#17579=PROPERTY_DEFINITION_REPRESENTATION(#17574,#17578);
#17580=PROPERTY_DEFINITION('PTC_WM_REVISION','user defined attribute',#17299);
#17584=REPRESENTATION('',(#17583),#17287);
#17585=PROPERTY_DEFINITION_REPRESENTATION(#17580,#17584);
#17586=PROPERTY_DEFINITION('PTC_WM_CREATED_BY','user defined attribute',#17299);
#17590=REPRESENTATION('',(#17589),#17287);
#17591=PROPERTY_DEFINITION_REPRESENTATION(#17586,#17590);
#17592=PROPERTY_DEFINITION('PTC_WM_MODIFIED_BY','user defined attribute',
#17299);
#17596=REPRESENTATION('',(#17595),#17287);
#17597=PROPERTY_DEFINITION_REPRESENTATION(#17592,#17596);
#17598=PROPERTY_DEFINITION('PTC_ORGANIZATION_ID','user defined attribute',
#17299);
#17602=REPRESENTATION('',(#17601),#17287);
#17603=PROPERTY_DEFINITION_REPRESENTATION(#17598,#17602);
#17604=PROPERTY_DEFINITION('PTC_WM_LOCATION','user defined attribute',#17299);
#17608=REPRESENTATION('',(#17607),#17287);
#17609=PROPERTY_DEFINITION_REPRESENTATION(#17604,#17608);
#17610=PROPERTY_DEFINITION('PTC_UNITS_LENGTH','user defined attribute',#17299);
#17614=REPRESENTATION('',(#17613),#17287);
#17615=PROPERTY_DEFINITION_REPRESENTATION(#17610,#17614);
#17616=PROPERTY_DEFINITION('PTC_UNITS_MASS','user defined attribute',#17299);
#17620=REPRESENTATION('',(#17619),#17287);
#17621=PROPERTY_DEFINITION_REPRESENTATION(#17616,#17620);
#17622=PROPERTY_DEFINITION('PTC_UNITS_FORCE','user defined attribute',#17299);
#17626=REPRESENTATION('',(#17625),#17287);
#17627=PROPERTY_DEFINITION_REPRESENTATION(#17622,#17626);
#17628=PROPERTY_DEFINITION('PTC_UNITS_TIME','user defined attribute',#17299);
#17632=REPRESENTATION('',(#17631),#17287);
#17633=PROPERTY_DEFINITION_REPRESENTATION(#17628,#17632);
#17634=PROPERTY_DEFINITION('PTC_UNITS_TEMPERATURE','user defined attribute',
#17299);
#17638=REPRESENTATION('',(#17637),#17287);
#17639=PROPERTY_DEFINITION_REPRESENTATION(#17634,#17638);
#17640=PROPERTY_DEFINITION('PTC_UNITS_SYSTEM_TYPE','user defined attribute',
#17299);
#17644=REPRESENTATION('',(#17643),#17287);
#17645=PROPERTY_DEFINITION_REPRESENTATION(#17640,#17644);
ENDSEC;
END-ISO-10303-21;
